{
  "file_id": "F001",
  "participant_id": "1#09-10-68#",
  "group_label": "trained_over_3_years",
  "group_label_raw": "trained_over_3_years",
  "sr_hz_used": 256,
  "duration_s": 641.953125,
  "good_window_frac": 0.2476489028213166,
  "features_median": {
    "alpha_abs_AF7": 6.727302032104045,
    "alpha_abs_AF8": 6.721806909081199,
    "alpha_abs_TP10": 33.08605561030416,
    "alpha_abs_TP9": 32.23317426477014,
    "alpha_rel_AF7": 0.07854613131068562,
    "alpha_rel_AF8": 0.08651469242536507,
    "alpha_rel_TP10": 0.14740602322382462,
    "alpha_rel_TP9": 0.1251382025138866,
    "beta_abs_AF7": 10.756584158577956,
    "beta_abs_AF8": 10.913464943647295,
    "beta_abs_TP10": 32.480690847023,
    "beta_abs_TP9": 45.95726913064867,
    "beta_rel_AF7": 0.12968344372157517,
    "beta_rel_AF8": 0.1662661354040365,
    "beta_rel_TP10": 0.12230106736481454,
    "beta_rel_TP9": 0.13559139228138165,
    "delta_abs_AF7": 40.71542790980146,
    "delta_abs_AF8": 26.126871512765398,
    "delta_abs_TP10": 66.49415078952654,
    "delta_abs_TP9": 107.53590902471895,
    "delta_rel_AF7": 0.4604269875690605,
    "delta_rel_AF8": 0.37291937318075247,
    "delta_rel_TP10": 0.32188804569422785,
    "delta_rel_TP9": 0.3588027086687883,
    "frontal_alpha_asym": 0.08118548972220596,
    "gamma_abs_AF7": 3.3851786975249256,
    "gamma_abs_AF8": 2.9525037342795195,
    "gamma_abs_TP10": 7.719111653139058,
    "gamma_abs_TP9": 11.684492356492951,
    "gamma_rel_AF7": 0.04584049115334732,
    "gamma_rel_AF8": 0.04410465386674422,
    "gamma_rel_TP10": 0.0311291847743679,
    "gamma_rel_TP9": 0.03707696999246267,
    "hjorth_activity_AF7": 101.81892824224917,
    "hjorth_activity_AF8": 74.92295873405972,
    "hjorth_activity_TP10": 243.01611661964546,
    "hjorth_activity_TP9": 339.09103908366524,
    "hjorth_complexity_AF7": 2.498601585270599,
    "hjorth_complexity_AF8": 2.3401096181577143,
    "hjorth_complexity_TP10": 2.4161158493111476,
    "hjorth_complexity_TP9": 2.4195000444813646,
    "hjorth_mobility_AF7": 0.27484863392491227,
    "hjorth_mobility_AF8": 0.28811881587384575,
    "hjorth_mobility_TP10": 0.26642290105270167,
    "hjorth_mobility_TP9": 0.2701580032809464,
    "theta_abs_AF7": 13.912012740153067,
    "theta_abs_AF8": 10.126157328789049,
    "theta_abs_TP10": 34.750202585712955,
    "theta_abs_TP9": 46.05642337882765,
    "theta_alpha_ratio_AF7": 1.7676782221446126,
    "theta_alpha_ratio_AF8": 1.4946183022639625,
    "theta_alpha_ratio_TP10": 0.9741250468672364,
    "theta_alpha_ratio_TP9": 1.1459985200417093,
    "theta_beta_ratio_AF7": 1.035112754073832,
    "theta_beta_ratio_AF8": 0.8537524396680949,
    "theta_beta_ratio_TP10": 1.1432888862375243,
    "theta_beta_ratio_TP9": 1.228491840151478,
    "theta_rel_AF7": 0.13644456780390304,
    "theta_rel_AF8": 0.13167911899866996,
    "theta_rel_TP10": 0.14373855653730988,
    "theta_rel_TP9": 0.15194278394881153
  },
  "features_iqr": {
    "alpha_abs_AF7": 8.171947360638743,
    "alpha_abs_AF8": 6.982960349355053,
    "alpha_abs_TP10": 16.15707318693344,
    "alpha_abs_TP9": 39.07016852286079,
    "alpha_rel_AF7": 0.0542594934721739,
    "alpha_rel_AF8": 0.03949430571491591,
    "alpha_rel_TP10": 0.0836902175150667,
    "alpha_rel_TP9": 0.06353563034540438,
    "beta_abs_AF7": 17.336939061254952,
    "beta_abs_AF8": 23.000723300743,
    "beta_abs_TP10": 18.258151633089376,
    "beta_abs_TP9": 30.949471894990655,
    "beta_rel_AF7": 0.07076754008378303,
    "beta_rel_AF8": 0.08118424425718716,
    "beta_rel_TP10": 0.07826648144838778,
    "beta_rel_TP9": 0.06725898774353573,
    "delta_abs_AF7": 54.698932413553855,
    "delta_abs_AF8": 37.73423453150045,
    "delta_abs_TP10": 139.0013601622032,
    "delta_abs_TP9": 132.8501075055537,
    "delta_rel_AF7": 0.23667273122550758,
    "delta_rel_AF8": 0.18008742996852545,
    "delta_rel_TP10": 0.24821189509147643,
    "delta_rel_TP9": 0.1794855699074921,
    "frontal_alpha_asym": 0.49317351359384765,
    "gamma_abs_AF7": 7.362729606371952,
    "gamma_abs_AF8": 6.184992500615339,
    "gamma_abs_TP10": 5.106452777515088,
    "gamma_abs_TP9": 9.797857289852521,
    "gamma_rel_AF7": 0.03083233648103461,
    "gamma_rel_AF8": 0.028784463132245648,
    "gamma_rel_TP10": 0.024011142595149044,
    "gamma_rel_TP9": 0.03445665330437439,
    "hjorth_activity_AF7": 123.48911084170668,
    "hjorth_activity_AF8": 130.26783753613523,
    "hjorth_activity_TP10": 242.82837361429085,
    "hjorth_activity_TP9": 341.9288689583739,
    "hjorth_complexity_AF7": 0.8075793062189418,
    "hjorth_complexity_AF8": 0.49106343375271644,
    "hjorth_complexity_TP10": 0.8443800189750514,
    "hjorth_complexity_TP9": 0.576728724328365,
    "hjorth_mobility_AF7": 0.08501402071515063,
    "hjorth_mobility_AF8": 0.06970147448327074,
    "hjorth_mobility_TP10": 0.09020080979830097,
    "hjorth_mobility_TP9": 0.0750974695983993,
    "theta_abs_AF7": 11.554092823721199,
    "theta_abs_AF8": 9.319831596592179,
    "theta_abs_TP10": 28.205449913319622,
    "theta_abs_TP9": 40.976933514298956,
    "theta_alpha_ratio_AF7": 1.0190039085539029,
    "theta_alpha_ratio_AF8": 0.7906965240182529,
    "theta_alpha_ratio_TP10": 0.7909006603244755,
    "theta_alpha_ratio_TP9": 0.9762110110781923,
    "theta_beta_ratio_AF7": 0.8420974566709294,
    "theta_beta_ratio_AF8": 0.48485195345044074,
    "theta_beta_ratio_TP10": 0.5893407045234313,
    "theta_beta_ratio_TP9": 0.9143557234505507,
    "theta_rel_AF7": 0.08333396514011257,
    "theta_rel_AF8": 0.06130335927495059,
    "theta_rel_TP10": 0.07744272955394124,
    "theta_rel_TP9": 0.07085483200098254
  }
}