{
  "file_id": "F002",
  "participant_id": "2#09-10-68#",
  "group_label": "meditation_master_or_instructor",
  "group_label_raw": "meditation_master_or_instructor",
  "sr_hz_used": 256,
  "duration_s": 307.265625,
  "good_window_frac": 0.6710526315789473,
  "features_median": {
    "alpha_abs_AF7": 3.741187317773934,
    "alpha_abs_AF8": 7.605742962611123,
    "alpha_abs_TP10": 22.00849234554277,
    "alpha_abs_TP9": 22.994164856213786,
    "alpha_rel_AF7": 0.09096292773411402,
    "alpha_rel_AF8": 0.037258373913202664,
    "alpha_rel_TP10": 0.3451259496793939,
    "alpha_rel_TP9": 0.3546484901640893,
    "beta_abs_AF7": 4.382464911664458,
    "beta_abs_AF8": 14.425045233728824,
    "beta_abs_TP10": 6.321986876327435,
    "beta_abs_TP9": 6.422618222851,
    "beta_rel_AF7": 0.10924206470625125,
    "beta_rel_AF8": 0.0597015469926622,
    "beta_rel_TP10": 0.10633445418372445,
    "beta_rel_TP9": 0.1078616622331421,
    "delta_abs_AF7": 16.625597775151036,
    "delta_abs_AF8": 142.95716305068026,
    "delta_abs_TP10": 10.009444091244639,
    "delta_abs_TP9": 12.292998225912534,
    "delta_rel_AF7": 0.45809808617890785,
    "delta_rel_AF8": 0.5912398310783034,
    "delta_rel_TP10": 0.20202095849579227,
    "delta_rel_TP9": 0.2052878983334403,
    "frontal_alpha_asym": -0.7660989022709402,
    "gamma_abs_AF7": 1.2108098650336447,
    "gamma_abs_AF8": 4.277458068331844,
    "gamma_abs_TP10": 2.3176736962072355,
    "gamma_abs_TP9": 2.0942719140143753,
    "gamma_rel_AF7": 0.03177717711844533,
    "gamma_rel_AF8": 0.01637813518440538,
    "gamma_rel_TP10": 0.039586393294504765,
    "gamma_rel_TP9": 0.03947376304392233,
    "hjorth_activity_AF7": 43.60127065062739,
    "hjorth_activity_AF8": 272.36460638080746,
    "hjorth_activity_TP10": 57.255584703689784,
    "hjorth_activity_TP9": 61.47501549834918,
    "hjorth_complexity_AF7": 2.6975080677600936,
    "hjorth_complexity_AF8": 3.649966085017436,
    "hjorth_complexity_TP10": 2.19553188042141,
    "hjorth_complexity_TP9": 2.1821106023461683,
    "hjorth_mobility_AF7": 0.24871226764625734,
    "hjorth_mobility_AF8": 0.19014721495632864,
    "hjorth_mobility_TP10": 0.29093019955329924,
    "hjorth_mobility_TP9": 0.2882198022121623,
    "theta_abs_AF7": 6.234797015690709,
    "theta_abs_AF8": 27.362686373052984,
    "theta_abs_TP10": 7.488764279625603,
    "theta_abs_TP9": 8.289923910062559,
    "theta_alpha_ratio_AF7": 1.8796509273870412,
    "theta_alpha_ratio_AF8": 3.2573722627837585,
    "theta_alpha_ratio_TP10": 0.4215741662277923,
    "theta_alpha_ratio_TP9": 0.39734237600605404,
    "theta_beta_ratio_AF7": 1.4068921239629957,
    "theta_beta_ratio_AF8": 1.9590765877624599,
    "theta_beta_ratio_TP10": 1.1972747839185356,
    "theta_beta_ratio_TP9": 1.2362262373456727,
    "theta_rel_AF7": 0.15986022512293802,
    "theta_rel_AF8": 0.11939648585191764,
    "theta_rel_TP10": 0.1435665780766647,
    "theta_rel_TP9": 0.13978610694293886
  },
  "features_iqr": {
    "alpha_abs_AF7": 3.380305856237092,
    "alpha_abs_AF8": 5.554201390423097,
    "alpha_abs_TP10": 19.544212273547974,
    "alpha_abs_TP9": 19.346772458275804,
    "alpha_rel_AF7": 0.06094448263547342,
    "alpha_rel_AF8": 0.03202359506960559,
    "alpha_rel_TP10": 0.18935996693980267,
    "alpha_rel_TP9": 0.1686229944740888,
    "beta_abs_AF7": 2.698095450876878,
    "beta_abs_AF8": 7.601038570339377,
    "beta_abs_TP10": 1.8231278270131188,
    "beta_abs_TP9": 2.034904262906582,
    "beta_rel_AF7": 0.04874015750714478,
    "beta_rel_AF8": 0.06199180965824682,
    "beta_rel_TP10": 0.06556871114890009,
    "beta_rel_TP9": 0.058689456654827526,
    "delta_abs_AF7": 10.886753164584823,
    "delta_abs_AF8": 238.90978108240023,
    "delta_abs_TP10": 11.748635731263537,
    "delta_abs_TP9": 13.288030904149103,
    "delta_rel_AF7": 0.2549249429051819,
    "delta_rel_AF8": 0.24644462892314023,
    "delta_rel_TP10": 0.1022099672278495,
    "delta_rel_TP9": 0.08474615751758563,
    "frontal_alpha_asym": 0.7812539809948547,
    "gamma_abs_AF7": 0.42521850906137626,
    "gamma_abs_AF8": 1.9470840416784476,
    "gamma_abs_TP10": 0.6879875875407091,
    "gamma_abs_TP9": 1.2235235877738149,
    "gamma_rel_AF7": 0.015503067538236062,
    "gamma_rel_AF8": 0.015150473368786442,
    "gamma_rel_TP10": 0.018767624068649368,
    "gamma_rel_TP9": 0.02016890641536969,
    "hjorth_activity_AF7": 20.79639734498717,
    "hjorth_activity_AF8": 326.07480691050745,
    "hjorth_activity_TP10": 37.512867090814275,
    "hjorth_activity_TP9": 39.16305982631661,
    "hjorth_complexity_AF7": 0.6001779372312135,
    "hjorth_complexity_AF8": 1.4861143705609505,
    "hjorth_complexity_TP10": 0.298303505159526,
    "hjorth_complexity_TP9": 0.2912478008503383,
    "hjorth_mobility_AF7": 0.04155370213977044,
    "hjorth_mobility_AF8": 0.08358963636782829,
    "hjorth_mobility_TP10": 0.051185064890533705,
    "hjorth_mobility_TP9": 0.04782733756046814,
    "theta_abs_AF7": 6.1138011927496905,
    "theta_abs_AF8": 23.97403335420156,
    "theta_abs_TP10": 6.270333843616558,
    "theta_abs_TP9": 6.579702689985382,
    "theta_alpha_ratio_AF7": 1.1613105091242983,
    "theta_alpha_ratio_AF8": 2.0372723482993687,
    "theta_alpha_ratio_TP10": 0.6046295986072878,
    "theta_alpha_ratio_TP9": 0.3489793824737105,
    "theta_beta_ratio_AF7": 1.020036623292111,
    "theta_beta_ratio_AF8": 1.3353322157181726,
    "theta_beta_ratio_TP10": 0.9910735891553741,
    "theta_beta_ratio_TP9": 0.7231289944143072,
    "theta_rel_AF7": 0.09862491678881917,
    "theta_rel_AF8": 0.08209719015107474,
    "theta_rel_TP10": 0.06665037087795053,
    "theta_rel_TP9": 0.06639263593640315
  }
}