{
  "file_id": "F003",
  "participant_id": "3#09-10-68#",
  "group_label": "beginner",
  "group_label_raw": "beginner",
  "sr_hz_used": 256,
  "duration_s": 307.546875,
  "good_window_frac": 0.9736842105263158,
  "features_median": {
    "alpha_abs_AF7": 1.7113701214338253,
    "alpha_abs_AF8": 1.423066691734476,
    "alpha_abs_TP10": 13.76843601396029,
    "alpha_abs_TP9": 10.964563439725836,
    "alpha_rel_AF7": 0.11463637077222369,
    "alpha_rel_AF8": 0.11220384367436931,
    "alpha_rel_TP10": 0.11670588989662564,
    "alpha_rel_TP9": 0.11325698341091187,
    "beta_abs_AF7": 3.329625487997459,
    "beta_abs_AF8": 2.9767716618611955,
    "beta_abs_TP10": 12.164948652833488,
    "beta_abs_TP9": 9.669551864272336,
    "beta_rel_AF7": 0.22941274560441233,
    "beta_rel_AF8": 0.24857216179555125,
    "beta_rel_TP10": 0.11507935397168256,
    "beta_rel_TP9": 0.10326702620168879,
    "delta_abs_AF7": 3.068480331070616,
    "delta_abs_AF8": 2.278515014554954,
    "delta_abs_TP10": 42.58609186536087,
    "delta_abs_TP9": 35.44012305296721,
    "delta_rel_AF7": 0.22647294359465253,
    "delta_rel_AF8": 0.19928870663910847,
    "delta_rel_TP10": 0.39685246288159215,
    "delta_rel_TP9": 0.38290082187920194,
    "frontal_alpha_asym": 0.1489010896585839,
    "gamma_abs_AF7": 1.0538029548121879,
    "gamma_abs_AF8": 1.0321064081193345,
    "gamma_abs_TP10": 2.7888093907685088,
    "gamma_abs_TP9": 2.319446321630898,
    "gamma_rel_AF7": 0.07220282858385582,
    "gamma_rel_AF8": 0.08587706243307051,
    "gamma_rel_TP10": 0.02695947336245138,
    "gamma_rel_TP9": 0.025114793397689055,
    "hjorth_activity_AF7": 14.800445812413326,
    "hjorth_activity_AF8": 12.157445510679043,
    "hjorth_activity_TP10": 112.4560234867192,
    "hjorth_activity_TP9": 102.13924087815857,
    "hjorth_complexity_AF7": 1.9421271650422458,
    "hjorth_complexity_AF8": 1.8785241425980663,
    "hjorth_complexity_TP10": 2.637271898632373,
    "hjorth_complexity_TP9": 2.695093544377605,
    "hjorth_mobility_AF7": 0.36352713286868443,
    "hjorth_mobility_AF8": 0.3819777600651696,
    "hjorth_mobility_TP10": 0.24898135972000218,
    "hjorth_mobility_TP9": 0.2322319497793484,
    "theta_abs_AF7": 2.587046213734596,
    "theta_abs_AF8": 2.0603440306736784,
    "theta_abs_TP10": 16.004222865002845,
    "theta_abs_TP9": 17.4751815479369,
    "theta_alpha_ratio_AF7": 1.513944158374502,
    "theta_alpha_ratio_AF8": 1.4997994627214677,
    "theta_alpha_ratio_TP10": 1.4351742061235009,
    "theta_alpha_ratio_TP9": 1.70758841498257,
    "theta_beta_ratio_AF7": 0.769534446252748,
    "theta_beta_ratio_AF8": 0.6889860623885331,
    "theta_beta_ratio_TP10": 1.3540052898605552,
    "theta_beta_ratio_TP9": 1.7619752364467338,
    "theta_rel_AF7": 0.16808878163391372,
    "theta_rel_AF8": 0.16274358218645973,
    "theta_rel_TP10": 0.15435732825731924,
    "theta_rel_TP9": 0.183885261556462
  },
  "features_iqr": {
    "alpha_abs_AF7": 0.6629783388647503,
    "alpha_abs_AF8": 0.49273037045238044,
    "alpha_abs_TP10": 6.989737390282025,
    "alpha_abs_TP9": 5.117791118024051,
    "alpha_rel_AF7": 0.05166514627045739,
    "alpha_rel_AF8": 0.041267004758027706,
    "alpha_rel_TP10": 0.0832789844575492,
    "alpha_rel_TP9": 0.04895972751304792,
    "beta_abs_AF7": 0.7373723348695251,
    "beta_abs_AF8": 0.5686262135002456,
    "beta_abs_TP10": 3.0025319845198037,
    "beta_abs_TP9": 3.2074661913741167,
    "beta_rel_AF7": 0.07957857267525043,
    "beta_rel_AF8": 0.0855887283437371,
    "beta_rel_TP10": 0.05974921710200937,
    "beta_rel_TP9": 0.03493197372395114,
    "delta_abs_AF7": 2.857313368538926,
    "delta_abs_AF8": 2.631957978331152,
    "delta_abs_TP10": 45.23935503713126,
    "delta_abs_TP9": 26.631226437338036,
    "delta_rel_AF7": 0.12454996217812248,
    "delta_rel_AF8": 0.13575273584730918,
    "delta_rel_TP10": 0.14781258075885345,
    "delta_rel_TP9": 0.12830316150867305,
    "frontal_alpha_asym": 0.47704203645603604,
    "gamma_abs_AF7": 0.2805963886869507,
    "gamma_abs_AF8": 0.2212670262739087,
    "gamma_abs_TP10": 0.8100268405863091,
    "gamma_abs_TP9": 0.8021354989151908,
    "gamma_rel_AF7": 0.028590582188635583,
    "gamma_rel_AF8": 0.030430175447981322,
    "gamma_rel_TP10": 0.01582832924193163,
    "gamma_rel_TP9": 0.010728940599236611,
    "hjorth_activity_AF7": 5.281711953863654,
    "hjorth_activity_AF8": 4.651097741284051,
    "hjorth_activity_TP10": 81.93733707161778,
    "hjorth_activity_TP9": 47.393122663468645,
    "hjorth_complexity_AF7": 0.29031446002792816,
    "hjorth_complexity_AF8": 0.3410779257107359,
    "hjorth_complexity_TP10": 0.5762396728926236,
    "hjorth_complexity_TP9": 0.41027816549529383,
    "hjorth_mobility_AF7": 0.05882567523064841,
    "hjorth_mobility_AF8": 0.06589521638513168,
    "hjorth_mobility_TP10": 0.06313295399400609,
    "hjorth_mobility_TP9": 0.0382169706804093,
    "theta_abs_AF7": 1.2936412864415008,
    "theta_abs_AF8": 1.0176175539358694,
    "theta_abs_TP10": 11.760607289003469,
    "theta_abs_TP9": 9.341892487804873,
    "theta_alpha_ratio_AF7": 0.8129457885416786,
    "theta_alpha_ratio_AF8": 0.7194694816129124,
    "theta_alpha_ratio_TP10": 1.0566155586123998,
    "theta_alpha_ratio_TP9": 1.0458887353117836,
    "theta_beta_ratio_AF7": 0.393647667597655,
    "theta_beta_ratio_AF8": 0.3876127539535297,
    "theta_beta_ratio_TP10": 0.7195949887347379,
    "theta_beta_ratio_TP9": 0.8181923815361207,
    "theta_rel_AF7": 0.060549668393167555,
    "theta_rel_AF8": 0.05521047029555365,
    "theta_rel_TP10": 0.06991918695977617,
    "theta_rel_TP9": 0.06915679082891657
  }
}