{
  "file_id": "F004",
  "participant_id": "4#09-10-68#",
  "group_label": "trained_over_3_years",
  "group_label_raw": "trained_over_3_years",
  "sr_hz_used": 1000,
  "duration_s": 304.50600028038025,
  "good_window_frac": 0.6486486486486487,
  "features_median": {
    "alpha_abs_AF7": 3.8260399959974922,
    "alpha_abs_AF8": 3.017629356729163,
    "alpha_abs_TP10": 19.468629297306702,
    "alpha_abs_TP9": 13.456085457233943,
    "alpha_rel_AF7": 0.02875989043211425,
    "alpha_rel_AF8": 0.06197044542875895,
    "alpha_rel_TP10": 0.1180099791622569,
    "alpha_rel_TP9": 0.10258068328298017,
    "beta_abs_AF7": 5.954210095658427,
    "beta_abs_AF8": 5.589984852698736,
    "beta_abs_TP10": 28.3047341381711,
    "beta_abs_TP9": 20.660868214852975,
    "beta_rel_AF7": 0.04444218531732361,
    "beta_rel_AF8": 0.10787234850795806,
    "beta_rel_TP10": 0.15778927672246754,
    "beta_rel_TP9": 0.1635612445087372,
    "delta_abs_AF7": 91.44389815265247,
    "delta_abs_AF8": 32.9802312051843,
    "delta_abs_TP10": 55.042038075433155,
    "delta_abs_TP9": 44.42504465789706,
    "delta_rel_AF7": 0.6641693569421538,
    "delta_rel_AF8": 0.5857488411550982,
    "delta_rel_TP10": 0.3402050396507744,
    "delta_rel_TP9": 0.331081926929162,
    "frontal_alpha_asym": 0.1506728470019777,
    "gamma_abs_AF7": 1.6821395300933655,
    "gamma_abs_AF8": 1.7306749790169351,
    "gamma_abs_TP10": 9.325749154528683,
    "gamma_abs_TP9": 7.402586713418081,
    "gamma_rel_AF7": 0.010117028518597544,
    "gamma_rel_AF8": 0.03189986105355705,
    "gamma_rel_TP10": 0.04473597106874354,
    "gamma_rel_TP9": 0.0562970593375336,
    "hjorth_activity_AF7": 171.77176893975098,
    "hjorth_activity_AF8": 64.89096277153692,
    "hjorth_activity_TP10": 198.63723543278226,
    "hjorth_activity_TP9": 148.73883324672443,
    "hjorth_complexity_AF7": 4.158010365922331,
    "hjorth_complexity_AF8": 2.9369819252236864,
    "hjorth_complexity_TP10": 2.365812985631306,
    "hjorth_complexity_TP9": 2.372220858707753,
    "hjorth_mobility_AF7": 0.04012122382989983,
    "hjorth_mobility_AF8": 0.06332397654082245,
    "hjorth_mobility_TP10": 0.07896810225594211,
    "hjorth_mobility_TP9": 0.08157104114133534,
    "theta_abs_AF7": 9.79865550596184,
    "theta_abs_AF8": 4.599267045758934,
    "theta_abs_TP10": 32.54047465005352,
    "theta_abs_TP9": 22.778613847744534,
    "theta_alpha_ratio_AF7": 2.777999752627599,
    "theta_alpha_ratio_AF8": 1.607636533164148,
    "theta_alpha_ratio_TP10": 1.5252407565515504,
    "theta_alpha_ratio_TP9": 1.6251803000776286,
    "theta_beta_ratio_AF7": 1.5887128114417806,
    "theta_beta_ratio_AF8": 0.9040414683782413,
    "theta_beta_ratio_TP10": 1.0990177601230304,
    "theta_beta_ratio_TP9": 1.1896795697833247,
    "theta_rel_AF7": 0.09018719347510117,
    "theta_rel_AF8": 0.09866826694824676,
    "theta_rel_TP10": 0.16746751370381988,
    "theta_rel_TP9": 0.17653690654959991
  },
  "features_iqr": {
    "alpha_abs_AF7": 2.0236095414271578,
    "alpha_abs_AF8": 1.2252240182754162,
    "alpha_abs_TP10": 10.18500761960249,
    "alpha_abs_TP9": 11.520820669371647,
    "alpha_rel_AF7": 0.037647750341318814,
    "alpha_rel_AF8": 0.05032994685627987,
    "alpha_rel_TP10": 0.04430409807273478,
    "alpha_rel_TP9": 0.05864954896796805,
    "beta_abs_AF7": 2.2434498524328,
    "beta_abs_AF8": 1.816267740905836,
    "beta_abs_TP10": 10.098851023725175,
    "beta_abs_TP9": 11.560324730561202,
    "beta_rel_AF7": 0.04514306334786681,
    "beta_rel_AF8": 0.06978865667711694,
    "beta_rel_TP10": 0.08510079596903508,
    "beta_rel_TP9": 0.13328306896755882,
    "delta_abs_AF7": 164.82436305430593,
    "delta_abs_AF8": 28.501566881056004,
    "delta_abs_TP10": 85.63516296778127,
    "delta_abs_TP9": 116.93367001145927,
    "delta_rel_AF7": 0.10544142717913174,
    "delta_rel_AF8": 0.27105144934002157,
    "delta_rel_TP10": 0.142039257975885,
    "delta_rel_TP9": 0.2851803217587786,
    "frontal_alpha_asym": 0.42415913956376583,
    "gamma_abs_AF7": 0.342594204171518,
    "gamma_abs_AF8": 0.3416937861836664,
    "gamma_abs_TP10": 1.9495244643247354,
    "gamma_abs_TP9": 1.7804013515947137,
    "gamma_rel_AF7": 0.01662402479823626,
    "gamma_rel_AF8": 0.02227033618038049,
    "gamma_rel_TP10": 0.030846708268593023,
    "gamma_rel_TP9": 0.043032687977924686,
    "hjorth_activity_AF7": 248.6996523325786,
    "hjorth_activity_AF8": 37.38760361535529,
    "hjorth_activity_TP10": 196.13663489620606,
    "hjorth_activity_TP9": 139.48309279421701,
    "hjorth_complexity_AF7": 1.5925330439522796,
    "hjorth_complexity_AF8": 1.1338868967252123,
    "hjorth_complexity_TP10": 0.6280632942565165,
    "hjorth_complexity_TP9": 1.1104080181331413,
    "hjorth_mobility_AF7": 0.02014709280768092,
    "hjorth_mobility_AF8": 0.023174074700289954,
    "hjorth_mobility_TP10": 0.02314048524256536,
    "hjorth_mobility_TP9": 0.0336816087599849,
    "theta_abs_AF7": 12.229177800433296,
    "theta_abs_AF8": 2.440009376065259,
    "theta_abs_TP10": 22.17236550189609,
    "theta_abs_TP9": 19.894465903191605,
    "theta_alpha_ratio_AF7": 3.271513184618926,
    "theta_alpha_ratio_AF8": 0.8849032485447572,
    "theta_alpha_ratio_TP10": 0.5829419746762561,
    "theta_alpha_ratio_TP9": 0.6257691026037413,
    "theta_beta_ratio_AF7": 1.9293232881964961,
    "theta_beta_ratio_AF8": 0.5338492228674598,
    "theta_beta_ratio_TP10": 0.5585785458278547,
    "theta_beta_ratio_TP9": 0.7081944653303363,
    "theta_rel_AF7": 0.049195406605987646,
    "theta_rel_AF8": 0.059411813253256576,
    "theta_rel_TP10": 0.03365143020123981,
    "theta_rel_TP9": 0.08677108198294814
  }
}