{
  "file_id": "F005",
  "participant_id": "5#09-10-68#",
  "group_label": "trained_over_3_years",
  "group_label_raw": "trained_over_3_years",
  "sr_hz_used": 256,
  "duration_s": 71.015625,
  "good_window_frac": 0.5,
  "features_median": {
    "alpha_abs_AF7": 1.467932790486231,
    "alpha_abs_AF8": 2.161481758948727,
    "alpha_abs_TP10": 18.979204404344948,
    "alpha_abs_TP9": 9.869841442588498,
    "alpha_rel_AF7": 0.12051001323363582,
    "alpha_rel_AF8": 0.1461183390973767,
    "alpha_rel_TP10": 0.1016473020474683,
    "alpha_rel_TP9": 0.09333492371329757,
    "beta_abs_AF7": 3.5512879503972865,
    "beta_abs_AF8": 3.4265568428260225,
    "beta_abs_TP10": 32.7620723959448,
    "beta_abs_TP9": 32.62634457804384,
    "beta_rel_AF7": 0.2968977985559012,
    "beta_rel_AF8": 0.24011471320798272,
    "beta_rel_TP10": 0.13993569836559375,
    "beta_rel_TP9": 0.3347647827851694,
    "delta_abs_AF7": 2.644380061967414,
    "delta_abs_AF8": 3.1296886501438372,
    "delta_abs_TP10": 85.81709616395146,
    "delta_abs_TP9": 23.18804082540739,
    "delta_rel_AF7": 0.21602747656360194,
    "delta_rel_AF8": 0.2261660980374257,
    "delta_rel_TP10": 0.36795961317913023,
    "delta_rel_TP9": 0.23030159404168357,
    "frontal_alpha_asym": -0.36436656740190065,
    "gamma_abs_AF7": 1.0320840022095275,
    "gamma_abs_AF8": 1.0453807733596077,
    "gamma_abs_TP10": 3.622834324040108,
    "gamma_abs_TP9": 2.6573635075231543,
    "gamma_rel_AF7": 0.07973567166305895,
    "gamma_rel_AF8": 0.07288225032791888,
    "gamma_rel_TP10": 0.01631640874360886,
    "gamma_rel_TP9": 0.025153121894220216,
    "hjorth_activity_AF7": 13.603666602874567,
    "hjorth_activity_AF8": 15.582358617414068,
    "hjorth_activity_TP10": 242.26824834542464,
    "hjorth_activity_TP9": 105.2282633573189,
    "hjorth_complexity_AF7": 1.8314359156284625,
    "hjorth_complexity_AF8": 1.921678213463982,
    "hjorth_complexity_TP10": 2.448327905271972,
    "hjorth_complexity_TP9": 1.8357880861662152,
    "hjorth_mobility_AF7": 0.38374269667683275,
    "hjorth_mobility_AF8": 0.3639811754486461,
    "hjorth_mobility_TP10": 0.23417315783162215,
    "hjorth_mobility_TP9": 0.2973879136969239,
    "theta_abs_AF7": 1.8586657568845406,
    "theta_abs_AF8": 2.162788086927263,
    "theta_abs_TP10": 31.53464988596206,
    "theta_abs_TP9": 15.08518175986476,
    "theta_alpha_ratio_AF7": 1.2606559307482499,
    "theta_alpha_ratio_AF8": 1.0910485660205924,
    "theta_alpha_ratio_TP10": 1.6201183479611332,
    "theta_alpha_ratio_TP9": 1.8040612588424116,
    "theta_beta_ratio_AF7": 0.5196613777586795,
    "theta_beta_ratio_AF8": 0.586669908906687,
    "theta_beta_ratio_TP10": 1.107428767419497,
    "theta_beta_ratio_TP9": 0.4736174545172494,
    "theta_rel_AF7": 0.14656122442020883,
    "theta_rel_AF8": 0.1559306958765755,
    "theta_rel_TP10": 0.16495185398504456,
    "theta_rel_TP9": 0.1401330001448758
  },
  "features_iqr": {
    "alpha_abs_AF7": 0.28188567234548323,
    "alpha_abs_AF8": 0.5464176348465091,
    "alpha_abs_TP10": 23.62584724588006,
    "alpha_abs_TP9": 2.621363857179686,
    "alpha_rel_AF7": 0.03030493502987691,
    "alpha_rel_AF8": 0.035387410821663065,
    "alpha_rel_TP10": 0.023831479640300135,
    "alpha_rel_TP9": 0.04301172742194806,
    "beta_abs_AF7": 0.7057971981041704,
    "beta_abs_AF8": 0.866510671871946,
    "beta_abs_TP10": 16.17659956277331,
    "beta_abs_TP9": 7.209229876569399,
    "beta_rel_AF7": 0.01795003298057246,
    "beta_rel_AF8": 0.06726441061497496,
    "beta_rel_TP10": 0.12076435300834087,
    "beta_rel_TP9": 0.07460155449821665,
    "delta_abs_AF7": 1.068804555569415,
    "delta_abs_AF8": 1.9177811593824465,
    "delta_abs_TP10": 104.89869364494882,
    "delta_abs_TP9": 8.185821168122157,
    "delta_rel_AF7": 0.07621992234938726,
    "delta_rel_AF8": 0.08702616510788333,
    "delta_rel_TP10": 0.18099507401285736,
    "delta_rel_TP9": 0.07721964840837911,
    "frontal_alpha_asym": 0.1375422076401196,
    "gamma_abs_AF7": 0.23026643256621482,
    "gamma_abs_AF8": 0.1246281173350755,
    "gamma_abs_TP10": 1.395800957870049,
    "gamma_abs_TP9": 0.505326036912281,
    "gamma_rel_AF7": 0.026820997842407948,
    "gamma_rel_AF8": 0.013152413760880666,
    "gamma_rel_TP10": 0.013281219178580533,
    "gamma_rel_TP9": 0.009161159629919976,
    "hjorth_activity_AF7": 2.359161659540325,
    "hjorth_activity_AF8": 3.631223488348615,
    "hjorth_activity_TP10": 225.73823194780897,
    "hjorth_activity_TP9": 16.922343713274714,
    "hjorth_complexity_AF7": 0.09902752868023845,
    "hjorth_complexity_AF8": 0.26129852729281744,
    "hjorth_complexity_TP10": 0.5004910395330855,
    "hjorth_complexity_TP9": 0.24355949293283152,
    "hjorth_mobility_AF7": 0.01379182074701979,
    "hjorth_mobility_AF8": 0.05032273326965481,
    "hjorth_mobility_TP10": 0.07286898276126003,
    "hjorth_mobility_TP9": 0.022549838294711466,
    "theta_abs_AF7": 0.5907021027180219,
    "theta_abs_AF8": 0.8959826955578749,
    "theta_abs_TP10": 50.19700612761363,
    "theta_abs_TP9": 8.92539206653904,
    "theta_alpha_ratio_AF7": 0.5344750064420167,
    "theta_alpha_ratio_AF8": 0.720838826806093,
    "theta_alpha_ratio_TP10": 0.8523882025929825,
    "theta_alpha_ratio_TP9": 1.3979774137263234,
    "theta_beta_ratio_AF7": 0.1433373322992511,
    "theta_beta_ratio_AF8": 0.2729354881555599,
    "theta_beta_ratio_TP10": 1.0243601583861923,
    "theta_beta_ratio_TP9": 0.3261571895776352,
    "theta_rel_AF7": 0.030407274495533293,
    "theta_rel_AF8": 0.04958565698585843,
    "theta_rel_TP10": 0.05781619030412061,
    "theta_rel_TP9": 0.06563993463006754
  }
}