{
  "file_id": "F006",
  "participant_id": "6#09-10-68#",
  "group_label": "trained_over_3_years",
  "group_label_raw": "trained_over_3_years",
  "sr_hz_used": 1000,
  "duration_s": 307.25400018692017,
  "good_window_frac": 0.21052631578947367,
  "features_median": {
    "alpha_abs_AF7": 4.1160068025195695,
    "alpha_abs_AF8": 5.6360032638919275,
    "alpha_abs_TP10": 19.041603468799664,
    "alpha_abs_TP9": 9.297305998619173,
    "alpha_rel_AF7": 0.052696909371511926,
    "alpha_rel_AF8": 0.09599719763365541,
    "alpha_rel_TP10": 0.1585871528698766,
    "alpha_rel_TP9": 0.14020965351716896,
    "beta_abs_AF7": 5.323499541004248,
    "beta_abs_AF8": 7.866023203630606,
    "beta_abs_TP10": 31.537222102157063,
    "beta_abs_TP9": 14.156538780657382,
    "beta_rel_AF7": 0.06082802464873017,
    "beta_rel_AF8": 0.14312615046577606,
    "beta_rel_TP10": 0.2399792643851934,
    "beta_rel_TP9": 0.1992825639144464,
    "delta_abs_AF7": 45.890191008843644,
    "delta_abs_AF8": 30.001735369574597,
    "delta_abs_TP10": 29.675109076855037,
    "delta_abs_TP9": 16.034328957201744,
    "delta_rel_AF7": 0.5988328313858653,
    "delta_rel_AF8": 0.4186321292408223,
    "delta_rel_TP10": 0.18834152030493745,
    "delta_rel_TP9": 0.22790322033342014,
    "frontal_alpha_asym": -0.4908811511094139,
    "gamma_abs_AF7": 1.420527012763475,
    "gamma_abs_AF8": 2.2772380782090766,
    "gamma_abs_TP10": 7.422681869724062,
    "gamma_abs_TP9": 5.69284920379423,
    "gamma_rel_AF7": 0.022573956941779605,
    "gamma_rel_AF8": 0.037023784245404825,
    "gamma_rel_TP10": 0.053997941466722627,
    "gamma_rel_TP9": 0.07860549373544692,
    "hjorth_activity_AF7": 90.7743902773835,
    "hjorth_activity_AF8": 74.21279090299205,
    "hjorth_activity_TP10": 149.33693303341863,
    "hjorth_activity_TP9": 88.27317730136639,
    "hjorth_complexity_AF7": 3.5088479755611557,
    "hjorth_complexity_AF8": 2.5636851314122513,
    "hjorth_complexity_TP10": 1.989747245863728,
    "hjorth_complexity_TP9": 2.04243847511694,
    "hjorth_mobility_AF7": 0.048850350234581216,
    "hjorth_mobility_AF8": 0.07008188287254022,
    "hjorth_mobility_TP10": 0.08575599556486496,
    "hjorth_mobility_TP9": 0.09266607856557599,
    "theta_abs_AF7": 10.246347912369558,
    "theta_abs_AF8": 9.20625422097034,
    "theta_abs_TP10": 23.171152928326904,
    "theta_abs_TP9": 10.849224224000825,
    "theta_alpha_ratio_AF7": 2.4887378842224814,
    "theta_alpha_ratio_AF8": 1.3412603413691409,
    "theta_alpha_ratio_TP10": 1.242711520016281,
    "theta_alpha_ratio_TP9": 1.0142205315252175,
    "theta_beta_ratio_AF7": 1.8535854055246137,
    "theta_beta_ratio_AF8": 0.8549724480267242,
    "theta_beta_ratio_TP10": 0.9105620642916327,
    "theta_beta_ratio_TP9": 0.8903138809119364,
    "theta_rel_AF7": 0.13534352136220856,
    "theta_rel_AF8": 0.12131868741714555,
    "theta_rel_TP10": 0.20997152085894685,
    "theta_rel_TP9": 0.1671149607828462
  },
  "features_iqr": {
    "alpha_abs_AF7": 1.7851596666711056,
    "alpha_abs_AF8": 4.827333112242301,
    "alpha_abs_TP10": 18.060629206112477,
    "alpha_abs_TP9": 3.052429184423282,
    "alpha_rel_AF7": 0.013464065905571539,
    "alpha_rel_AF8": 0.04951172574730575,
    "alpha_rel_TP10": 0.06307008957614504,
    "alpha_rel_TP9": 0.061067431929177435,
    "beta_abs_AF7": 1.8336708387945757,
    "beta_abs_AF8": 8.243267450669741,
    "beta_abs_TP10": 18.70943811943395,
    "beta_abs_TP9": 6.448163696568258,
    "beta_rel_AF7": 0.02829412020253136,
    "beta_rel_AF8": 0.044756765963055806,
    "beta_rel_TP10": 0.04380382057537913,
    "beta_rel_TP9": 0.04778718067852736,
    "delta_abs_AF7": 12.132190986697715,
    "delta_abs_AF8": 9.74681198058692,
    "delta_abs_TP10": 6.362857903718915,
    "delta_abs_TP9": 12.986351313374394,
    "delta_rel_AF7": 0.08963982038568619,
    "delta_rel_AF8": 0.17673818623547205,
    "delta_rel_TP10": 0.05362003646767921,
    "delta_rel_TP9": 0.06693525494361524,
    "frontal_alpha_asym": 0.7529436122414557,
    "gamma_abs_AF7": 0.46639508114093586,
    "gamma_abs_AF8": 1.227772405750652,
    "gamma_abs_TP10": 2.258853632426094,
    "gamma_abs_TP9": 0.9410326741909252,
    "gamma_rel_AF7": 0.009575487889820648,
    "gamma_rel_AF8": 0.010491434825788605,
    "gamma_rel_TP10": 0.012150181301788847,
    "gamma_rel_TP9": 0.032941898453896085,
    "hjorth_activity_AF7": 14.067025512741893,
    "hjorth_activity_AF8": 26.09046204661213,
    "hjorth_activity_TP10": 32.276860695359886,
    "hjorth_activity_TP9": 27.674825579084114,
    "hjorth_complexity_AF7": 0.5338069742908274,
    "hjorth_complexity_AF8": 0.49117901734242686,
    "hjorth_complexity_TP10": 0.23948932089828578,
    "hjorth_complexity_TP9": 0.09702607074831748,
    "hjorth_mobility_AF7": 0.009861250253789297,
    "hjorth_mobility_AF8": 0.009444373460499714,
    "hjorth_mobility_TP10": 0.0075615066469466585,
    "hjorth_mobility_TP9": 0.014168768034838769,
    "theta_abs_AF7": 5.99185912088066,
    "theta_abs_AF8": 6.125199018110111,
    "theta_abs_TP10": 16.476186549567515,
    "theta_abs_TP9": 11.571493095198221,
    "theta_alpha_ratio_AF7": 0.8243826142039827,
    "theta_alpha_ratio_AF8": 0.7001360527312379,
    "theta_alpha_ratio_TP10": 0.6642791113115603,
    "theta_alpha_ratio_TP9": 1.0544193046085655,
    "theta_beta_ratio_AF7": 0.4873249057109703,
    "theta_beta_ratio_AF8": 0.24938472284361923,
    "theta_beta_ratio_TP10": 0.42638019545376504,
    "theta_beta_ratio_TP9": 0.5940947884478835,
    "theta_rel_AF7": 0.04864340647853428,
    "theta_rel_AF8": 0.05136463558619965,
    "theta_rel_TP10": 0.066917367202453,
    "theta_rel_TP9": 0.09160544178241425
  }
}