{
  "file_id": "F007",
  "participant_id": "7#09-10-68#",
  "group_label": "trained_over_3_years",
  "group_label_raw": "trained_over_3_years",
  "sr_hz_used": 1000,
  "duration_s": 313.3800001144409,
  "good_window_frac": 0.3076923076923077,
  "features_median": {
    "alpha_abs_AF7": 33.066009924728746,
    "alpha_abs_AF8": 9.530222171367242,
    "alpha_abs_TP10": 47.605266209392184,
    "alpha_abs_TP9": 9.213212809361346,
    "alpha_rel_AF7": 0.16778863616464632,
    "alpha_rel_AF8": 0.17478703717147828,
    "alpha_rel_TP10": 0.1471276238079585,
    "alpha_rel_TP9": 0.14482382159545326,
    "beta_abs_AF7": 11.290203405961918,
    "beta_abs_AF8": 10.010445513128468,
    "beta_abs_TP10": 55.55605643786444,
    "beta_abs_TP9": 9.501134196635455,
    "beta_rel_AF7": 0.06673241059677652,
    "beta_rel_AF8": 0.16569167700666826,
    "beta_rel_TP10": 0.1633987299258502,
    "beta_rel_TP9": 0.1484705565587583,
    "delta_abs_AF7": 5.472174151535008,
    "delta_abs_AF8": 4.001770229443556,
    "delta_abs_TP10": 66.43987255602052,
    "delta_abs_TP9": 11.735827355579612,
    "delta_rel_AF7": 0.032052254469955035,
    "delta_rel_AF8": 0.10167906105407411,
    "delta_rel_TP10": 0.212448391966105,
    "delta_rel_TP9": 0.18617237758944005,
    "frontal_alpha_asym": 0.8116209511091432,
    "gamma_abs_AF7": 1.9567810667970715,
    "gamma_abs_AF8": 2.044916306238682,
    "gamma_abs_TP10": 11.988871397439382,
    "gamma_abs_TP9": 4.256068907994974,
    "gamma_rel_AF7": 0.01082396242042171,
    "gamma_rel_AF8": 0.03278670913307387,
    "gamma_rel_TP10": 0.03979125180411777,
    "gamma_rel_TP9": 0.06562332986474786,
    "hjorth_activity_AF7": 171.82102577315078,
    "hjorth_activity_AF8": 63.66811575269333,
    "hjorth_activity_TP10": 365.3723262848593,
    "hjorth_activity_TP9": 69.40915814128074,
    "hjorth_complexity_AF7": 2.4405677034749185,
    "hjorth_complexity_AF8": 2.1876249878801923,
    "hjorth_complexity_TP10": 2.254062202367565,
    "hjorth_complexity_TP9": 2.197834407792933,
    "hjorth_mobility_AF7": 0.053695032442065985,
    "hjorth_mobility_AF8": 0.07463070222977489,
    "hjorth_mobility_TP10": 0.07363089977282479,
    "hjorth_mobility_TP9": 0.08196756505852874,
    "theta_abs_AF7": 112.12864723955414,
    "theta_abs_AF8": 27.059044753954964,
    "theta_abs_TP10": 95.04784799912284,
    "theta_abs_TP9": 19.59139041314782,
    "theta_alpha_ratio_AF7": 4.172408630869584,
    "theta_alpha_ratio_AF8": 2.4728491680807814,
    "theta_alpha_ratio_TP10": 1.7723998439703923,
    "theta_alpha_ratio_TP9": 2.1813515832062986,
    "theta_beta_ratio_AF7": 9.668747586652373,
    "theta_beta_ratio_AF8": 2.7105708623344187,
    "theta_beta_ratio_TP10": 1.5840309311598437,
    "theta_beta_ratio_TP9": 2.232201354620113,
    "theta_rel_AF7": 0.659552539273687,
    "theta_rel_AF8": 0.43686900017336283,
    "theta_rel_TP10": 0.2738636491204333,
    "theta_rel_TP9": 0.30757412984902255
  },
  "features_iqr": {
    "alpha_abs_AF7": 12.916033870236099,
    "alpha_abs_AF8": 8.397793576500977,
    "alpha_abs_TP10": 12.920244910008499,
    "alpha_abs_TP9": 7.713860535872072,
    "alpha_rel_AF7": 0.070441950005426,
    "alpha_rel_AF8": 0.06790377473743939,
    "alpha_rel_TP10": 0.054929982474843875,
    "alpha_rel_TP9": 0.04134791885863573,
    "beta_abs_AF7": 5.338692484432407,
    "beta_abs_AF8": 7.37632792561465,
    "beta_abs_TP10": 19.88962563879568,
    "beta_abs_TP9": 2.0820222560088286,
    "beta_rel_AF7": 0.03904507960364939,
    "beta_rel_AF8": 0.031406196235195805,
    "beta_rel_TP10": 0.03735841372860832,
    "beta_rel_TP9": 0.04908552163962676,
    "delta_abs_AF7": 5.470197086631629,
    "delta_abs_AF8": 9.259781834157877,
    "delta_abs_TP10": 27.27076368499977,
    "delta_abs_TP9": 1.9916944982915368,
    "delta_rel_AF7": 0.03854105386739223,
    "delta_rel_AF8": 0.08697559014462927,
    "delta_rel_TP10": 0.07376839398358911,
    "delta_rel_TP9": 0.035526060562170725,
    "frontal_alpha_asym": 1.182647523187561,
    "gamma_abs_AF7": 0.37138600010854295,
    "gamma_abs_AF8": 0.827910892073477,
    "gamma_abs_TP10": 3.454323588213219,
    "gamma_abs_TP9": 1.3333384618203614,
    "gamma_rel_AF7": 0.0033744821351125425,
    "gamma_rel_AF8": 0.012217333083770088,
    "gamma_rel_TP10": 0.01183701904552869,
    "gamma_rel_TP9": 0.019838377631456836,
    "hjorth_activity_AF7": 59.892784210511195,
    "hjorth_activity_AF8": 44.65174628315675,
    "hjorth_activity_TP10": 124.33144593781071,
    "hjorth_activity_TP9": 18.821722492687243,
    "hjorth_complexity_AF7": 0.35306810603050076,
    "hjorth_complexity_AF8": 0.09153867506428837,
    "hjorth_complexity_TP10": 0.16125917101727616,
    "hjorth_complexity_TP9": 0.2585487613336226,
    "hjorth_mobility_AF7": 0.004913077076733809,
    "hjorth_mobility_AF8": 0.00686391680291458,
    "hjorth_mobility_TP10": 0.0060329980360760566,
    "hjorth_mobility_TP9": 0.008422530276635892,
    "theta_abs_AF7": 42.669367663688305,
    "theta_abs_AF8": 22.454281364445595,
    "theta_abs_TP10": 48.59161224480424,
    "theta_abs_TP9": 7.535787415488279,
    "theta_alpha_ratio_AF7": 1.9608819163942282,
    "theta_alpha_ratio_AF8": 1.4932668871945884,
    "theta_alpha_ratio_TP10": 0.8018786786548353,
    "theta_alpha_ratio_TP9": 1.2978425709353807,
    "theta_beta_ratio_AF7": 7.221366314358452,
    "theta_beta_ratio_AF8": 1.5100338610798274,
    "theta_beta_ratio_TP10": 0.8176726026043548,
    "theta_beta_ratio_TP9": 1.124605208125617,
    "theta_rel_AF7": 0.09607058408761837,
    "theta_rel_AF8": 0.19973469125112492,
    "theta_rel_TP10": 0.108140724328804,
    "theta_rel_TP9": 0.1258444329686324
  }
}