{
  "file_id": "F008",
  "participant_id": "8#09-10-68#",
  "group_label": "meditation_master_or_instructor",
  "group_label_raw": "meditation_master_or_instructor",
  "sr_hz_used": 256,
  "duration_s": 107.484375,
  "good_window_frac": 0.6153846153846154,
  "features_median": {
    "alpha_abs_AF7": 2.773059537578419,
    "alpha_abs_AF8": 3.8937061827235016,
    "alpha_abs_TP10": 16.005146833279262,
    "alpha_abs_TP9": 14.72772946222775,
    "alpha_rel_AF7": 0.09420526045181056,
    "alpha_rel_AF8": 0.05674723175958727,
    "alpha_rel_TP10": 0.07585870070330705,
    "alpha_rel_TP9": 0.14961052257234841,
    "beta_abs_AF7": 6.859045585777199,
    "beta_abs_AF8": 8.339167761854021,
    "beta_abs_TP10": 15.646763755600528,
    "beta_abs_TP9": 22.897127764536613,
    "beta_rel_AF7": 0.25913608548927236,
    "beta_rel_AF8": 0.05994965351564228,
    "beta_rel_TP10": 0.08514384092451192,
    "beta_rel_TP9": 0.23649064231895914,
    "delta_abs_AF7": 4.672215753449321,
    "delta_abs_AF8": 77.63187047113641,
    "delta_abs_TP10": 90.48977328446985,
    "delta_abs_TP9": 14.815152056210826,
    "delta_rel_AF7": 0.20736159069731136,
    "delta_rel_AF8": 0.5341132980776682,
    "delta_rel_TP10": 0.4186185327050854,
    "delta_rel_TP9": 0.18085554591784261,
    "frontal_alpha_asym": -0.3725567828763033,
    "gamma_abs_AF7": 3.6283789971387197,
    "gamma_abs_AF8": 3.409734252765498,
    "gamma_abs_TP10": 4.89071197996334,
    "gamma_abs_TP9": 8.096269020324854,
    "gamma_rel_AF7": 0.1343675696019832,
    "gamma_rel_AF8": 0.030460874519935052,
    "gamma_rel_TP10": 0.022584668139465455,
    "gamma_rel_TP9": 0.07507399167024192,
    "hjorth_activity_AF7": 26.09952801242664,
    "hjorth_activity_AF8": 125.92208422845671,
    "hjorth_activity_TP10": 241.33842638434282,
    "hjorth_activity_TP9": 93.0712009136189,
    "hjorth_complexity_AF7": 1.7347390507794718,
    "hjorth_complexity_AF8": 3.424371136989446,
    "hjorth_complexity_TP10": 3.161298324932129,
    "hjorth_complexity_TP9": 1.8335731417079355,
    "hjorth_mobility_AF7": 0.43716217776351274,
    "hjorth_mobility_AF8": 0.21153049133611665,
    "hjorth_mobility_TP10": 0.20439288892962498,
    "hjorth_mobility_TP9": 0.3829583416243929,
    "theta_abs_AF7": 3.4933173955855352,
    "theta_abs_AF8": 12.175690265031456,
    "theta_abs_TP10": 33.66459968332632,
    "theta_abs_TP9": 12.996387323787609,
    "theta_alpha_ratio_AF7": 1.3673356301712587,
    "theta_alpha_ratio_AF8": 2.5126958087305766,
    "theta_alpha_ratio_TP10": 2.029379720273927,
    "theta_alpha_ratio_TP9": 1.0121467413728626,
    "theta_beta_ratio_AF7": 0.5329159255537945,
    "theta_beta_ratio_AF8": 1.5194802430866607,
    "theta_beta_ratio_TP10": 1.930552584804806,
    "theta_beta_ratio_TP9": 0.6207171844763835,
    "theta_rel_AF7": 0.13790914952447758,
    "theta_rel_AF8": 0.139231502467907,
    "theta_rel_TP10": 0.16704827247807422,
    "theta_rel_TP9": 0.15259064932092506
  },
  "features_iqr": {
    "alpha_abs_AF7": 1.2920642693520357,
    "alpha_abs_AF8": 5.223624131302834,
    "alpha_abs_TP10": 11.821235936373046,
    "alpha_abs_TP9": 10.645327459102493,
    "alpha_rel_AF7": 0.04730427392038879,
    "alpha_rel_AF8": 0.06449004120624044,
    "alpha_rel_TP10": 0.043573396740995744,
    "alpha_rel_TP9": 0.06801798903821973,
    "beta_abs_AF7": 1.8795512962964507,
    "beta_abs_AF8": 2.955146316564692,
    "beta_abs_TP10": 8.795830586563241,
    "beta_abs_TP9": 4.151458397555633,
    "beta_rel_AF7": 0.08099499333101245,
    "beta_rel_AF8": 0.18169186423052786,
    "beta_rel_TP10": 0.07309900038269539,
    "beta_rel_TP9": 0.1056778984308614,
    "delta_abs_AF7": 6.241090850830699,
    "delta_abs_AF8": 207.1797569440083,
    "delta_abs_TP10": 115.78464886122372,
    "delta_abs_TP9": 24.981756598006427,
    "delta_rel_AF7": 0.13399907011942647,
    "delta_rel_AF8": 0.372125089869548,
    "delta_rel_TP10": 0.21783473524279778,
    "delta_rel_TP9": 0.14627452157013976,
    "frontal_alpha_asym": 0.5391093317470769,
    "gamma_abs_AF7": 1.0256446161726513,
    "gamma_abs_AF8": 0.9990017240384064,
    "gamma_abs_TP10": 1.223836400131903,
    "gamma_abs_TP9": 1.2002018036432478,
    "gamma_rel_AF7": 0.03992944054982367,
    "gamma_rel_AF8": 0.07346101780355516,
    "gamma_rel_TP10": 0.020540394555660816,
    "gamma_rel_TP9": 0.04125845979114123,
    "hjorth_activity_AF7": 14.383169072965728,
    "hjorth_activity_AF8": 325.74839663845444,
    "hjorth_activity_TP10": 228.05485906741677,
    "hjorth_activity_TP9": 74.14953174329037,
    "hjorth_complexity_AF7": 0.2411823571167171,
    "hjorth_complexity_AF8": 1.6642606309377959,
    "hjorth_complexity_TP10": 1.0214747107971203,
    "hjorth_complexity_TP9": 0.5286962889395384,
    "hjorth_mobility_AF7": 0.05831026200512235,
    "hjorth_mobility_AF8": 0.2103280836058845,
    "hjorth_mobility_TP10": 0.08663775307987487,
    "hjorth_mobility_TP9": 0.08892006989189966,
    "theta_abs_AF7": 1.8586920458482865,
    "theta_abs_AF8": 13.586177550757917,
    "theta_abs_TP10": 25.289715091895076,
    "theta_abs_TP9": 16.187737284430476,
    "theta_alpha_ratio_AF7": 0.8114716949408662,
    "theta_alpha_ratio_AF8": 2.2530825621475783,
    "theta_alpha_ratio_TP10": 1.615749636920635,
    "theta_alpha_ratio_TP9": 0.7781351488715472,
    "theta_beta_ratio_AF7": 0.23342580369153365,
    "theta_beta_ratio_AF8": 1.4360270044170518,
    "theta_beta_ratio_TP10": 1.9522499864897132,
    "theta_beta_ratio_TP9": 0.5850452776891734,
    "theta_rel_AF7": 0.03432023801804432,
    "theta_rel_AF8": 0.10769340814102556,
    "theta_rel_TP10": 0.074639704112173,
    "theta_rel_TP9": 0.0655412282008799
  }
}