{
  "file_id": "F009",
  "participant_id": "9#09-10-68#",
  "group_label": "beginner",
  "group_label_raw": "beginner",
  "sr_hz_used": 256,
  "duration_s": 315.234375,
  "good_window_frac": 0.9230769230769231,
  "features_median": {
    "alpha_abs_AF7": 2.7836634432424763,
    "alpha_abs_AF8": 2.8144162748119466,
    "alpha_abs_TP10": 26.850631725808768,
    "alpha_abs_TP9": 20.62538751988643,
    "alpha_rel_AF7": 0.09501954530323375,
    "alpha_rel_AF8": 0.08261081972854514,
    "alpha_rel_TP10": 0.16174340682460153,
    "alpha_rel_TP9": 0.2073879935601962,
    "beta_abs_AF7": 3.3647176080331773,
    "beta_abs_AF8": 3.8027263965523352,
    "beta_abs_TP10": 16.85278624930922,
    "beta_abs_TP9": 10.970638676416417,
    "beta_rel_AF7": 0.1077742181307409,
    "beta_rel_AF8": 0.10077182783495615,
    "beta_rel_TP10": 0.10257678268219517,
    "beta_rel_TP9": 0.11877532773367651,
    "delta_abs_AF7": 14.170469955821073,
    "delta_abs_AF8": 20.281554755737254,
    "delta_abs_TP10": 39.33885680662324,
    "delta_abs_TP9": 10.047688086028025,
    "delta_rel_AF7": 0.4914652610860779,
    "delta_rel_AF8": 0.5205926915157315,
    "delta_rel_TP10": 0.26995515679770454,
    "delta_rel_TP9": 0.1147974704226804,
    "frontal_alpha_asym": -0.07060988536083129,
    "gamma_abs_AF7": 1.0768214492280963,
    "gamma_abs_AF8": 1.2554889464489758,
    "gamma_abs_TP10": 3.878459959421079,
    "gamma_abs_TP9": 3.42883867584392,
    "gamma_rel_AF7": 0.03403912434597543,
    "gamma_rel_AF8": 0.03214872354340194,
    "gamma_rel_TP10": 0.02351886471946397,
    "gamma_rel_TP9": 0.034310910365695724,
    "hjorth_activity_AF7": 32.807038483183476,
    "hjorth_activity_AF8": 43.32268131186987,
    "hjorth_activity_TP10": 173.07751437419654,
    "hjorth_activity_TP9": 98.45888160933336,
    "hjorth_complexity_AF7": 2.6573115466229273,
    "hjorth_complexity_AF8": 2.8493712122236,
    "hjorth_complexity_TP10": 2.450801267132305,
    "hjorth_complexity_TP9": 2.1904848531366374,
    "hjorth_mobility_AF7": 0.24756193966513174,
    "hjorth_mobility_AF8": 0.24350959950705195,
    "hjorth_mobility_TP10": 0.25084945214497323,
    "hjorth_mobility_TP9": 0.28400440273019956,
    "theta_abs_AF7": 3.677532190206526,
    "theta_abs_AF8": 5.224034080296804,
    "theta_abs_TP10": 30.07226716791929,
    "theta_abs_TP9": 22.023261638219026,
    "theta_alpha_ratio_AF7": 1.330788252396642,
    "theta_alpha_ratio_AF8": 1.7747003470468805,
    "theta_alpha_ratio_TP10": 1.3183708785996253,
    "theta_alpha_ratio_TP9": 1.0973597924298848,
    "theta_beta_ratio_AF7": 1.110266369189724,
    "theta_beta_ratio_AF8": 1.371261075235452,
    "theta_beta_ratio_TP10": 1.9129481985953645,
    "theta_beta_ratio_TP9": 1.978322478950092,
    "theta_rel_AF7": 0.11708627058178521,
    "theta_rel_AF8": 0.12778535419851983,
    "theta_rel_TP10": 0.19663319935853824,
    "theta_rel_TP9": 0.23108438920039287
  },
  "features_iqr": {
    "alpha_abs_AF7": 1.2208467664335574,
    "alpha_abs_AF8": 1.2065848862232462,
    "alpha_abs_TP10": 15.557160262909669,
    "alpha_abs_TP9": 13.103174177260339,
    "alpha_rel_AF7": 0.05329020126359174,
    "alpha_rel_AF8": 0.08462519673667686,
    "alpha_rel_TP10": 0.06642035519809258,
    "alpha_rel_TP9": 0.08188112917526716,
    "beta_abs_AF7": 0.7494187176275289,
    "beta_abs_AF8": 0.9246972055197209,
    "beta_abs_TP10": 6.906913926834747,
    "beta_abs_TP9": 3.7346908232032554,
    "beta_rel_AF7": 0.06008663846473057,
    "beta_rel_AF8": 0.11725488864053546,
    "beta_rel_TP10": 0.04076711857584929,
    "beta_rel_TP9": 0.06596105299890548,
    "delta_abs_AF7": 13.280576922345123,
    "delta_abs_AF8": 54.198505761293106,
    "delta_abs_TP10": 52.17661488380908,
    "delta_abs_TP9": 9.595613176549396,
    "delta_rel_AF7": 0.18044111767739368,
    "delta_rel_AF8": 0.4338395245374014,
    "delta_rel_TP10": 0.163709477640144,
    "delta_rel_TP9": 0.11045030258713623,
    "frontal_alpha_asym": 0.45007707057477275,
    "gamma_abs_AF7": 0.21269422755504674,
    "gamma_abs_AF8": 0.3356284658173847,
    "gamma_abs_TP10": 1.1931211272414517,
    "gamma_abs_TP9": 1.2607953374765253,
    "gamma_rel_AF7": 0.021652937621579108,
    "gamma_rel_AF8": 0.03620576557273512,
    "gamma_rel_TP10": 0.01399080434004452,
    "gamma_rel_TP9": 0.018431366661334908,
    "hjorth_activity_AF7": 17.56742070758996,
    "hjorth_activity_AF8": 75.97316631455745,
    "hjorth_activity_TP10": 106.49589483353115,
    "hjorth_activity_TP9": 49.34746281391642,
    "hjorth_complexity_AF7": 0.7344645663964555,
    "hjorth_complexity_AF8": 1.9956733980630932,
    "hjorth_complexity_TP10": 0.41832568797072733,
    "hjorth_complexity_TP9": 0.20920556037384586,
    "hjorth_mobility_AF7": 0.07043721104024614,
    "hjorth_mobility_AF8": 0.14661916837861036,
    "hjorth_mobility_TP10": 0.050739057106115815,
    "hjorth_mobility_TP9": 0.04546109844833507,
    "theta_abs_AF7": 1.4095599024632595,
    "theta_abs_AF8": 3.081310574793766,
    "theta_abs_TP10": 30.57165652764558,
    "theta_abs_TP9": 20.934617163307372,
    "theta_alpha_ratio_AF7": 0.6707659564883042,
    "theta_alpha_ratio_AF8": 0.7952813005965753,
    "theta_alpha_ratio_TP10": 0.7638970753758302,
    "theta_alpha_ratio_TP9": 0.7343670453165418,
    "theta_beta_ratio_AF7": 0.40971206820174344,
    "theta_beta_ratio_AF8": 0.7666031809891936,
    "theta_beta_ratio_TP10": 1.0171007536473677,
    "theta_beta_ratio_TP9": 1.6278456536611647,
    "theta_rel_AF7": 0.06397920866306502,
    "theta_rel_AF8": 0.10767896028601745,
    "theta_rel_TP10": 0.07624925963804721,
    "theta_rel_TP9": 0.07802306496705971
  }
}