{
  "file_id": "F010",
  "participant_id": "10#09-10-68#",
  "group_label": "beginner",
  "group_label_raw": "beginner",
  "sr_hz_used": 1000,
  "duration_s": 315.1670000553131,
  "good_window_frac": 0.23076923076923078,
  "features_median": {
    "alpha_abs_AF7": 1.9721339927713593,
    "alpha_abs_AF8": 3.6473422557776045,
    "alpha_abs_TP10": 6.1101765434492545,
    "alpha_abs_TP9": 5.343585006032967,
    "alpha_rel_AF7": 0.10717947484072485,
    "alpha_rel_AF8": 0.1549391695237002,
    "alpha_rel_TP10": 0.04018931405677448,
    "alpha_rel_TP9": 0.04227619715780555,
    "beta_abs_AF7": 4.418215026233444,
    "beta_abs_AF8": 6.499498057573761,
    "beta_abs_TP10": 12.169345852107751,
    "beta_abs_TP9": 12.548617750444762,
    "beta_rel_AF7": 0.2232882818932445,
    "beta_rel_AF8": 0.24069431174017086,
    "beta_rel_TP10": 0.0823531904558079,
    "beta_rel_TP9": 0.10869071121880465,
    "delta_abs_AF7": 3.992768013602199,
    "delta_abs_AF8": 3.198269039028199,
    "delta_abs_TP10": 51.76692167607872,
    "delta_abs_TP9": 43.35929870897919,
    "delta_rel_AF7": 0.21442726693350442,
    "delta_rel_AF8": 0.11840160530675552,
    "delta_rel_TP10": 0.3591021037563252,
    "delta_rel_TP9": 0.3390117403897518,
    "frontal_alpha_asym": -0.8193441046043344,
    "gamma_abs_AF7": 1.8241274564107528,
    "gamma_abs_AF8": 2.228366239921318,
    "gamma_abs_TP10": 46.98527979868284,
    "gamma_abs_TP9": 49.82368894409764,
    "gamma_rel_AF7": 0.10847485881761525,
    "gamma_rel_AF8": 0.08656072799652562,
    "gamma_rel_TP10": 0.29769627324285347,
    "gamma_rel_TP9": 0.35048572437690334,
    "hjorth_activity_AF7": 19.599045812837204,
    "hjorth_activity_AF8": 26.650679477415082,
    "hjorth_activity_TP10": 164.30531246204305,
    "hjorth_activity_TP9": 151.3634816593037,
    "hjorth_complexity_AF7": 1.931260563644548,
    "hjorth_complexity_AF8": 1.875078160210699,
    "hjorth_complexity_TP10": 1.7738521476969575,
    "hjorth_complexity_TP9": 1.5956576855601188,
    "hjorth_mobility_AF7": 0.1002469419061015,
    "hjorth_mobility_AF8": 0.10075868782457528,
    "hjorth_mobility_TP10": 0.12075183442981759,
    "hjorth_mobility_TP9": 0.13158293300233115,
    "theta_abs_AF7": 3.6346213824445774,
    "theta_abs_AF8": 5.491044945669951,
    "theta_abs_TP10": 11.893671639529725,
    "theta_abs_TP9": 8.271400264505294,
    "theta_alpha_ratio_AF7": 1.7814110970536072,
    "theta_alpha_ratio_AF8": 1.25839439016036,
    "theta_alpha_ratio_TP10": 2.144758024707559,
    "theta_alpha_ratio_TP9": 1.1654766202127504,
    "theta_beta_ratio_AF7": 0.7094043289049634,
    "theta_beta_ratio_AF8": 0.8747235734135235,
    "theta_beta_ratio_TP10": 1.0025090873301739,
    "theta_beta_ratio_TP9": 0.5182937261923959,
    "theta_rel_AF7": 0.17795274732572233,
    "theta_rel_AF8": 0.21059331545991566,
    "theta_rel_TP10": 0.08313247394237465,
    "theta_rel_TP9": 0.057880849556047935
  },
  "features_iqr": {
    "alpha_abs_AF7": 0.33837344849330764,
    "alpha_abs_AF8": 1.8853326199056513,
    "alpha_abs_TP10": 12.262738690696041,
    "alpha_abs_TP9": 3.034664511006805,
    "alpha_rel_AF7": 0.012899640621591851,
    "alpha_rel_AF8": 0.049314215160039115,
    "alpha_rel_TP10": 0.061196615347043015,
    "alpha_rel_TP9": 0.021227062839211178,
    "beta_abs_AF7": 2.0626330852214734,
    "beta_abs_AF8": 0.5268626032933499,
    "beta_abs_TP10": 13.235533466038529,
    "beta_abs_TP9": 5.216033961985323,
    "beta_rel_AF7": 0.05923526747018418,
    "beta_rel_AF8": 0.04369318243744574,
    "beta_rel_TP10": 0.05448238656960609,
    "beta_rel_TP9": 0.015344885509767967,
    "delta_abs_AF7": 5.248144028367205,
    "delta_abs_AF8": 2.980300970514412,
    "delta_abs_TP10": 29.242897069822668,
    "delta_abs_TP9": 16.86379664484633,
    "delta_rel_AF7": 0.18954582981838664,
    "delta_rel_AF8": 0.09786082292661741,
    "delta_rel_TP10": 0.22980883008144407,
    "delta_rel_TP9": 0.10784196862518114,
    "frontal_alpha_asym": 0.43477743530934054,
    "gamma_abs_AF7": 0.5940693675355289,
    "gamma_abs_AF8": 0.42830510205055994,
    "gamma_abs_TP10": 16.276592843218452,
    "gamma_abs_TP9": 20.686495222840115,
    "gamma_rel_AF7": 0.03914038542660683,
    "gamma_rel_AF8": 0.021840508656034457,
    "gamma_rel_TP10": 0.06751303011005422,
    "gamma_rel_TP9": 0.06468247024422402,
    "hjorth_activity_AF7": 3.6907025755050142,
    "hjorth_activity_AF8": 3.7190311442037043,
    "hjorth_activity_TP10": 38.26647677395988,
    "hjorth_activity_TP9": 45.814217779913335,
    "hjorth_complexity_AF7": 0.32210168167197284,
    "hjorth_complexity_AF8": 0.1489104114297064,
    "hjorth_complexity_TP10": 0.16403509308976716,
    "hjorth_complexity_TP9": 0.0938700629115905,
    "hjorth_mobility_AF7": 0.01667847691847657,
    "hjorth_mobility_AF8": 0.006627942145481597,
    "hjorth_mobility_TP10": 0.01043795444653324,
    "hjorth_mobility_TP9": 0.009439699891391096,
    "theta_abs_AF7": 1.2627509608154357,
    "theta_abs_AF8": 1.9308120447822459,
    "theta_abs_TP10": 16.823288285210666,
    "theta_abs_TP9": 2.7037617804817913,
    "theta_alpha_ratio_AF7": 0.5055826876266731,
    "theta_alpha_ratio_AF8": 0.8970204929072956,
    "theta_alpha_ratio_TP10": 0.9941366024390279,
    "theta_alpha_ratio_TP9": 0.626743396071684,
    "theta_beta_ratio_AF7": 0.25025213193242135,
    "theta_beta_ratio_AF8": 0.3521250891486388,
    "theta_beta_ratio_TP10": 0.3307527385513924,
    "theta_beta_ratio_TP9": 0.14477121615819527,
    "theta_rel_AF7": 0.053887320224284385,
    "theta_rel_AF8": 0.04758219665611327,
    "theta_rel_TP10": 0.09307060422781978,
    "theta_rel_TP9": 0.009703986216144343
  }
}