{
  "file_id": "F011",
  "participant_id": "11#09-10-68#",
  "group_label": "beginner",
  "group_label_raw": "beginner",
  "sr_hz_used": 1000,
  "duration_s": 306.60400009155273,
  "good_window_frac": 0.6578947368421053,
  "features_median": {
    "alpha_abs_AF7": 3.023059186145053,
    "alpha_abs_AF8": 4.397906120704937,
    "alpha_abs_TP10": 6.28454513711511,
    "alpha_abs_TP9": 10.09166946818817,
    "alpha_rel_AF7": 0.10491817993169407,
    "alpha_rel_AF8": 0.11642043169552128,
    "alpha_rel_TP10": 0.05166820184178858,
    "alpha_rel_TP9": 0.05948894520390836,
    "beta_abs_AF7": 4.901753581854946,
    "beta_abs_AF8": 5.957827755194588,
    "beta_abs_TP10": 14.643691148688537,
    "beta_abs_TP9": 17.965549648406746,
    "beta_rel_AF7": 0.14014808518454197,
    "beta_rel_AF8": 0.15526224610397174,
    "beta_rel_TP10": 0.12214012914740838,
    "beta_rel_TP9": 0.1039463491028118,
    "delta_abs_AF7": 12.236935647452913,
    "delta_abs_AF8": 6.79848707996454,
    "delta_abs_TP10": 54.46498722414515,
    "delta_abs_TP9": 60.38075044287781,
    "delta_rel_AF7": 0.3366938531769581,
    "delta_rel_AF8": 0.21955211903397165,
    "delta_rel_TP10": 0.42065660483106376,
    "delta_rel_TP9": 0.44695532972528285,
    "frontal_alpha_asym": -0.3731288752128523,
    "gamma_abs_AF7": 2.3391313194158303,
    "gamma_abs_AF8": 2.1375201088102997,
    "gamma_abs_TP10": 25.71518363481814,
    "gamma_abs_TP9": 29.148537932359528,
    "gamma_rel_AF7": 0.0649890136104758,
    "gamma_rel_AF8": 0.061325870666129906,
    "gamma_rel_TP10": 0.18204525272085254,
    "gamma_rel_TP9": 0.14734222521094623,
    "hjorth_activity_AF7": 39.332505949760645,
    "hjorth_activity_AF8": 36.89170149312212,
    "hjorth_activity_TP10": 139.04288674851716,
    "hjorth_activity_TP9": 181.31184429420236,
    "hjorth_complexity_AF7": 2.434153887065732,
    "hjorth_complexity_AF8": 2.2717026391695696,
    "hjorth_complexity_TP10": 1.9647530776791624,
    "hjorth_complexity_TP9": 2.126702387348841,
    "hjorth_mobility_AF7": 0.08005745286002441,
    "hjorth_mobility_AF8": 0.08387849516132496,
    "hjorth_mobility_TP10": 0.12031417000315263,
    "hjorth_mobility_TP9": 0.1121636054616384,
    "theta_abs_AF7": 6.509528120491175,
    "theta_abs_AF8": 9.560041011899518,
    "theta_abs_TP10": 11.396237510431714,
    "theta_abs_TP9": 16.76663550143975,
    "theta_alpha_ratio_AF7": 1.8657104705681835,
    "theta_alpha_ratio_AF8": 2.170464892372156,
    "theta_alpha_ratio_TP10": 1.7820110906743856,
    "theta_alpha_ratio_TP9": 1.888113389653711,
    "theta_beta_ratio_AF7": 1.2094426276846697,
    "theta_beta_ratio_AF8": 1.6038797368530617,
    "theta_beta_ratio_TP10": 0.791300119556905,
    "theta_beta_ratio_TP9": 1.000289460695569,
    "theta_rel_AF7": 0.18694286427309906,
    "theta_rel_AF8": 0.26295007181259156,
    "theta_rel_TP10": 0.09809487397663336,
    "theta_rel_TP9": 0.09779281947514754
  },
  "features_iqr": {
    "alpha_abs_AF7": 1.011516995833866,
    "alpha_abs_AF8": 1.782196168226283,
    "alpha_abs_TP10": 3.248219492427922,
    "alpha_abs_TP9": 6.791367411350997,
    "alpha_rel_AF7": 0.03143130686112551,
    "alpha_rel_AF8": 0.024759529492635518,
    "alpha_rel_TP10": 0.017930660238835765,
    "alpha_rel_TP9": 0.02991524076877146,
    "beta_abs_AF7": 1.7310576516224403,
    "beta_abs_AF8": 1.534440147376321,
    "beta_abs_TP10": 5.8173583277823795,
    "beta_abs_TP9": 7.201134093499414,
    "beta_rel_AF7": 0.035294462863314585,
    "beta_rel_AF8": 0.0496716887293038,
    "beta_rel_TP10": 0.04439624816843703,
    "beta_rel_TP9": 0.0472477545047037,
    "delta_abs_AF7": 7.695339598109047,
    "delta_abs_AF8": 7.519233041945018,
    "delta_abs_TP10": 41.046931978446324,
    "delta_abs_TP9": 58.80219824692715,
    "delta_rel_AF7": 0.13320606610922892,
    "delta_rel_AF8": 0.13338921692817451,
    "delta_rel_TP10": 0.15539108595661982,
    "delta_rel_TP9": 0.17538229134164102,
    "frontal_alpha_asym": 0.7144294551628065,
    "gamma_abs_AF7": 0.654022251600596,
    "gamma_abs_AF8": 0.8051739630634336,
    "gamma_abs_TP10": 10.777988281600305,
    "gamma_abs_TP9": 10.522655092097711,
    "gamma_rel_AF7": 0.024468715776939202,
    "gamma_rel_AF8": 0.025681350576528192,
    "gamma_rel_TP10": 0.10983979625657925,
    "gamma_rel_TP9": 0.11593157076231828,
    "hjorth_activity_AF7": 17.637437548838548,
    "hjorth_activity_AF8": 18.36440451033748,
    "hjorth_activity_TP10": 85.21258456845152,
    "hjorth_activity_TP9": 103.84615671164377,
    "hjorth_complexity_AF7": 0.3743918529673489,
    "hjorth_complexity_AF8": 0.363763933279476,
    "hjorth_complexity_TP10": 0.44399791139370826,
    "hjorth_complexity_TP9": 0.5317007270151366,
    "hjorth_mobility_AF7": 0.01101237883491206,
    "hjorth_mobility_AF8": 0.013577091420883577,
    "hjorth_mobility_TP10": 0.033742146526343164,
    "hjorth_mobility_TP9": 0.028225714438546615,
    "theta_abs_AF7": 5.182947393346519,
    "theta_abs_AF8": 7.092933927395128,
    "theta_abs_TP10": 9.827654842615752,
    "theta_abs_TP9": 22.323892267114957,
    "theta_alpha_ratio_AF7": 1.2440089336192228,
    "theta_alpha_ratio_AF8": 0.8743747831326589,
    "theta_alpha_ratio_TP10": 0.7402678974625969,
    "theta_alpha_ratio_TP9": 1.2405456915700501,
    "theta_beta_ratio_AF7": 0.7097023914644955,
    "theta_beta_ratio_AF8": 0.690334825289775,
    "theta_beta_ratio_TP10": 0.325160126800241,
    "theta_beta_ratio_TP9": 1.1259659657232541,
    "theta_rel_AF7": 0.068913403134585,
    "theta_rel_AF8": 0.08426943917154611,
    "theta_rel_TP10": 0.03141821484405005,
    "theta_rel_TP9": 0.06794231602276492
  }
}