{
  "file_id": "F013",
  "participant_id": "13#09-10-68#",
  "group_label": "trained_over_3_years",
  "group_label_raw": "trained_over_3_years",
  "sr_hz_used": 1000,
  "duration_s": 283.0569999217987,
  "good_window_frac": 0.5714285714285714,
  "features_median": {
    "alpha_abs_AF7": 1.2216669788819965,
    "alpha_abs_AF8": 2.0844555460760144,
    "alpha_abs_TP10": 1.834501289267311,
    "alpha_abs_TP9": 2.811360369138561,
    "alpha_rel_AF7": 0.06674210790964706,
    "alpha_rel_AF8": 0.07955587070657202,
    "alpha_rel_TP10": 0.050888104637421626,
    "alpha_rel_TP9": 0.05986812555238542,
    "beta_abs_AF7": 3.083063457440879,
    "beta_abs_AF8": 4.877437225523449,
    "beta_abs_TP10": 7.5248649297022645,
    "beta_abs_TP9": 8.244205373238096,
    "beta_rel_AF7": 0.15700030094583844,
    "beta_rel_AF8": 0.2357837585723484,
    "beta_rel_TP10": 0.18671218951703306,
    "beta_rel_TP9": 0.1963878275749172,
    "delta_abs_AF7": 9.81038718993906,
    "delta_abs_AF8": 6.014281240945566,
    "delta_abs_TP10": 12.077093734908715,
    "delta_abs_TP9": 15.3334591960881,
    "delta_rel_AF7": 0.515359956662397,
    "delta_rel_AF8": 0.2942386203603018,
    "delta_rel_TP10": 0.30334189376978604,
    "delta_rel_TP9": 0.28644349002375946,
    "frontal_alpha_asym": -0.505324256619464,
    "gamma_abs_AF7": 1.601786691518602,
    "gamma_abs_AF8": 2.0393384408992237,
    "gamma_abs_TP10": 10.185040785107502,
    "gamma_abs_TP9": 9.060099727191623,
    "gamma_rel_AF7": 0.0845866910137961,
    "gamma_rel_AF8": 0.0743897034460965,
    "gamma_rel_TP10": 0.2483128041717224,
    "gamma_rel_TP9": 0.19697787520454588,
    "hjorth_activity_AF7": 23.231670187803633,
    "hjorth_activity_AF8": 28.129888879630606,
    "hjorth_activity_TP10": 45.60782829608837,
    "hjorth_activity_TP9": 49.55595316430969,
    "hjorth_complexity_AF7": 2.386947725386327,
    "hjorth_complexity_AF8": 2.1255773489356224,
    "hjorth_complexity_TP10": 1.5779274878283325,
    "hjorth_complexity_TP9": 1.8158081067809173,
    "hjorth_mobility_AF7": 0.08457550013007262,
    "hjorth_mobility_AF8": 0.0921384927614405,
    "hjorth_mobility_TP10": 0.13762796289275092,
    "hjorth_mobility_TP9": 0.1188845946901079,
    "theta_abs_AF7": 1.288044752726688,
    "theta_abs_AF8": 3.5042244908342686,
    "theta_abs_TP10": 3.613662221020788,
    "theta_abs_TP9": 4.104335696828324,
    "theta_alpha_ratio_AF7": 0.9698147364112482,
    "theta_alpha_ratio_AF8": 1.7249187078099961,
    "theta_alpha_ratio_TP10": 1.5422683549651834,
    "theta_alpha_ratio_TP9": 1.4767484189671016,
    "theta_beta_ratio_AF7": 0.41710877894861764,
    "theta_beta_ratio_AF8": 0.6352677679196563,
    "theta_beta_ratio_TP10": 0.45991211939949583,
    "theta_beta_ratio_TP9": 0.5252029721263813,
    "theta_rel_AF7": 0.062042472101254284,
    "theta_rel_AF8": 0.13050421771436158,
    "theta_rel_TP10": 0.08003613189998457,
    "theta_rel_TP9": 0.08242285365619478
  },
  "features_iqr": {
    "alpha_abs_AF7": 0.3696272907048599,
    "alpha_abs_AF8": 0.5244417451280661,
    "alpha_abs_TP10": 1.4988428048986202,
    "alpha_abs_TP9": 1.5031866550477986,
    "alpha_rel_AF7": 0.04286605269339483,
    "alpha_rel_AF8": 0.05650434918413968,
    "alpha_rel_TP10": 0.04068522603205281,
    "alpha_rel_TP9": 0.036707351685821794,
    "beta_abs_AF7": 0.5977020426682729,
    "beta_abs_AF8": 1.6619752316425034,
    "beta_abs_TP10": 1.2102861817550572,
    "beta_abs_TP9": 2.3080906535656087,
    "beta_rel_AF7": 0.09046243629586248,
    "beta_rel_AF8": 0.17495902830829763,
    "beta_rel_TP10": 0.08220065171804572,
    "beta_rel_TP9": 0.10232569775333233,
    "delta_abs_AF7": 11.600015250222976,
    "delta_abs_AF8": 18.625425723817415,
    "delta_abs_TP10": 11.065911774670452,
    "delta_abs_TP9": 13.48524758477626,
    "delta_rel_AF7": 0.2557609292171733,
    "delta_rel_AF8": 0.37430224507202325,
    "delta_rel_TP10": 0.20199399405000037,
    "delta_rel_TP9": 0.17696624999136884,
    "frontal_alpha_asym": 0.3422712765391842,
    "gamma_abs_AF7": 0.1975603107616275,
    "gamma_abs_AF8": 0.48673051216124463,
    "gamma_abs_TP10": 4.673412637275427,
    "gamma_abs_TP9": 4.127203776249965,
    "gamma_rel_AF7": 0.05862558367238209,
    "gamma_rel_AF8": 0.04832924585498758,
    "gamma_rel_TP10": 0.10897268918828262,
    "gamma_rel_TP9": 0.09889593668978838,
    "hjorth_activity_AF7": 18.68059704058583,
    "hjorth_activity_AF8": 23.186448905798315,
    "hjorth_activity_TP10": 15.95274789887246,
    "hjorth_activity_TP9": 27.297766069115156,
    "hjorth_complexity_AF7": 0.9538236460299918,
    "hjorth_complexity_AF8": 1.0488281418895,
    "hjorth_complexity_TP10": 0.3603852132666998,
    "hjorth_complexity_TP9": 0.4238999815588478,
    "hjorth_mobility_AF7": 0.038823473069072065,
    "hjorth_mobility_AF8": 0.034509064809476075,
    "hjorth_mobility_TP10": 0.03018611558890688,
    "hjorth_mobility_TP9": 0.028067220799112183,
    "theta_abs_AF7": 1.0095937077659942,
    "theta_abs_AF8": 1.3003489540594755,
    "theta_abs_TP10": 1.5103166651668207,
    "theta_abs_TP9": 3.057064993356906,
    "theta_alpha_ratio_AF7": 0.6991566435483305,
    "theta_alpha_ratio_AF8": 0.8362394685966124,
    "theta_alpha_ratio_TP10": 1.1487610852796877,
    "theta_alpha_ratio_TP9": 1.1090419211421683,
    "theta_beta_ratio_AF7": 0.23504248832622343,
    "theta_beta_ratio_AF8": 0.28167115525842523,
    "theta_beta_ratio_TP10": 0.26671243582772886,
    "theta_beta_ratio_TP9": 0.2732585590022606,
    "theta_rel_AF7": 0.033364202504050616,
    "theta_rel_AF8": 0.0926864911530658,
    "theta_rel_TP10": 0.01547793532322149,
    "theta_rel_TP9": 0.023982182774651237
  }
}