{
  "file_id": "F014",
  "participant_id": "14#09-10-68#",
  "group_label": "trained_over_3_years",
  "group_label_raw": "trained_over_3_years",
  "sr_hz_used": 1000,
  "duration_s": 264.117999792099,
  "good_window_frac": 0.71875,
  "features_median": {
    "alpha_abs_AF7": 2.0009224702554738,
    "alpha_abs_AF8": 3.5497641773175728,
    "alpha_abs_TP10": 7.129573411642041,
    "alpha_abs_TP9": 15.278968595528493,
    "alpha_rel_AF7": 0.07397724439724768,
    "alpha_rel_AF8": 0.060382452810396066,
    "alpha_rel_TP10": 0.10711537308055857,
    "alpha_rel_TP9": 0.12804938718726194,
    "beta_abs_AF7": 4.094034128585632,
    "beta_abs_AF8": 5.397907797662141,
    "beta_abs_TP10": 18.992197972612047,
    "beta_abs_TP9": 32.08314328212329,
    "beta_rel_AF7": 0.16549029387676154,
    "beta_rel_AF8": 0.09032857051002825,
    "beta_rel_TP10": 0.25117980799581446,
    "beta_rel_TP9": 0.27341085723272096,
    "delta_abs_AF7": 11.991616788573026,
    "delta_abs_AF8": 37.03493032397217,
    "delta_abs_TP10": 13.315851520714759,
    "delta_abs_TP9": 10.88293427631697,
    "delta_rel_AF7": 0.4368205841293714,
    "delta_rel_AF8": 0.5536504669876491,
    "delta_rel_TP10": 0.14710340322768536,
    "delta_rel_TP9": 0.08508245459361238,
    "frontal_alpha_asym": -0.6753417339880703,
    "gamma_abs_AF7": 1.9759179547902794,
    "gamma_abs_AF8": 2.7822889492940566,
    "gamma_abs_TP10": 19.792109450460746,
    "gamma_abs_TP9": 24.996983444734333,
    "gamma_rel_AF7": 0.07241193932387187,
    "gamma_rel_AF8": 0.05398624947452383,
    "gamma_rel_TP10": 0.23133258245488128,
    "gamma_rel_TP9": 0.2075900071916148,
    "hjorth_activity_AF7": 28.17556029388354,
    "hjorth_activity_AF8": 71.48718633093131,
    "hjorth_activity_TP10": 88.7466344748525,
    "hjorth_activity_TP9": 128.1524076559325,
    "hjorth_complexity_AF7": 2.350842297401696,
    "hjorth_complexity_AF8": 2.9862175480787982,
    "hjorth_complexity_TP10": 1.5572935858971166,
    "hjorth_complexity_TP9": 1.6068878418079793,
    "hjorth_mobility_AF7": 0.0861729190744688,
    "hjorth_mobility_AF8": 0.06531213154284586,
    "hjorth_mobility_TP10": 0.1514413707700829,
    "hjorth_mobility_TP9": 0.140462987052253,
    "theta_abs_AF7": 3.2082853520872563,
    "theta_abs_AF8": 5.759672295162739,
    "theta_abs_TP10": 9.07051436433786,
    "theta_abs_TP9": 19.155585882134535,
    "theta_alpha_ratio_AF7": 1.9397198380484875,
    "theta_alpha_ratio_AF8": 1.7391278156302268,
    "theta_alpha_ratio_TP10": 1.261851314194854,
    "theta_alpha_ratio_TP9": 0.9619239739065174,
    "theta_beta_ratio_AF7": 0.7754293196938619,
    "theta_beta_ratio_AF8": 1.1367732516215823,
    "theta_beta_ratio_TP10": 0.4577195612045792,
    "theta_beta_ratio_TP9": 0.45623022926372403,
    "theta_rel_AF7": 0.1303192990151929,
    "theta_rel_AF8": 0.11305903869709445,
    "theta_rel_TP10": 0.1305765213937282,
    "theta_rel_TP9": 0.13513036492610464
  },
  "features_iqr": {
    "alpha_abs_AF7": 1.106958850179216,
    "alpha_abs_AF8": 0.8491998151173616,
    "alpha_abs_TP10": 8.99754520303034,
    "alpha_abs_TP9": 14.414968586315716,
    "alpha_rel_AF7": 0.048910932428543,
    "alpha_rel_AF8": 0.03777657840343879,
    "alpha_rel_TP10": 0.04799495517568833,
    "alpha_rel_TP9": 0.04810816045039004,
    "beta_abs_AF7": 0.7285018216688837,
    "beta_abs_AF8": 1.0638868427673511,
    "beta_abs_TP10": 12.580573022284952,
    "beta_abs_TP9": 29.39800913635672,
    "beta_rel_AF7": 0.09115825932781443,
    "beta_rel_AF8": 0.06183494910231832,
    "beta_rel_TP10": 0.07580326879834637,
    "beta_rel_TP9": 0.0935703230939699,
    "delta_abs_AF7": 11.822071738002142,
    "delta_abs_AF8": 31.372359751538553,
    "delta_abs_TP10": 17.9550601557429,
    "delta_abs_TP9": 7.873830386831312,
    "delta_rel_AF7": 0.2224102497161069,
    "delta_rel_AF8": 0.1728151953713093,
    "delta_rel_TP10": 0.1443569261470401,
    "delta_rel_TP9": 0.07087653198229127,
    "frontal_alpha_asym": 0.5141485737946543,
    "gamma_abs_AF7": 0.43953254860655155,
    "gamma_abs_AF8": 0.7067338742281515,
    "gamma_abs_TP10": 6.075169001767474,
    "gamma_abs_TP9": 10.238986607845334,
    "gamma_rel_AF7": 0.055660560695764125,
    "gamma_rel_AF8": 0.0437765280937378,
    "gamma_rel_TP10": 0.11969730352946578,
    "gamma_rel_TP9": 0.06505331830135602,
    "hjorth_activity_AF7": 17.574338749385713,
    "hjorth_activity_AF8": 45.17494785661431,
    "hjorth_activity_TP10": 58.89329811170788,
    "hjorth_activity_TP9": 72.545780324941,
    "hjorth_complexity_AF7": 0.8889168486318231,
    "hjorth_complexity_AF8": 0.9218847631236269,
    "hjorth_complexity_TP10": 0.30278981443573594,
    "hjorth_complexity_TP9": 0.1667727707165767,
    "hjorth_mobility_AF7": 0.03412629414197679,
    "hjorth_mobility_AF8": 0.023508297442117354,
    "hjorth_mobility_TP10": 0.037118937634973315,
    "hjorth_mobility_TP9": 0.018423914071208802,
    "theta_abs_AF7": 1.4591148846274913,
    "theta_abs_AF8": 3.1504018162581033,
    "theta_abs_TP10": 13.030886136286654,
    "theta_abs_TP9": 18.511929280565262,
    "theta_alpha_ratio_AF7": 1.3463542538255675,
    "theta_alpha_ratio_AF8": 0.3303717740752905,
    "theta_alpha_ratio_TP10": 0.6278296534151634,
    "theta_alpha_ratio_TP9": 0.5121944815229267,
    "theta_beta_ratio_AF7": 0.3787622220279053,
    "theta_beta_ratio_AF8": 0.5286363738365301,
    "theta_beta_ratio_TP10": 0.27993028090554467,
    "theta_beta_ratio_TP9": 0.2378286410976846,
    "theta_rel_AF7": 0.08917796928619788,
    "theta_rel_AF8": 0.04835676635671163,
    "theta_rel_TP10": 0.059233666465231344,
    "theta_rel_TP9": 0.060004388150089086
  }
}