{
  "file_id": "F016",
  "participant_id": "16#09-10-68#",
  "group_label": "beginner",
  "group_label_raw": "beginner",
  "sr_hz_used": 1000,
  "duration_s": 355.55800008773804,
  "good_window_frac": 0.13636363636363635,
  "features_median": {
    "alpha_abs_AF7": 2.708905890576051,
    "alpha_abs_AF8": 178.9050719020466,
    "alpha_abs_TP10": 11.222613200437586,
    "alpha_abs_TP9": 8.761357615311688,
    "alpha_rel_AF7": 0.06765266314655045,
    "alpha_rel_AF8": 0.18101117954339677,
    "alpha_rel_TP10": 0.13990712231643482,
    "alpha_rel_TP9": 0.13731565208751378,
    "beta_abs_AF7": 4.759530668899531,
    "beta_abs_AF8": 121.24929419170206,
    "beta_abs_TP10": 14.408651500331361,
    "beta_abs_TP9": 12.741085881280812,
    "beta_rel_AF7": 0.12301286276232049,
    "beta_rel_AF8": 0.122058323015333,
    "beta_rel_TP10": 0.16881364942021754,
    "beta_rel_TP9": 0.1947272937033723,
    "delta_abs_AF7": 21.779993640316818,
    "delta_abs_AF8": 252.39227142162713,
    "delta_abs_TP10": 15.768764001828321,
    "delta_abs_TP9": 18.647495032445846,
    "delta_rel_AF7": 0.5199505368416721,
    "delta_rel_AF8": 0.2563119517699746,
    "delta_rel_TP10": 0.25160147451881304,
    "delta_rel_TP9": 0.3029223129987062,
    "frontal_alpha_asym": -4.150929063563401,
    "gamma_abs_AF7": 1.4480044728251151,
    "gamma_abs_AF8": 24.9759453003512,
    "gamma_abs_TP10": 8.352948495389459,
    "gamma_abs_TP9": 6.404000199705283,
    "gamma_rel_AF7": 0.03465695880420672,
    "gamma_rel_AF8": 0.022367051036963327,
    "gamma_rel_TP10": 0.10688057383326217,
    "gamma_rel_TP9": 0.0955854952521915,
    "hjorth_activity_AF7": 47.62045132088704,
    "hjorth_activity_AF8": 1124.1794462391654,
    "hjorth_activity_TP10": 84.04291724998046,
    "hjorth_activity_TP9": 71.53183228968746,
    "hjorth_complexity_AF7": 2.849671808967675,
    "hjorth_complexity_AF8": 2.2899252993510073,
    "hjorth_complexity_TP10": 2.0025835802221974,
    "hjorth_complexity_TP9": 2.0308007042957437,
    "hjorth_mobility_AF7": 0.06343148743246153,
    "hjorth_mobility_AF8": 0.062085715530265956,
    "hjorth_mobility_TP10": 0.10223936058999408,
    "hjorth_mobility_TP9": 0.09620228847676729,
    "theta_abs_AF7": 4.6354730519526015,
    "theta_abs_AF8": 174.69778015419035,
    "theta_abs_TP10": 12.564461507767966,
    "theta_abs_TP9": 8.12024896947189,
    "theta_alpha_ratio_AF7": 1.6139008580130976,
    "theta_alpha_ratio_AF8": 0.7993633403115874,
    "theta_alpha_ratio_TP10": 1.0171347233927979,
    "theta_alpha_ratio_TP9": 0.7525873613008655,
    "theta_beta_ratio_AF7": 0.927153174685355,
    "theta_beta_ratio_AF8": 1.0559641812087692,
    "theta_beta_ratio_TP10": 0.9256097649103057,
    "theta_beta_ratio_TP9": 0.6223529423050658,
    "theta_rel_AF7": 0.11562504343537089,
    "theta_rel_AF8": 0.13725340262925875,
    "theta_rel_TP10": 0.15313399620482515,
    "theta_rel_TP9": 0.10770403442730853
  },
  "features_iqr": {
    "alpha_abs_AF7": 0.7618180816484763,
    "alpha_abs_AF8": 69.29333235490327,
    "alpha_abs_TP10": 6.518486099948108,
    "alpha_abs_TP9": 3.7871169245202427,
    "alpha_rel_AF7": 0.010032656238945711,
    "alpha_rel_AF8": 0.046872778609420795,
    "alpha_rel_TP10": 0.042582897602156805,
    "alpha_rel_TP9": 0.024733538540889166,
    "beta_abs_AF7": 1.7331436275322387,
    "beta_abs_AF8": 43.47432037577245,
    "beta_abs_TP10": 4.771861230683104,
    "beta_abs_TP9": 1.021954756814857,
    "beta_rel_AF7": 0.027601690109569213,
    "beta_rel_AF8": 0.017222533492899664,
    "beta_rel_TP10": 0.013977723855768398,
    "beta_rel_TP9": 0.015090077474916141,
    "delta_abs_AF7": 8.193399794428796,
    "delta_abs_AF8": 78.77727574344814,
    "delta_abs_TP10": 9.057424397867143,
    "delta_abs_TP9": 9.02325698851011,
    "delta_rel_AF7": 0.086540402527706,
    "delta_rel_AF8": 0.05595137762087554,
    "delta_rel_TP10": 0.07563282269791749,
    "delta_rel_TP9": 0.07631485434326846,
    "frontal_alpha_asym": 0.6054157248480037,
    "gamma_abs_AF7": 0.2720968759057423,
    "gamma_abs_AF8": 7.814695382444967,
    "gamma_abs_TP10": 2.7600768632882033,
    "gamma_abs_TP9": 2.1754789618389916,
    "gamma_rel_AF7": 0.012259810713869921,
    "gamma_rel_AF8": 0.0029625723283138727,
    "gamma_rel_TP10": 0.051214228968914324,
    "gamma_rel_TP9": 0.04323846455887198,
    "hjorth_activity_AF7": 6.352948472297733,
    "hjorth_activity_AF8": 239.77844160784275,
    "hjorth_activity_TP10": 31.191477811357686,
    "hjorth_activity_TP9": 14.967357095019082,
    "hjorth_complexity_AF7": 0.3028164335838195,
    "hjorth_complexity_AF8": 0.11032186635014707,
    "hjorth_complexity_TP10": 0.0962855002074221,
    "hjorth_complexity_TP9": 0.20330815556081716,
    "hjorth_mobility_AF7": 0.006639997201767042,
    "hjorth_mobility_AF8": 0.0016813345257136111,
    "hjorth_mobility_TP10": 0.009061778705193868,
    "hjorth_mobility_TP9": 0.015588167170715761,
    "theta_abs_AF7": 1.7263084927750594,
    "theta_abs_AF8": 106.4653139065187,
    "theta_abs_TP10": 9.142986766896113,
    "theta_abs_TP9": 3.7299447576584663,
    "theta_alpha_ratio_AF7": 0.8884033850773849,
    "theta_alpha_ratio_AF8": 0.7032741030878072,
    "theta_alpha_ratio_TP10": 0.3503573295241518,
    "theta_alpha_ratio_TP9": 0.08970225889850392,
    "theta_beta_ratio_AF7": 0.3516160910835774,
    "theta_beta_ratio_AF8": 1.0185281058447242,
    "theta_beta_ratio_TP10": 0.29478736585713694,
    "theta_beta_ratio_TP9": 0.23208309612278588,
    "theta_rel_AF7": 0.04593941013170466,
    "theta_rel_AF8": 0.09546640884806787,
    "theta_rel_TP10": 0.036749617934725615,
    "theta_rel_TP9": 0.026463632703837364
  }
}