{
  "file_id": "F017",
  "participant_id": "17#09-10-68#",
  "group_label": "trained_over_3_years",
  "group_label_raw": "trained_over_3_years",
  "sr_hz_used": 1000,
  "duration_s": 310.6579999923706,
  "good_window_frac": 0.6842105263157895,
  "features_median": {
    "alpha_abs_AF7": 2.0887801987963703,
    "alpha_abs_AF8": 3.204309759625901,
    "alpha_abs_TP10": 10.987899151970662,
    "alpha_abs_TP9": 8.70959984016519,
    "alpha_rel_AF7": 0.15066334693741779,
    "alpha_rel_AF8": 0.15926418131105058,
    "alpha_rel_TP10": 0.1386406910999734,
    "alpha_rel_TP9": 0.13457977467818122,
    "beta_abs_AF7": 5.009579704804987,
    "beta_abs_AF8": 6.947525983308518,
    "beta_abs_TP10": 38.40393390355749,
    "beta_abs_TP9": 32.50772343396563,
    "beta_rel_AF7": 0.3746632538118734,
    "beta_rel_AF8": 0.3566248755704772,
    "beta_rel_TP10": 0.46501133753651747,
    "beta_rel_TP9": 0.48003834524938793,
    "delta_abs_AF7": 1.020663128894465,
    "delta_abs_AF8": 1.3915511643546477,
    "delta_abs_TP10": 3.158415883068337,
    "delta_abs_TP9": 2.7122609894932337,
    "delta_rel_AF7": 0.07784252360806435,
    "delta_rel_AF8": 0.07393486365656496,
    "delta_rel_TP10": 0.03682520468694165,
    "delta_rel_TP9": 0.035267984164933375,
    "frontal_alpha_asym": -0.4503667801502944,
    "gamma_abs_AF7": 1.680734398665575,
    "gamma_abs_AF8": 2.4202145216411632,
    "gamma_abs_TP10": 7.9845880672171985,
    "gamma_abs_TP9": 7.530641469159098,
    "gamma_rel_AF7": 0.11684182075036129,
    "gamma_rel_AF8": 0.11909340074813818,
    "gamma_rel_TP10": 0.09608507623071717,
    "gamma_rel_TP9": 0.09631371623473396,
    "hjorth_activity_AF7": 13.918985696755193,
    "hjorth_activity_AF8": 20.540912518528987,
    "hjorth_activity_TP10": 89.32580401477507,
    "hjorth_activity_TP9": 79.2707308163788,
    "hjorth_complexity_AF7": 1.6232784569013252,
    "hjorth_complexity_AF8": 1.666095105202423,
    "hjorth_complexity_TP10": 1.4788415537650534,
    "hjorth_complexity_TP9": 1.4725840970998387,
    "hjorth_mobility_AF7": 0.12421140532294403,
    "hjorth_mobility_AF8": 0.12017684153887966,
    "hjorth_mobility_TP10": 0.12010412871521631,
    "hjorth_mobility_TP9": 0.12413793808691784,
    "theta_abs_AF7": 1.6989249815967653,
    "theta_abs_AF8": 2.891274713142547,
    "theta_abs_TP10": 8.456623029410089,
    "theta_abs_TP9": 8.101042492538737,
    "theta_alpha_ratio_AF7": 0.7944598288405469,
    "theta_alpha_ratio_AF8": 0.9309389371625609,
    "theta_alpha_ratio_TP10": 0.7115017924662451,
    "theta_alpha_ratio_TP9": 0.7533108557991863,
    "theta_beta_ratio_AF7": 0.3350795722043749,
    "theta_beta_ratio_AF8": 0.4107711675694158,
    "theta_beta_ratio_TP10": 0.23672401960974426,
    "theta_beta_ratio_TP9": 0.2452452598660037,
    "theta_rel_AF7": 0.12371702844729493,
    "theta_rel_AF8": 0.14166369769193288,
    "theta_rel_TP10": 0.10372517729251994,
    "theta_rel_TP9": 0.10512512293469303
  },
  "features_iqr": {
    "alpha_abs_AF7": 0.5309809926959299,
    "alpha_abs_AF8": 0.8741650068728828,
    "alpha_abs_TP10": 7.479401799633115,
    "alpha_abs_TP9": 8.320384558924781,
    "alpha_rel_AF7": 0.041569497566750324,
    "alpha_rel_AF8": 0.022332828247121322,
    "alpha_rel_TP10": 0.06261542502054979,
    "alpha_rel_TP9": 0.07964028929217228,
    "beta_abs_AF7": 1.5849045243431963,
    "beta_abs_AF8": 0.9716995761701828,
    "beta_abs_TP10": 10.29380301927447,
    "beta_abs_TP9": 21.035282609081122,
    "beta_rel_AF7": 0.0648463294821432,
    "beta_rel_AF8": 0.05482262679477046,
    "beta_rel_TP10": 0.1912271858509385,
    "beta_rel_TP9": 0.21846185908457139,
    "delta_abs_AF7": 0.4894352950927974,
    "delta_abs_AF8": 0.7335645702006137,
    "delta_abs_TP10": 2.069932522478277,
    "delta_abs_TP9": 1.0564587072954459,
    "delta_rel_AF7": 0.028629490093959903,
    "delta_rel_AF8": 0.03195261694217953,
    "delta_rel_TP10": 0.021776052439557228,
    "delta_rel_TP9": 0.015871362397915794,
    "frontal_alpha_asym": 0.4842876406213031,
    "gamma_abs_AF7": 0.3621871030558099,
    "gamma_abs_AF8": 0.4645428592503822,
    "gamma_abs_TP10": 2.7240868612837117,
    "gamma_abs_TP9": 3.1137607157811704,
    "gamma_rel_AF7": 0.019906857351213503,
    "gamma_rel_AF8": 0.02159505933511223,
    "gamma_rel_TP10": 0.021446827648048672,
    "gamma_rel_TP9": 0.02447036054312561,
    "hjorth_activity_AF7": 2.6595459404897657,
    "hjorth_activity_AF8": 3.7873642403972667,
    "hjorth_activity_TP10": 11.95803233861092,
    "hjorth_activity_TP9": 25.319867023749268,
    "hjorth_complexity_AF7": 0.08665811374184407,
    "hjorth_complexity_AF8": 0.1138185057747576,
    "hjorth_complexity_TP10": 0.2072554283110628,
    "hjorth_complexity_TP9": 0.19212522952178435,
    "hjorth_mobility_AF7": 0.0058676170179833426,
    "hjorth_mobility_AF8": 0.010777893129433017,
    "hjorth_mobility_TP10": 0.020124347909570905,
    "hjorth_mobility_TP9": 0.028269470815354455,
    "theta_abs_AF7": 0.6289350634398829,
    "theta_abs_AF8": 1.071810442097651,
    "theta_abs_TP10": 7.620495740344968,
    "theta_abs_TP9": 4.115003494825935,
    "theta_alpha_ratio_AF7": 0.3900117404728919,
    "theta_alpha_ratio_AF8": 0.30047272783389456,
    "theta_alpha_ratio_TP10": 0.5624604777232509,
    "theta_alpha_ratio_TP9": 0.5012743124231158,
    "theta_beta_ratio_AF7": 0.11753375322854814,
    "theta_beta_ratio_AF8": 0.20334675616306386,
    "theta_beta_ratio_TP10": 0.20533412479341218,
    "theta_beta_ratio_TP9": 0.19664161577660483,
    "theta_rel_AF7": 0.03421886973465316,
    "theta_rel_AF8": 0.04827527732932585,
    "theta_rel_TP10": 0.0585716550467793,
    "theta_rel_TP9": 0.05580886747268382
  }
}