{
  "file_id": "F019",
  "participant_id": "19#09-10-68#",
  "group_label": "beginner",
  "group_label_raw": "beginner",
  "sr_hz_used": 1000,
  "duration_s": 316.8589999675751,
  "good_window_frac": 0.1282051282051282,
  "features_median": {
    "alpha_abs_AF7": 26.644463081901968,
    "alpha_abs_AF8": 2.8985968892895397,
    "alpha_abs_TP10": 5.793487141300409,
    "alpha_abs_TP9": 6.207371792743599,
    "alpha_rel_AF7": 0.1370157313772893,
    "alpha_rel_AF8": 0.11645171555369366,
    "alpha_rel_TP10": 0.15101703333348102,
    "alpha_rel_TP9": 0.15702918252421116,
    "beta_abs_AF7": 36.152406387987426,
    "beta_abs_AF8": 8.26925888244538,
    "beta_abs_TP10": 14.774438876769938,
    "beta_abs_TP9": 13.999039528374801,
    "beta_rel_AF7": 0.19337330269983893,
    "beta_rel_AF8": 0.2490023618582596,
    "beta_rel_TP10": 0.26944580548810276,
    "beta_rel_TP9": 0.21160334232582356,
    "delta_abs_AF7": 24.822117815581514,
    "delta_abs_AF8": 8.406747861800696,
    "delta_abs_TP10": 9.450686236971109,
    "delta_abs_TP9": 9.508728971890712,
    "delta_rel_AF7": 0.19153248279193344,
    "delta_rel_AF8": 0.22675921467421123,
    "delta_rel_TP10": 0.17023581657869463,
    "delta_rel_TP9": 0.22686514649075826,
    "frontal_alpha_asym": 0.8304964816585683,
    "gamma_abs_AF7": 5.675388415306185,
    "gamma_abs_AF8": 1.9615425833298519,
    "gamma_abs_TP10": 4.934136848368308,
    "gamma_abs_TP9": 4.99634820897168,
    "gamma_rel_AF7": 0.03581812496989282,
    "gamma_rel_AF8": 0.05906559984130613,
    "gamma_rel_TP10": 0.09489793635786838,
    "gamma_rel_TP9": 0.07419424590009437,
    "hjorth_activity_AF7": 159.0872772449761,
    "hjorth_activity_AF8": 34.61039998351631,
    "hjorth_activity_TP10": 44.72707076155307,
    "hjorth_activity_TP9": 40.89098467637209,
    "hjorth_complexity_AF7": 2.0122335893024044,
    "hjorth_complexity_AF8": 1.9195345643294275,
    "hjorth_complexity_TP10": 1.7891533284611139,
    "hjorth_complexity_TP9": 1.884164268871231,
    "hjorth_mobility_AF7": 0.08126746815246054,
    "hjorth_mobility_AF8": 0.08707667387183234,
    "hjorth_mobility_TP10": 0.10763157099883976,
    "hjorth_mobility_TP9": 0.1021211271651048,
    "theta_abs_AF7": 45.911842345878654,
    "theta_abs_AF8": 5.733178904193739,
    "theta_abs_TP10": 6.960128018252185,
    "theta_abs_TP9": 6.820196306190447,
    "theta_alpha_ratio_AF7": 1.6584588769466384,
    "theta_alpha_ratio_AF8": 1.6438430952890772,
    "theta_alpha_ratio_TP10": 0.963236737093582,
    "theta_alpha_ratio_TP9": 1.0638859406149064,
    "theta_beta_ratio_AF7": 0.9745476973767359,
    "theta_beta_ratio_AF8": 0.6694969482553266,
    "theta_beta_ratio_TP10": 0.5972747306046601,
    "theta_beta_ratio_TP9": 0.8189315166163234,
    "theta_rel_AF7": 0.18845150688026444,
    "theta_rel_AF8": 0.14807366890221418,
    "theta_rel_TP10": 0.16093317088546336,
    "theta_rel_TP9": 0.16370219379305478
  },
  "features_iqr": {
    "alpha_abs_AF7": 104.38408550304084,
    "alpha_abs_AF8": 103.79388654198038,
    "alpha_abs_TP10": 83.84736765317477,
    "alpha_abs_TP9": 66.11364491231285,
    "alpha_rel_AF7": 0.0390307178908052,
    "alpha_rel_AF8": 0.06158999407497459,
    "alpha_rel_TP10": 0.030329238042740125,
    "alpha_rel_TP9": 0.027282107691028956,
    "beta_abs_AF7": 90.19221205731134,
    "beta_abs_AF8": 110.90599448985128,
    "beta_abs_TP10": 106.81016265094092,
    "beta_abs_TP9": 80.2961805353892,
    "beta_rel_AF7": 0.03301289185188122,
    "beta_rel_AF8": 0.059855094206251236,
    "beta_rel_TP10": 0.04189061355082624,
    "beta_rel_TP9": 0.07627276514389966,
    "delta_abs_AF7": 73.8548603397524,
    "delta_abs_AF8": 100.60989979020468,
    "delta_abs_TP10": 55.35508140776719,
    "delta_abs_TP9": 60.743209908475805,
    "delta_rel_AF7": 0.06824729006101041,
    "delta_rel_AF8": 0.041196183673485015,
    "delta_rel_TP10": 0.038046640539232124,
    "delta_rel_TP9": 0.09367769780122748,
    "frontal_alpha_asym": 0.7877579472432321,
    "gamma_abs_AF7": 17.020830804497425,
    "gamma_abs_AF8": 19.44561471753396,
    "gamma_abs_TP10": 17.096404775743096,
    "gamma_abs_TP9": 16.19831204510551,
    "gamma_rel_AF7": 0.0025490754742256844,
    "gamma_rel_AF8": 0.045470442090490344,
    "gamma_rel_TP10": 0.05189461109963895,
    "gamma_rel_TP9": 0.0676646296201557,
    "hjorth_activity_AF7": 536.3429548346325,
    "hjorth_activity_AF8": 600.1474916103281,
    "hjorth_activity_TP10": 549.4886251486682,
    "hjorth_activity_TP9": 470.29753332716444,
    "hjorth_complexity_AF7": 0.09520787557940724,
    "hjorth_complexity_AF8": 0.14952697478654486,
    "hjorth_complexity_TP10": 0.14706269798018234,
    "hjorth_complexity_TP9": 0.10028372522892348,
    "hjorth_mobility_AF7": 0.006235260262681619,
    "hjorth_mobility_AF8": 0.016112230444677272,
    "hjorth_mobility_TP10": 0.023724663428243767,
    "hjorth_mobility_TP9": 0.023637502477626887,
    "theta_abs_AF7": 88.11469990877899,
    "theta_abs_AF8": 75.41729635442735,
    "theta_abs_TP10": 79.94958223850188,
    "theta_abs_TP9": 71.5496292656897,
    "theta_alpha_ratio_AF7": 0.3188141985992603,
    "theta_alpha_ratio_AF8": 0.8187064349087172,
    "theta_alpha_ratio_TP10": 0.6741341182642787,
    "theta_alpha_ratio_TP9": 0.2951142367914268,
    "theta_beta_ratio_AF7": 0.31430037032857283,
    "theta_beta_ratio_AF8": 0.221568106867097,
    "theta_beta_ratio_TP10": 0.22777379682023202,
    "theta_beta_ratio_TP9": 0.4174134424227243,
    "theta_rel_AF7": 0.10614321904903204,
    "theta_rel_AF8": 0.025481864936223925,
    "theta_rel_TP10": 0.037756443257414785,
    "theta_rel_TP9": 0.05738574839136423
  }
}