{
  "file_id": "F020",
  "participant_id": "20#09-10-68#",
  "group_label": "beginner",
  "group_label_raw": "beginner",
  "sr_hz_used": 1000,
  "duration_s": 309.89800000190735,
  "good_window_frac": 0.3157894736842105,
  "features_median": {
    "alpha_abs_AF7": 2.8286065019335402,
    "alpha_abs_AF8": 2.5644188790384903,
    "alpha_abs_TP10": 4.33117687683975,
    "alpha_abs_TP9": 2.517185770932249,
    "alpha_rel_AF7": 0.08672714710739313,
    "alpha_rel_AF8": 0.06361421714170164,
    "alpha_rel_TP10": 0.057524093382457786,
    "alpha_rel_TP9": 0.04699736658866374,
    "beta_abs_AF7": 4.182292722745341,
    "beta_abs_AF8": 5.622979481085872,
    "beta_abs_TP10": 5.803157689827968,
    "beta_abs_TP9": 4.681903188426366,
    "beta_rel_AF7": 0.1365348019288614,
    "beta_rel_AF8": 0.13905671326442276,
    "beta_rel_TP10": 0.10519319020829293,
    "beta_rel_TP9": 0.08945741049239798,
    "delta_abs_AF7": 11.76176586748635,
    "delta_abs_AF8": 17.563934826523983,
    "delta_abs_TP10": 33.82800012671406,
    "delta_abs_TP9": 31.94227523421422,
    "delta_rel_AF7": 0.3943827969049085,
    "delta_rel_AF8": 0.46964166211242686,
    "delta_rel_TP10": 0.5920104271201843,
    "delta_rel_TP9": 0.6402291661751548,
    "frontal_alpha_asym": 0.09053787935680485,
    "gamma_abs_AF7": 1.4248266083127408,
    "gamma_abs_AF8": 1.9917026451994173,
    "gamma_abs_TP10": 2.4071666938252902,
    "gamma_abs_TP9": 2.55759187050031,
    "gamma_rel_AF7": 0.04350000616680817,
    "gamma_rel_AF8": 0.05247658389859228,
    "gamma_rel_TP10": 0.04046883735374418,
    "gamma_rel_TP9": 0.041896631256885836,
    "hjorth_activity_AF7": 31.387561408711232,
    "hjorth_activity_AF8": 42.04904405757863,
    "hjorth_activity_TP10": 87.30317826778219,
    "hjorth_activity_TP9": 63.62500654868412,
    "hjorth_complexity_AF7": 2.4749478724473244,
    "hjorth_complexity_AF8": 2.6026696914982796,
    "hjorth_complexity_TP10": 3.1041789228016636,
    "hjorth_complexity_TP9": 3.2393535425402016,
    "hjorth_mobility_AF7": 0.07475236231962137,
    "hjorth_mobility_AF8": 0.07082961409679563,
    "hjorth_mobility_TP10": 0.06052846344741346,
    "hjorth_mobility_TP9": 0.061598047374256774,
    "theta_abs_AF7": 4.764391505810493,
    "theta_abs_AF8": 4.305618894163954,
    "theta_abs_TP10": 5.947988574784416,
    "theta_abs_TP9": 3.8004993613730056,
    "theta_alpha_ratio_AF7": 1.8729071144826348,
    "theta_alpha_ratio_AF8": 1.6431291361558529,
    "theta_alpha_ratio_TP10": 1.3454033715090974,
    "theta_alpha_ratio_TP9": 1.407741784140494,
    "theta_beta_ratio_AF7": 1.2120566648784439,
    "theta_beta_ratio_AF8": 0.7267268687350175,
    "theta_beta_ratio_TP10": 0.910041839441524,
    "theta_beta_ratio_TP9": 0.806270803214843,
    "theta_rel_AF7": 0.15619097140172786,
    "theta_rel_AF8": 0.11267378687054677,
    "theta_rel_TP10": 0.10280872261171597,
    "theta_rel_TP9": 0.07251450957819887
  },
  "features_iqr": {
    "alpha_abs_AF7": 1.0124232072152917,
    "alpha_abs_AF8": 1.577928335294899,
    "alpha_abs_TP10": 1.981574505210193,
    "alpha_abs_TP9": 0.9360054108797033,
    "alpha_rel_AF7": 0.05889965958990587,
    "alpha_rel_AF8": 0.035488517048478746,
    "alpha_rel_TP10": 0.04166755941556161,
    "alpha_rel_TP9": 0.03911309769852165,
    "beta_abs_AF7": 1.491305414227889,
    "beta_abs_AF8": 3.2163025490114077,
    "beta_abs_TP10": 1.4415993333696164,
    "beta_abs_TP9": 0.6592132913772168,
    "beta_rel_AF7": 0.03611367390127565,
    "beta_rel_AF8": 0.06543708860851431,
    "beta_rel_TP10": 0.05990457153489026,
    "beta_rel_TP9": 0.06105120666615099,
    "delta_abs_AF7": 7.115228641481881,
    "delta_abs_AF8": 10.884849668834537,
    "delta_abs_TP10": 31.654793949503016,
    "delta_abs_TP9": 35.986144659273165,
    "delta_rel_AF7": 0.12342108938399493,
    "delta_rel_AF8": 0.12348311397104816,
    "delta_rel_TP10": 0.1776083682214552,
    "delta_rel_TP9": 0.16125885080528957,
    "frontal_alpha_asym": 0.3490735689893433,
    "gamma_abs_AF7": 0.39276094010635076,
    "gamma_abs_AF8": 0.7216555647378855,
    "gamma_abs_TP10": 0.3401020617397661,
    "gamma_abs_TP9": 0.7588277103918593,
    "gamma_rel_AF7": 0.010504989675655572,
    "gamma_rel_AF8": 0.020096603627815686,
    "gamma_rel_TP10": 0.022092695483696027,
    "gamma_rel_TP9": 0.03234264913569061,
    "hjorth_activity_AF7": 10.802548308561306,
    "hjorth_activity_AF8": 32.85898141388581,
    "hjorth_activity_TP10": 30.339161238288227,
    "hjorth_activity_TP9": 33.156299942197236,
    "hjorth_complexity_AF7": 0.3078325557755144,
    "hjorth_complexity_AF8": 0.6071922882012699,
    "hjorth_complexity_TP10": 0.6993038882525577,
    "hjorth_complexity_TP9": 0.6239774883938636,
    "hjorth_mobility_AF7": 0.005826471402511926,
    "hjorth_mobility_AF8": 0.016521369933911886,
    "hjorth_mobility_TP10": 0.013109087456921756,
    "hjorth_mobility_TP9": 0.012118633077258259,
    "theta_abs_AF7": 1.988566274995481,
    "theta_abs_AF8": 2.1590163156699558,
    "theta_abs_TP10": 2.297870568777581,
    "theta_abs_TP9": 2.608999558795288,
    "theta_alpha_ratio_AF7": 0.7281922397189531,
    "theta_alpha_ratio_AF8": 0.5904330452968496,
    "theta_alpha_ratio_TP10": 1.0321952945147514,
    "theta_alpha_ratio_TP9": 0.32007159595889934,
    "theta_beta_ratio_AF7": 0.3649404541259298,
    "theta_beta_ratio_AF8": 0.5079714858721691,
    "theta_beta_ratio_TP10": 0.2004939267640108,
    "theta_beta_ratio_TP9": 0.5109942979746271,
    "theta_rel_AF7": 0.031545006719738866,
    "theta_rel_AF8": 0.026400434864573788,
    "theta_rel_TP10": 0.04429141374273887,
    "theta_rel_TP9": 0.016100174780046744
  }
}