{
  "file_id": "F021",
  "participant_id": "21#09-10-68#",
  "group_label": "meditation_master_or_instructor",
  "group_label_raw": "meditation_master_or_instructor",
  "sr_hz_used": 1000,
  "duration_s": 310.7550001144409,
  "good_window_frac": 0.2894736842105263,
  "features_median": {
    "alpha_abs_AF7": 2.208188881459574,
    "alpha_abs_AF8": 3.654383767417728,
    "alpha_abs_TP10": 21.505050659740732,
    "alpha_abs_TP9": 16.69850245970421,
    "alpha_rel_AF7": 0.1106031928777546,
    "alpha_rel_AF8": 0.16710093341007656,
    "alpha_rel_TP10": 0.18230236211513992,
    "alpha_rel_TP9": 0.15999467977193857,
    "beta_abs_AF7": 4.862133800133938,
    "beta_abs_AF8": 5.7680997513722385,
    "beta_abs_TP10": 26.895285841198657,
    "beta_abs_TP9": 22.181439730531004,
    "beta_rel_AF7": 0.2642883924660579,
    "beta_rel_AF8": 0.26752612188564384,
    "beta_rel_TP10": 0.200137621877485,
    "beta_rel_TP9": 0.1980681410769945,
    "delta_abs_AF7": 2.83489095516052,
    "delta_abs_AF8": 3.2265987275016337,
    "delta_abs_TP10": 17.783635812724103,
    "delta_abs_TP9": 17.662101974428403,
    "delta_rel_AF7": 0.17546306658899719,
    "delta_rel_AF8": 0.1548969101914005,
    "delta_rel_TP10": 0.13944706514882887,
    "delta_rel_TP9": 0.16514925739248335,
    "frontal_alpha_asym": -0.507343829496561,
    "gamma_abs_AF7": 2.00024921875009,
    "gamma_abs_AF8": 1.5365398950486313,
    "gamma_abs_TP10": 5.006905911676702,
    "gamma_abs_TP9": 5.793041185260251,
    "gamma_rel_AF7": 0.102481948282247,
    "gamma_rel_AF8": 0.06936560165374175,
    "gamma_rel_TP10": 0.040309164920165126,
    "gamma_rel_TP9": 0.051928982931783677,
    "hjorth_activity_AF7": 18.958332407931326,
    "hjorth_activity_AF8": 22.960632531950367,
    "hjorth_activity_TP10": 123.66794193817881,
    "hjorth_activity_TP9": 112.42063470211005,
    "hjorth_complexity_AF7": 1.9260080671664837,
    "hjorth_complexity_AF8": 1.9617533269673089,
    "hjorth_complexity_TP10": 2.118022589804475,
    "hjorth_complexity_TP9": 2.1540449351590136,
    "hjorth_mobility_AF7": 0.10444398535469668,
    "hjorth_mobility_AF8": 0.0959457098077305,
    "hjorth_mobility_TP10": 0.08270282128647184,
    "hjorth_mobility_TP9": 0.08717460917814016,
    "theta_abs_AF7": 2.520332102513005,
    "theta_abs_AF8": 4.046670147699782,
    "theta_abs_TP10": 28.73227644920755,
    "theta_abs_TP9": 23.304255406856996,
    "theta_alpha_ratio_AF7": 1.1834985200911305,
    "theta_alpha_ratio_AF8": 1.0865958357132246,
    "theta_alpha_ratio_TP10": 1.2696155958889312,
    "theta_alpha_ratio_TP9": 1.2822893444981347,
    "theta_beta_ratio_AF7": 0.5447153458743701,
    "theta_beta_ratio_AF8": 0.6258145841810158,
    "theta_beta_ratio_TP10": 1.086416093689018,
    "theta_beta_ratio_TP9": 0.9657197574270682,
    "theta_rel_AF7": 0.1274986840886177,
    "theta_rel_AF8": 0.1708413362262443,
    "theta_rel_TP10": 0.2174327333603563,
    "theta_rel_TP9": 0.1925842007486767
  },
  "features_iqr": {
    "alpha_abs_AF7": 0.9896097734071536,
    "alpha_abs_AF8": 0.8108608730155562,
    "alpha_abs_TP10": 5.05835362645179,
    "alpha_abs_TP9": 8.892247973880616,
    "alpha_rel_AF7": 0.03814294617033684,
    "alpha_rel_AF8": 0.030113844591608874,
    "alpha_rel_TP10": 0.04943780443790591,
    "alpha_rel_TP9": 0.05448166476727459,
    "beta_abs_AF7": 0.62400802625179,
    "beta_abs_AF8": 1.2703772680624894,
    "beta_abs_TP10": 9.634182541102469,
    "beta_abs_TP9": 4.238803135726467,
    "beta_rel_AF7": 0.0989955501427578,
    "beta_rel_AF8": 0.07316034918829539,
    "beta_rel_TP10": 0.0282358164426523,
    "beta_rel_TP9": 0.015941504609240736,
    "delta_abs_AF7": 4.628419278237302,
    "delta_abs_AF8": 1.7935640527143035,
    "delta_abs_TP10": 19.603397954111742,
    "delta_abs_TP9": 4.119148610135994,
    "delta_rel_AF7": 0.20631640893178121,
    "delta_rel_AF8": 0.05785123351761082,
    "delta_rel_TP10": 0.08397633048641123,
    "delta_rel_TP9": 0.061331106594479795,
    "frontal_alpha_asym": 0.5982054859794674,
    "gamma_abs_AF7": 0.4932905146589164,
    "gamma_abs_AF8": 0.537069973629053,
    "gamma_abs_TP10": 1.6759203530370002,
    "gamma_abs_TP9": 0.8525671340877938,
    "gamma_rel_AF7": 0.018879604638533304,
    "gamma_rel_AF8": 0.018255908590170775,
    "gamma_rel_TP10": 0.005292756722971387,
    "gamma_rel_TP9": 0.01597940505775052,
    "hjorth_activity_AF7": 6.924764768945529,
    "hjorth_activity_AF8": 2.6563452018888967,
    "hjorth_activity_TP10": 54.011982361710665,
    "hjorth_activity_TP9": 18.800915967529434,
    "hjorth_complexity_AF7": 0.26195883288637534,
    "hjorth_complexity_AF8": 0.15613438333584773,
    "hjorth_complexity_TP10": 0.0787449342381974,
    "hjorth_complexity_TP9": 0.06964668180737643,
    "hjorth_mobility_AF7": 0.012948923164008613,
    "hjorth_mobility_AF8": 0.006619146892307304,
    "hjorth_mobility_TP10": 0.00450178810656994,
    "hjorth_mobility_TP9": 0.005784891062921613,
    "theta_abs_AF7": 0.7902188281143014,
    "theta_abs_AF8": 0.9813359810640119,
    "theta_abs_TP10": 10.633009969380865,
    "theta_abs_TP9": 6.658683150515749,
    "theta_alpha_ratio_AF7": 0.5691010915633073,
    "theta_alpha_ratio_AF8": 0.36122841939568895,
    "theta_alpha_ratio_TP10": 0.3587241522553173,
    "theta_alpha_ratio_TP9": 0.30145772438397445,
    "theta_beta_ratio_AF7": 0.24765166937582117,
    "theta_beta_ratio_AF8": 0.42725064826330306,
    "theta_beta_ratio_TP10": 0.2734790770455561,
    "theta_beta_ratio_TP9": 0.2819839903752521,
    "theta_rel_AF7": 0.05599382327273447,
    "theta_rel_AF8": 0.06311511618968582,
    "theta_rel_TP10": 0.038538272781952154,
    "theta_rel_TP9": 0.05098855261612714
  }
}