{
  "file_id": "F022",
  "participant_id": "22#11-10-68#",
  "group_label": "trained_over_3_years",
  "group_label_raw": "trained_over_3_years",
  "sr_hz_used": 256,
  "duration_s": 81.046875,
  "good_window_frac": 0.5641025641025641,
  "features_median": {
    "alpha_abs_AF7": 3.631591427248707,
    "alpha_abs_AF8": 2.782790439969359,
    "alpha_abs_TP10": 10.387908403358749,
    "alpha_abs_TP9": 7.967822154406706,
    "alpha_rel_AF7": 0.06312391797763751,
    "alpha_rel_AF8": 0.07329143619698372,
    "alpha_rel_TP10": 0.08542931817752289,
    "alpha_rel_TP9": 0.0721530964737033,
    "beta_abs_AF7": 6.275029678843523,
    "beta_abs_AF8": 4.436299593723692,
    "beta_abs_TP10": 17.165157867518026,
    "beta_abs_TP9": 12.69179687687782,
    "beta_rel_AF7": 0.09362115034216384,
    "beta_rel_AF8": 0.10727577444558112,
    "beta_rel_TP10": 0.13994679950368083,
    "beta_rel_TP9": 0.12718362913463582,
    "delta_abs_AF7": 40.384071445544905,
    "delta_abs_AF8": 16.50329562892515,
    "delta_abs_TP10": 43.67394256379227,
    "delta_abs_TP9": 48.198994561270226,
    "delta_rel_AF7": 0.5575075136510788,
    "delta_rel_AF8": 0.426926158717841,
    "delta_rel_TP10": 0.42269245982737136,
    "delta_rel_TP9": 0.46912697035234796,
    "frontal_alpha_asym": 0.317214787645551,
    "gamma_abs_AF7": 2.6558484459244895,
    "gamma_abs_AF8": 1.9887854884930554,
    "gamma_abs_TP10": 6.444739848018118,
    "gamma_abs_TP9": 5.3365560071264575,
    "gamma_rel_AF7": 0.037372136584441065,
    "gamma_rel_AF8": 0.045570575536644536,
    "gamma_rel_TP10": 0.06231588748958064,
    "gamma_rel_TP9": 0.054599485970501516,
    "hjorth_activity_AF7": 88.03495555320016,
    "hjorth_activity_AF8": 43.48403664174262,
    "hjorth_activity_TP10": 124.73137597204543,
    "hjorth_activity_TP9": 115.25909623059505,
    "hjorth_complexity_AF7": 2.793378192249614,
    "hjorth_complexity_AF8": 2.6265528883884537,
    "hjorth_complexity_TP10": 2.420763304923258,
    "hjorth_complexity_TP9": 2.615566255476346,
    "hjorth_mobility_AF7": 0.2581443938950966,
    "hjorth_mobility_AF8": 0.2623387596623007,
    "hjorth_mobility_TP10": 0.3023335801770516,
    "hjorth_mobility_TP9": 0.2815310289720313,
    "theta_abs_AF7": 8.57348933985292,
    "theta_abs_AF8": 4.820602924049373,
    "theta_abs_TP10": 16.104022219238335,
    "theta_abs_TP9": 13.371386447142884,
    "theta_alpha_ratio_AF7": 2.128085973974257,
    "theta_alpha_ratio_AF8": 1.6875132161569848,
    "theta_alpha_ratio_TP10": 1.5587091524778567,
    "theta_alpha_ratio_TP9": 1.8748330805681612,
    "theta_beta_ratio_AF7": 1.461655437324755,
    "theta_beta_ratio_AF8": 1.1606874624908756,
    "theta_beta_ratio_TP10": 1.1003983009521,
    "theta_beta_ratio_TP9": 1.23250320946996,
    "theta_rel_AF7": 0.12449187380967808,
    "theta_rel_AF8": 0.15017479551458557,
    "theta_rel_TP10": 0.13908953132701868,
    "theta_rel_TP9": 0.14579539660304197
  },
  "features_iqr": {
    "alpha_abs_AF7": 2.5064772136367983,
    "alpha_abs_AF8": 1.7184640272050968,
    "alpha_abs_TP10": 7.324251867310507,
    "alpha_abs_TP9": 2.4047993674376142,
    "alpha_rel_AF7": 0.03223287746090125,
    "alpha_rel_AF8": 0.03831568720870797,
    "alpha_rel_TP10": 0.05754987937720437,
    "alpha_rel_TP9": 0.04222653497909984,
    "beta_abs_AF7": 4.0760593437244435,
    "beta_abs_AF8": 1.5650106560591928,
    "beta_abs_TP10": 6.749132491218409,
    "beta_abs_TP9": 4.060059596356339,
    "beta_rel_AF7": 0.058143175590559856,
    "beta_rel_AF8": 0.0989795947083983,
    "beta_rel_TP10": 0.0696213899053825,
    "beta_rel_TP9": 0.10147693348711724,
    "delta_abs_AF7": 35.59934870880565,
    "delta_abs_AF8": 21.910723857206236,
    "delta_abs_TP10": 41.51704556802133,
    "delta_abs_TP9": 68.89735255136128,
    "delta_rel_AF7": 0.09387277664728777,
    "delta_rel_AF8": 0.23774359331779354,
    "delta_rel_TP10": 0.09244498301284843,
    "delta_rel_TP9": 0.1911703901987542,
    "frontal_alpha_asym": 0.9930897799884654,
    "gamma_abs_AF7": 1.1031931539424842,
    "gamma_abs_AF8": 0.9961668557502197,
    "gamma_abs_TP10": 2.6536446727785954,
    "gamma_abs_TP9": 2.522658283591791,
    "gamma_rel_AF7": 0.019470027501268125,
    "gamma_rel_AF8": 0.05774294076077256,
    "gamma_rel_TP10": 0.02502904062090275,
    "gamma_rel_TP9": 0.02916169055655874,
    "hjorth_activity_AF7": 64.01283893136767,
    "hjorth_activity_AF8": 51.4210964531632,
    "hjorth_activity_TP10": 73.50416174531927,
    "hjorth_activity_TP9": 112.59007631494094,
    "hjorth_complexity_AF7": 0.880314309929962,
    "hjorth_complexity_AF8": 0.8945934310035271,
    "hjorth_complexity_TP10": 0.4496303881323973,
    "hjorth_complexity_TP9": 0.7717904549065273,
    "hjorth_mobility_AF7": 0.07411705925623502,
    "hjorth_mobility_AF8": 0.11297255886523186,
    "hjorth_mobility_TP10": 0.05502723396102194,
    "hjorth_mobility_TP9": 0.079373474034161,
    "theta_abs_AF7": 8.607822181098044,
    "theta_abs_AF8": 7.160166051447454,
    "theta_abs_TP10": 13.585631999904358,
    "theta_abs_TP9": 10.565032314035804,
    "theta_alpha_ratio_AF7": 1.2165618984054944,
    "theta_alpha_ratio_AF8": 1.160562678627877,
    "theta_alpha_ratio_TP10": 1.4133345159149193,
    "theta_alpha_ratio_TP9": 1.4984017466664465,
    "theta_beta_ratio_AF7": 1.0237860519637567,
    "theta_beta_ratio_AF8": 1.2119715904981587,
    "theta_beta_ratio_TP10": 0.693867210981989,
    "theta_beta_ratio_TP9": 0.6211701199504092,
    "theta_rel_AF7": 0.04794486816245348,
    "theta_rel_AF8": 0.08359045818955603,
    "theta_rel_TP10": 0.04494480149800768,
    "theta_rel_TP9": 0.05863769212065807
  }
}