{
  "file_id": "F023",
  "participant_id": "23#11-10-68#",
  "group_label": "trained_over_3_years",
  "group_label_raw": "trained_over_3_years",
  "sr_hz_used": 1000,
  "duration_s": 409.2469997406006,
  "good_window_frac": 0.0196078431372549,
  "features_median": {
    "alpha_abs_AF7": 2.8761342973349198,
    "alpha_abs_AF8": 3.162830410191705,
    "alpha_abs_TP10": 7.001962148590572,
    "alpha_abs_TP9": 10.3800343386783,
    "alpha_rel_AF7": 0.14146986866169425,
    "alpha_rel_AF8": 0.1331719621759077,
    "alpha_rel_TP10": 0.11079095005271826,
    "alpha_rel_TP9": 0.13645559431380333,
    "beta_abs_AF7": 5.599201838106097,
    "beta_abs_AF8": 6.425340431482391,
    "beta_abs_TP10": 12.997243172395649,
    "beta_abs_TP9": 15.445677016799582,
    "beta_rel_AF7": 0.2754107655477626,
    "beta_rel_AF8": 0.27054096550717033,
    "beta_rel_TP10": 0.20565334238857225,
    "beta_rel_TP9": 0.20304836844834648,
    "delta_abs_AF7": 4.071528908648231,
    "delta_abs_AF8": 6.157626541905746,
    "delta_abs_TP10": 16.363030149571617,
    "delta_abs_TP9": 19.250437927636145,
    "delta_rel_AF7": 0.20026834647202943,
    "delta_rel_AF8": 0.25926878857925684,
    "delta_rel_TP10": 0.25890966239759333,
    "delta_rel_TP9": 0.25306563181861763,
    "frontal_alpha_asym": -0.09502019148415153,
    "gamma_abs_AF7": 2.2861569507576287,
    "gamma_abs_AF8": 1.98047531052006,
    "gamma_abs_TP10": 4.048608861925959,
    "gamma_abs_TP9": 5.15202437970855,
    "gamma_rel_AF7": 0.11245035527839933,
    "gamma_rel_AF8": 0.08338853145367048,
    "gamma_rel_TP10": 0.06406050371108049,
    "gamma_rel_TP9": 0.06772834517827334,
    "hjorth_activity_AF7": 23.66630637259945,
    "hjorth_activity_AF8": 26.35451316017382,
    "hjorth_activity_TP10": 65.31710189854654,
    "hjorth_activity_TP9": 80.30646552778805,
    "hjorth_complexity_AF7": 1.8698762413289052,
    "hjorth_complexity_AF8": 1.899867643725839,
    "hjorth_complexity_TP10": 2.022952653521624,
    "hjorth_complexity_TP9": 2.052442470555813,
    "hjorth_mobility_AF7": 0.10576522423890856,
    "hjorth_mobility_AF8": 0.10260915479472353,
    "hjorth_mobility_TP10": 0.09653501094303636,
    "hjorth_mobility_TP9": 0.09258218476659215,
    "theta_abs_AF7": 2.7175607062332414,
    "theta_abs_AF8": 2.2304153783923537,
    "theta_abs_TP10": 11.287329004594962,
    "theta_abs_TP9": 13.384368703776854,
    "theta_alpha_ratio_AF7": 0.944865720891559,
    "theta_alpha_ratio_AF8": 0.7051960077291842,
    "theta_alpha_ratio_TP10": 1.6120237106487905,
    "theta_alpha_ratio_TP9": 1.2894339524391023,
    "theta_beta_ratio_AF7": 0.4853478736447832,
    "theta_beta_ratio_AF8": 0.347127969665792,
    "theta_beta_ratio_TP10": 0.8684402418942828,
    "theta_beta_ratio_TP9": 0.8665446447713752,
    "theta_rel_AF7": 0.13367002943751238,
    "theta_rel_AF8": 0.09391233606794172,
    "theta_rel_TP10": 0.1785976384103132,
    "theta_rel_TP9": 0.1759504763084911
  },
  "features_iqr": {
    "alpha_abs_AF7": 0.0,
    "alpha_abs_AF8": 0.0,
    "alpha_abs_TP10": 0.0,
    "alpha_abs_TP9": 0.0,
    "alpha_rel_AF7": 0.0,
    "alpha_rel_AF8": 0.0,
    "alpha_rel_TP10": 0.0,
    "alpha_rel_TP9": 0.0,
    "beta_abs_AF7": 0.0,
    "beta_abs_AF8": 0.0,
    "beta_abs_TP10": 0.0,
    "beta_abs_TP9": 0.0,
    "beta_rel_AF7": 0.0,
    "beta_rel_AF8": 0.0,
    "beta_rel_TP10": 0.0,
    "beta_rel_TP9": 0.0,
    "delta_abs_AF7": 0.0,
    "delta_abs_AF8": 0.0,
    "delta_abs_TP10": 0.0,
    "delta_abs_TP9": 0.0,
    "delta_rel_AF7": 0.0,
    "delta_rel_AF8": 0.0,
    "delta_rel_TP10": 0.0,
    "delta_rel_TP9": 0.0,
    "frontal_alpha_asym": 0.0,
    "gamma_abs_AF7": 0.0,
    "gamma_abs_AF8": 0.0,
    "gamma_abs_TP10": 0.0,
    "gamma_abs_TP9": 0.0,
    "gamma_rel_AF7": 0.0,
    "gamma_rel_AF8": 0.0,
    "gamma_rel_TP10": 0.0,
    "gamma_rel_TP9": 0.0,
    "hjorth_activity_AF7": 0.0,
    "hjorth_activity_AF8": 0.0,
    "hjorth_activity_TP10": 0.0,
    "hjorth_activity_TP9": 0.0,
    "hjorth_complexity_AF7": 0.0,
    "hjorth_complexity_AF8": 0.0,
    "hjorth_complexity_TP10": 0.0,
    "hjorth_complexity_TP9": 0.0,
    "hjorth_mobility_AF7": 0.0,
    "hjorth_mobility_AF8": 0.0,
    "hjorth_mobility_TP10": 0.0,
    "hjorth_mobility_TP9": 0.0,
    "theta_abs_AF7": 0.0,
    "theta_abs_AF8": 0.0,
    "theta_abs_TP10": 0.0,
    "theta_abs_TP9": 0.0,
    "theta_alpha_ratio_AF7": 0.0,
    "theta_alpha_ratio_AF8": 0.0,
    "theta_alpha_ratio_TP10": 0.0,
    "theta_alpha_ratio_TP9": 0.0,
    "theta_beta_ratio_AF7": 0.0,
    "theta_beta_ratio_AF8": 0.0,
    "theta_beta_ratio_TP10": 0.0,
    "theta_beta_ratio_TP9": 0.0,
    "theta_rel_AF7": 0.0,
    "theta_rel_AF8": 0.0,
    "theta_rel_TP10": 0.0,
    "theta_rel_TP9": 0.0
  }
}