{
  "file_id": "F024",
  "participant_id": "24#12-10-68#",
  "group_label": "meditation_master_or_instructor",
  "group_label_raw": "meditation_master_or_instructor",
  "sr_hz_used": 256,
  "duration_s": 310.734375,
  "good_window_frac": 0.8506493506493507,
  "features_median": {
    "alpha_abs_AF7": 2.7519596286144754,
    "alpha_abs_AF8": 2.0921363464070812,
    "alpha_abs_TP10": 8.252720294260367,
    "alpha_abs_TP9": 7.928727652397892,
    "alpha_rel_AF7": 0.08159982908139078,
    "alpha_rel_AF8": 0.09939873124214985,
    "alpha_rel_TP10": 0.07847136024315914,
    "alpha_rel_TP9": 0.08795659451330459,
    "beta_abs_AF7": 4.603435771537857,
    "beta_abs_AF8": 3.6470864830701517,
    "beta_abs_TP10": 16.08599168538856,
    "beta_abs_TP9": 13.056841007004717,
    "beta_rel_AF7": 0.1444335090241714,
    "beta_rel_AF8": 0.17858054688848038,
    "beta_rel_TP10": 0.1528706318056613,
    "beta_rel_TP9": 0.1467489673855911,
    "delta_abs_AF7": 12.779865582782449,
    "delta_abs_AF8": 6.577573696248539,
    "delta_abs_TP10": 37.83792540808102,
    "delta_abs_TP9": 35.64361766399471,
    "delta_rel_AF7": 0.3957180621682616,
    "delta_rel_AF8": 0.3286971063857501,
    "delta_rel_TP10": 0.38933777463777386,
    "delta_rel_TP9": 0.3898210028041334,
    "frontal_alpha_asym": 0.34658317256243276,
    "gamma_abs_AF7": 1.8868242450278538,
    "gamma_abs_AF8": 1.4197848294052087,
    "gamma_abs_TP10": 8.164509187203807,
    "gamma_abs_TP9": 6.075303761455445,
    "gamma_rel_AF7": 0.059834805631346036,
    "gamma_rel_AF8": 0.07122939109598535,
    "gamma_rel_TP10": 0.07805434621580602,
    "gamma_rel_TP9": 0.06682614580182099,
    "hjorth_activity_AF7": 33.427501582809874,
    "hjorth_activity_AF8": 21.22083429444755,
    "hjorth_activity_TP10": 112.60525345556525,
    "hjorth_activity_TP9": 100.4050859608044,
    "hjorth_complexity_AF7": 2.3321535579681956,
    "hjorth_complexity_AF8": 2.153827881284294,
    "hjorth_complexity_TP10": 2.2210442261731846,
    "hjorth_complexity_TP9": 2.3328347178563775,
    "hjorth_mobility_AF7": 0.31303661775390385,
    "hjorth_mobility_AF8": 0.33715182450357395,
    "hjorth_mobility_TP10": 0.3342812004409139,
    "hjorth_mobility_TP9": 0.3199857381325585,
    "theta_abs_AF7": 4.5788994436858586,
    "theta_abs_AF8": 3.0427396677079384,
    "theta_abs_TP10": 13.985926479561282,
    "theta_abs_TP9": 12.783777671483389,
    "theta_alpha_ratio_AF7": 1.713725322197384,
    "theta_alpha_ratio_AF8": 1.5657649708566554,
    "theta_alpha_ratio_TP10": 1.6118212458083898,
    "theta_alpha_ratio_TP9": 1.537586426275711,
    "theta_beta_ratio_AF7": 1.0563646328092853,
    "theta_beta_ratio_AF8": 0.8561746979430058,
    "theta_beta_ratio_TP10": 0.8297585412723754,
    "theta_beta_ratio_TP9": 0.9777408158342827,
    "theta_rel_AF7": 0.14662075949824943,
    "theta_rel_AF8": 0.15512953699267756,
    "theta_rel_TP10": 0.1271757102906895,
    "theta_rel_TP9": 0.13291108768139356
  },
  "features_iqr": {
    "alpha_abs_AF7": 1.1227293406088261,
    "alpha_abs_AF8": 0.7585248603217862,
    "alpha_abs_TP10": 4.304722486727483,
    "alpha_abs_TP9": 4.374600850755115,
    "alpha_rel_AF7": 0.034940718970208826,
    "alpha_rel_AF8": 0.03436117065601396,
    "alpha_rel_TP10": 0.049189669252600286,
    "alpha_rel_TP9": 0.04863080783415909,
    "beta_abs_AF7": 1.3421204149506094,
    "beta_abs_AF8": 0.6829886640213516,
    "beta_abs_TP10": 4.254449480738783,
    "beta_abs_TP9": 3.326857622777368,
    "beta_rel_AF7": 0.06830361666084275,
    "beta_rel_AF8": 0.049162805675774635,
    "beta_rel_TP10": 0.0791519123837082,
    "beta_rel_TP9": 0.0647014627450402,
    "delta_abs_AF7": 11.819058131459036,
    "delta_abs_AF8": 4.682282818047145,
    "delta_abs_TP10": 38.01759518778579,
    "delta_abs_TP9": 32.29962221638126,
    "delta_rel_AF7": 0.16301319260183417,
    "delta_rel_AF8": 0.13523711126158083,
    "delta_rel_TP10": 0.17913827706379337,
    "delta_rel_TP9": 0.1821003783975056,
    "frontal_alpha_asym": 0.4706823670143918,
    "gamma_abs_AF7": 0.6620813691699896,
    "gamma_abs_AF8": 0.3761689452738137,
    "gamma_abs_TP10": 2.9180512695842697,
    "gamma_abs_TP9": 2.163322075664815,
    "gamma_rel_AF7": 0.039026738295929175,
    "gamma_rel_AF8": 0.029110208968041888,
    "gamma_rel_TP10": 0.0399994643937891,
    "gamma_rel_TP9": 0.040899349660332956,
    "hjorth_activity_AF7": 20.228351311121045,
    "hjorth_activity_AF8": 6.82006806332415,
    "hjorth_activity_TP10": 69.12670883567954,
    "hjorth_activity_TP9": 62.19152411683072,
    "hjorth_complexity_AF7": 0.5119444288073298,
    "hjorth_complexity_AF8": 0.3095553162088387,
    "hjorth_complexity_TP10": 0.4727382257591999,
    "hjorth_complexity_TP9": 0.5674059906211331,
    "hjorth_mobility_AF7": 0.07662003806021883,
    "hjorth_mobility_AF8": 0.054923045401214454,
    "hjorth_mobility_TP10": 0.0714312902221228,
    "hjorth_mobility_TP9": 0.08353391165791235,
    "theta_abs_AF7": 2.9574523688504546,
    "theta_abs_AF8": 1.3081762209688428,
    "theta_abs_TP10": 10.63372078176025,
    "theta_abs_TP9": 7.910191944745501,
    "theta_alpha_ratio_AF7": 1.0870650211347606,
    "theta_alpha_ratio_AF8": 0.8171759166476185,
    "theta_alpha_ratio_TP10": 1.1158327462577025,
    "theta_alpha_ratio_TP9": 0.9185672216145195,
    "theta_beta_ratio_AF7": 0.6256695942927915,
    "theta_beta_ratio_AF8": 0.3437696273759365,
    "theta_beta_ratio_TP10": 0.5741804444354068,
    "theta_beta_ratio_TP9": 0.5792027669463379,
    "theta_rel_AF7": 0.061174328858567384,
    "theta_rel_AF8": 0.0555514046972157,
    "theta_rel_TP10": 0.05024604214548986,
    "theta_rel_TP9": 0.05395270178023662
  }
}