{
  "file_id": "F026",
  "participant_id": "26#12-10-68#",
  "group_label": "beginner",
  "group_label_raw": "beginner",
  "sr_hz_used": 256,
  "duration_s": 109.5,
  "good_window_frac": 0.6415094339622641,
  "features_median": {
    "alpha_abs_AF7": 2.25570694448521,
    "alpha_abs_AF8": 11.737465640846965,
    "alpha_abs_TP10": 11.76899751587526,
    "alpha_abs_TP9": 7.70778881034486,
    "alpha_rel_AF7": 0.12667013263312502,
    "alpha_rel_AF8": 0.033374399919499864,
    "alpha_rel_TP10": 0.258824973103591,
    "alpha_rel_TP9": 0.1637338792193631,
    "beta_abs_AF7": 3.8057787909944434,
    "beta_abs_AF8": 8.267230307942643,
    "beta_abs_TP10": 9.37318184984149,
    "beta_abs_TP9": 9.3122663591861,
    "beta_rel_AF7": 0.21065407376649298,
    "beta_rel_AF8": 0.02307773065027688,
    "beta_rel_TP10": 0.22211376329015547,
    "beta_rel_TP9": 0.2028264189516149,
    "delta_abs_AF7": 4.635007913972083,
    "delta_abs_AF8": 222.6028693551752,
    "delta_abs_TP10": 6.330064628548751,
    "delta_abs_TP9": 10.66023045189949,
    "delta_rel_AF7": 0.25008363776788134,
    "delta_rel_AF8": 0.6247649039519135,
    "delta_rel_TP10": 0.15523279542609592,
    "delta_rel_TP9": 0.23955319251736007,
    "frontal_alpha_asym": -1.6215059142058459,
    "gamma_abs_AF7": 1.1352486957653931,
    "gamma_abs_AF8": 1.4882939968109659,
    "gamma_abs_TP10": 2.033992674632982,
    "gamma_abs_TP9": 1.8610722135130775,
    "gamma_rel_AF7": 0.06077502042684253,
    "gamma_rel_AF8": 0.004058636208713232,
    "gamma_rel_TP10": 0.04579484952250886,
    "gamma_rel_TP9": 0.038604341225966815,
    "hjorth_activity_AF7": 19.252788227829324,
    "hjorth_activity_AF8": 424.75478379915603,
    "hjorth_activity_TP10": 42.47937229584464,
    "hjorth_activity_TP9": 49.8214989464052,
    "hjorth_complexity_AF7": 1.9956818063507278,
    "hjorth_complexity_AF8": 4.25611490704087,
    "hjorth_complexity_TP10": 1.9473068254046861,
    "hjorth_complexity_TP9": 2.098533693167644,
    "hjorth_mobility_AF7": 0.3459667497974225,
    "hjorth_mobility_AF8": 0.1197063800957654,
    "hjorth_mobility_TP10": 0.3259451017119597,
    "hjorth_mobility_TP9": 0.3034962172325034,
    "theta_abs_AF7": 3.1033122424092925,
    "theta_abs_AF8": 62.613748598110895,
    "theta_abs_TP10": 5.680842540810499,
    "theta_abs_TP9": 7.084965856498796,
    "theta_alpha_ratio_AF7": 1.2639256799434389,
    "theta_alpha_ratio_AF8": 4.619293143762764,
    "theta_alpha_ratio_TP10": 0.5273198829612054,
    "theta_alpha_ratio_TP9": 0.8655603155221775,
    "theta_beta_ratio_AF7": 0.8452495800412139,
    "theta_beta_ratio_AF8": 6.826854591441469,
    "theta_beta_ratio_TP10": 0.6038213439028537,
    "theta_beta_ratio_TP9": 0.7296694275241691,
    "theta_rel_AF7": 0.17534828336726307,
    "theta_rel_AF8": 0.15611214959922118,
    "theta_rel_TP10": 0.1373671803185082,
    "theta_rel_TP9": 0.14976644367135808
  },
  "features_iqr": {
    "alpha_abs_AF7": 0.7764365196410521,
    "alpha_abs_AF8": 5.52133252421471,
    "alpha_abs_TP10": 3.6136785278393795,
    "alpha_abs_TP9": 2.838400120344538,
    "alpha_rel_AF7": 0.03735612226002724,
    "alpha_rel_AF8": 0.009589073268327496,
    "alpha_rel_TP10": 0.0698755050948727,
    "alpha_rel_TP9": 0.038138307637371804,
    "beta_abs_AF7": 1.0030795056913702,
    "beta_abs_AF8": 1.5883512104572155,
    "beta_abs_TP10": 1.6458075741840172,
    "beta_abs_TP9": 2.5170570263327434,
    "beta_rel_AF7": 0.05037950431155769,
    "beta_rel_AF8": 0.008521126906774503,
    "beta_rel_TP10": 0.045408853606023425,
    "beta_rel_TP9": 0.05954456052479434,
    "delta_abs_AF7": 2.476240200148422,
    "delta_abs_AF8": 109.91172495538581,
    "delta_abs_TP10": 3.645515041894625,
    "delta_abs_TP9": 9.716053716296138,
    "delta_rel_AF7": 0.09593554721404476,
    "delta_rel_AF8": 0.07986745755557223,
    "delta_rel_TP10": 0.07305522025996386,
    "delta_rel_TP9": 0.12323995854207587,
    "frontal_alpha_asym": 0.7025023791525782,
    "gamma_abs_AF7": 0.2996743909109554,
    "gamma_abs_AF8": 0.40544162375250714,
    "gamma_abs_TP10": 0.39761200957286924,
    "gamma_abs_TP9": 0.34376648873757176,
    "gamma_rel_AF7": 0.018618437103356436,
    "gamma_rel_AF8": 0.0022073199720971447,
    "gamma_rel_TP10": 0.012440498233906791,
    "gamma_rel_TP9": 0.010824005524139084,
    "hjorth_activity_AF7": 4.39219087797391,
    "hjorth_activity_AF8": 179.11004634388144,
    "hjorth_activity_TP10": 10.313396945832586,
    "hjorth_activity_TP9": 18.209042300891838,
    "hjorth_complexity_AF7": 0.16675272365469307,
    "hjorth_complexity_AF8": 0.2744039612213065,
    "hjorth_complexity_TP10": 0.146167727238681,
    "hjorth_complexity_TP9": 0.27581271500637516,
    "hjorth_mobility_AF7": 0.034007504807298194,
    "hjorth_mobility_AF8": 0.014940539685781642,
    "hjorth_mobility_TP10": 0.02536082873167217,
    "hjorth_mobility_TP9": 0.03798584990735898,
    "theta_abs_AF7": 0.8978718210673629,
    "theta_abs_AF8": 25.476702661029336,
    "theta_abs_TP10": 2.6297255128315786,
    "theta_abs_TP9": 3.1876698509016936,
    "theta_alpha_ratio_AF7": 0.5273794988702989,
    "theta_alpha_ratio_AF8": 2.18969936771661,
    "theta_alpha_ratio_TP10": 0.2414425319196447,
    "theta_alpha_ratio_TP9": 0.38326241336927813,
    "theta_beta_ratio_AF7": 0.2615065280576423,
    "theta_beta_ratio_AF8": 2.5393603970039624,
    "theta_beta_ratio_TP10": 0.19619688996627005,
    "theta_beta_ratio_TP9": 0.3743846120715232,
    "theta_rel_AF7": 0.03742199083458475,
    "theta_rel_AF8": 0.04333154933665953,
    "theta_rel_TP10": 0.03235179583010908,
    "theta_rel_TP9": 0.03930255535311922
  }
}