{
  "file_id": "F027",
  "participant_id": "27 #12-10-68#",
  "group_label": "never_practiced",
  "group_label_raw": "never_practiced",
  "sr_hz_used": 1000,
  "duration_s": 329.90899991989136,
  "good_window_frac": 0.4146341463414634,
  "features_median": {
    "alpha_abs_AF7": 4.96139491245158,
    "alpha_abs_AF8": 4.744957062066733,
    "alpha_abs_TP10": 36.04620522759097,
    "alpha_abs_TP9": 11.823398339084457,
    "alpha_rel_AF7": 0.14388246527955936,
    "alpha_rel_AF8": 0.12709361217652504,
    "alpha_rel_TP10": 0.1393686243843639,
    "alpha_rel_TP9": 0.11887531501690746,
    "beta_abs_AF7": 11.050558811410308,
    "beta_abs_AF8": 9.577083152500418,
    "beta_abs_TP10": 47.73308596594195,
    "beta_abs_TP9": 26.606884273084,
    "beta_rel_AF7": 0.3158340410107325,
    "beta_rel_AF8": 0.26680256342644315,
    "beta_rel_TP10": 0.23381500656881601,
    "beta_rel_TP9": 0.2739029614983107,
    "delta_abs_AF7": 4.2772084856336114,
    "delta_abs_AF8": 11.277032974030135,
    "delta_abs_TP10": 47.45362974823397,
    "delta_abs_TP9": 12.184672803511582,
    "delta_rel_AF7": 0.12806853372410162,
    "delta_rel_AF8": 0.20437650366828083,
    "delta_rel_TP10": 0.19272632767910153,
    "delta_rel_TP9": 0.11631158510147065,
    "frontal_alpha_asym": -0.0004660365874058492,
    "gamma_abs_AF7": 2.8798245074915436,
    "gamma_abs_AF8": 3.4578811774342237,
    "gamma_abs_TP10": 12.322156697780072,
    "gamma_abs_TP9": 8.8232314722557,
    "gamma_rel_AF7": 0.09938206409787198,
    "gamma_rel_AF8": 0.08244740982773201,
    "gamma_rel_TP10": 0.061439023408407366,
    "gamma_rel_TP9": 0.09410024841473844,
    "hjorth_activity_AF7": 40.4682716541887,
    "hjorth_activity_AF8": 53.51015414930263,
    "hjorth_activity_TP10": 232.02488803600724,
    "hjorth_activity_TP9": 100.79895131396829,
    "hjorth_complexity_AF7": 1.7238917901250983,
    "hjorth_complexity_AF8": 1.8608376236860504,
    "hjorth_complexity_TP10": 2.0659568800794132,
    "hjorth_complexity_TP9": 1.8326521059510632,
    "hjorth_mobility_AF7": 0.10729962195406019,
    "hjorth_mobility_AF8": 0.10006815616575002,
    "hjorth_mobility_TP10": 0.08609001307329049,
    "hjorth_mobility_TP9": 0.10653101907096252,
    "theta_abs_AF7": 5.199764137471863,
    "theta_abs_AF8": 7.891717138712895,
    "theta_abs_TP10": 51.153159213861976,
    "theta_abs_TP9": 20.30218476402092,
    "theta_alpha_ratio_AF7": 0.9486679106312575,
    "theta_alpha_ratio_AF8": 1.3008832010386626,
    "theta_alpha_ratio_TP10": 1.508473908263541,
    "theta_alpha_ratio_TP9": 1.5649854040063738,
    "theta_beta_ratio_AF7": 0.470543094354862,
    "theta_beta_ratio_AF8": 0.6556866655863614,
    "theta_beta_ratio_TP10": 0.8451121646623689,
    "theta_beta_ratio_TP9": 0.6775706735344705,
    "theta_rel_AF7": 0.13214836415635148,
    "theta_rel_AF8": 0.15861519580057612,
    "theta_rel_TP10": 0.1934003976489177,
    "theta_rel_TP9": 0.19947421691931883
  },
  "features_iqr": {
    "alpha_abs_AF7": 3.464525756985148,
    "alpha_abs_AF8": 3.6511619018888406,
    "alpha_abs_TP10": 20.489463070221746,
    "alpha_abs_TP9": 7.900608349066507,
    "alpha_rel_AF7": 0.043515985080420067,
    "alpha_rel_AF8": 0.04322720254581382,
    "alpha_rel_TP10": 0.06494654847747668,
    "alpha_rel_TP9": 0.042829446267595314,
    "beta_abs_AF7": 7.902138360491012,
    "beta_abs_AF8": 5.3310251771456265,
    "beta_abs_TP10": 12.195499905992776,
    "beta_abs_TP9": 2.916635335858576,
    "beta_rel_AF7": 0.08481931804809173,
    "beta_rel_AF8": 0.1425463155751285,
    "beta_rel_TP10": 0.0683901785565029,
    "beta_rel_TP9": 0.05842014675858348,
    "delta_abs_AF7": 4.995544598403037,
    "delta_abs_AF8": 9.110009240987392,
    "delta_abs_TP10": 36.265741866412185,
    "delta_abs_TP9": 6.954822373676427,
    "delta_rel_AF7": 0.09251466588445571,
    "delta_rel_AF8": 0.09829435426266897,
    "delta_rel_TP10": 0.0360380176881073,
    "delta_rel_TP9": 0.05453592834299931,
    "frontal_alpha_asym": 0.4151096117607316,
    "gamma_abs_AF7": 2.648072632764966,
    "gamma_abs_AF8": 1.993356040209799,
    "gamma_abs_TP10": 5.8163528425703,
    "gamma_abs_TP9": 3.4512497557414408,
    "gamma_rel_AF7": 0.03178965195637967,
    "gamma_rel_AF8": 0.029188742340234802,
    "gamma_rel_TP10": 0.019602859430689006,
    "gamma_rel_TP9": 0.021751717387073335,
    "hjorth_activity_AF7": 20.559114636497796,
    "hjorth_activity_AF8": 22.52371957541589,
    "hjorth_activity_TP10": 121.51628484650593,
    "hjorth_activity_TP9": 24.314748221249772,
    "hjorth_complexity_AF7": 0.20657787739719913,
    "hjorth_complexity_AF8": 0.2983118487626213,
    "hjorth_complexity_TP10": 0.2403859132386823,
    "hjorth_complexity_TP9": 0.11122454513987834,
    "hjorth_mobility_AF7": 0.016161879326146406,
    "hjorth_mobility_AF8": 0.016252554909540418,
    "hjorth_mobility_TP10": 0.01754151916890065,
    "hjorth_mobility_TP9": 0.01006467142059618,
    "theta_abs_AF7": 1.8511084381103613,
    "theta_abs_AF8": 5.9726226978141845,
    "theta_abs_TP10": 51.640150622101885,
    "theta_abs_TP9": 6.634714964524704,
    "theta_alpha_ratio_AF7": 0.47759441395980307,
    "theta_alpha_ratio_AF8": 0.551598867456744,
    "theta_alpha_ratio_TP10": 0.6958497078373882,
    "theta_alpha_ratio_TP9": 0.7977190405605736,
    "theta_beta_ratio_AF7": 0.32912766754493533,
    "theta_beta_ratio_AF8": 0.5395318048432766,
    "theta_beta_ratio_TP10": 0.33688006634240875,
    "theta_beta_ratio_TP9": 0.24761611757625834,
    "theta_rel_AF7": 0.04837097576530122,
    "theta_rel_AF8": 0.07666635615687074,
    "theta_rel_TP10": 0.06267246330519805,
    "theta_rel_TP9": 0.05076031080572585
  }
}