{
  "file_id": "F028",
  "participant_id": "28 #12-10-68#",
  "group_label": "trained_over_3_years",
  "group_label_raw": "trained_over_3_years",
  "sr_hz_used": 256,
  "duration_s": 294.703125,
  "good_window_frac": 0.4178082191780822,
  "features_median": {
    "alpha_abs_AF7": 20.267966810763735,
    "alpha_abs_AF8": 17.183471884457212,
    "alpha_abs_TP10": 94.51732374251895,
    "alpha_abs_TP9": 40.570053737516645,
    "alpha_rel_AF7": 0.11995884379826897,
    "alpha_rel_AF8": 0.11934334681022707,
    "alpha_rel_TP10": 0.08326635714938552,
    "alpha_rel_TP9": 0.18386971316945264,
    "beta_abs_AF7": 25.65698079588922,
    "beta_abs_AF8": 20.95552616765572,
    "beta_abs_TP10": 68.41843011473964,
    "beta_abs_TP9": 19.768568191897153,
    "beta_rel_AF7": 0.14736051124843394,
    "beta_rel_AF8": 0.1537129904122653,
    "beta_rel_TP10": 0.06393679812405302,
    "beta_rel_TP9": 0.12560892370762225,
    "delta_abs_AF7": 39.94983677098554,
    "delta_abs_AF8": 29.904871987851095,
    "delta_abs_TP10": 527.7007530786309,
    "delta_abs_TP9": 42.220950055984204,
    "delta_rel_AF7": 0.24575068666854244,
    "delta_rel_AF8": 0.27579998798308025,
    "delta_rel_TP10": 0.4778951905485596,
    "delta_rel_TP9": 0.31971389349693613,
    "frontal_alpha_asym": 0.18481988138889172,
    "gamma_abs_AF7": 5.011245897254832,
    "gamma_abs_AF8": 3.3823118427339067,
    "gamma_abs_TP10": 8.978351360986439,
    "gamma_abs_TP9": 3.2001093833603678,
    "gamma_rel_AF7": 0.026979741228879472,
    "gamma_rel_AF8": 0.026972091190596695,
    "gamma_rel_TP10": 0.008385592880485364,
    "gamma_rel_TP9": 0.017708749690613465,
    "hjorth_activity_AF7": 183.70085738831537,
    "hjorth_activity_AF8": 140.36658736386795,
    "hjorth_activity_TP10": 1239.120941115974,
    "hjorth_activity_TP9": 171.57675228455173,
    "hjorth_complexity_AF7": 2.336187341631347,
    "hjorth_complexity_AF8": 2.3063504968105666,
    "hjorth_complexity_TP10": 3.069597192316005,
    "hjorth_complexity_TP9": 2.3056198550770897,
    "hjorth_mobility_AF7": 0.25942969936982196,
    "hjorth_mobility_AF8": 0.26857392975011035,
    "hjorth_mobility_TP10": 0.17324212479386455,
    "hjorth_mobility_TP9": 0.25015968856783194,
    "theta_abs_AF7": 36.77515855136325,
    "theta_abs_AF8": 27.00354384162124,
    "theta_abs_TP10": 221.7265478836528,
    "theta_abs_TP9": 24.20345827918172,
    "theta_alpha_ratio_AF7": 1.9346437914876402,
    "theta_alpha_ratio_AF8": 1.7463185065317257,
    "theta_alpha_ratio_TP10": 2.376370708529352,
    "theta_alpha_ratio_TP9": 0.9089312193729242,
    "theta_beta_ratio_AF7": 1.6606803186305341,
    "theta_beta_ratio_AF8": 1.519840456192146,
    "theta_beta_ratio_TP10": 2.8833284074337597,
    "theta_beta_ratio_TP9": 1.2434680313526236,
    "theta_rel_AF7": 0.2408425254297052,
    "theta_rel_AF8": 0.21075376762787568,
    "theta_rel_TP10": 0.19475427115867727,
    "theta_rel_TP9": 0.14757709043969072
  },
  "features_iqr": {
    "alpha_abs_AF7": 23.394685868459757,
    "alpha_abs_AF8": 19.989693494710508,
    "alpha_abs_TP10": 37.48286920684073,
    "alpha_abs_TP9": 26.786894444718666,
    "alpha_rel_AF7": 0.05582241668379791,
    "alpha_rel_AF8": 0.04088290693622719,
    "alpha_rel_TP10": 0.03650275974855059,
    "alpha_rel_TP9": 0.17550078916585862,
    "beta_abs_AF7": 25.623948474719253,
    "beta_abs_AF8": 24.19829088480897,
    "beta_abs_TP10": 29.408380080648016,
    "beta_abs_TP9": 17.62991045750774,
    "beta_rel_AF7": 0.06602469151460895,
    "beta_rel_AF8": 0.037931770132810544,
    "beta_rel_TP10": 0.021221463741272248,
    "beta_rel_TP9": 0.06849156906943135,
    "delta_abs_AF7": 39.87030386356241,
    "delta_abs_AF8": 32.26124737544755,
    "delta_abs_TP10": 298.16155365436634,
    "delta_abs_TP9": 175.98286490054466,
    "delta_rel_AF7": 0.14013074704550094,
    "delta_rel_AF8": 0.12771874030623112,
    "delta_rel_TP10": 0.1125876105061408,
    "delta_rel_TP9": 0.25995952220676044,
    "frontal_alpha_asym": 0.7678886394410922,
    "gamma_abs_AF7": 4.260061244232143,
    "gamma_abs_AF8": 3.164790842087722,
    "gamma_abs_TP10": 4.712627891162129,
    "gamma_abs_TP9": 2.333765034782693,
    "gamma_rel_AF7": 0.009809285116588833,
    "gamma_rel_AF8": 0.01139034367393768,
    "gamma_rel_TP10": 0.0035287660202379494,
    "gamma_rel_TP9": 0.01176953958862386,
    "hjorth_activity_AF7": 182.56238225127018,
    "hjorth_activity_AF8": 148.8938988327391,
    "hjorth_activity_TP10": 546.1391713503328,
    "hjorth_activity_TP9": 339.84045909674774,
    "hjorth_complexity_AF7": 0.3972181482183168,
    "hjorth_complexity_AF8": 0.2826046699289173,
    "hjorth_complexity_TP10": 0.3540100972603959,
    "hjorth_complexity_TP9": 0.7470043247165479,
    "hjorth_mobility_AF7": 0.04703978028060282,
    "hjorth_mobility_AF8": 0.03021338243551161,
    "hjorth_mobility_TP10": 0.026597554027028764,
    "hjorth_mobility_TP9": 0.07787943688792973,
    "theta_abs_AF7": 47.68323411884404,
    "theta_abs_AF8": 30.376974316908324,
    "theta_abs_TP10": 132.39551417068657,
    "theta_abs_TP9": 59.37382178359792,
    "theta_alpha_ratio_AF7": 1.3609756411246452,
    "theta_alpha_ratio_AF8": 0.7487012398985582,
    "theta_alpha_ratio_TP10": 1.1692771513300033,
    "theta_alpha_ratio_TP9": 0.993672513220317,
    "theta_beta_ratio_AF7": 0.7940645731145235,
    "theta_beta_ratio_AF8": 0.5619321150497958,
    "theta_beta_ratio_TP10": 1.411147091393591,
    "theta_beta_ratio_TP9": 1.21336083953309,
    "theta_rel_AF7": 0.07721937318974637,
    "theta_rel_AF8": 0.05431610449061103,
    "theta_rel_TP10": 0.06851757889910637,
    "theta_rel_TP9": 0.058499335177720005
  }
}