{
  "file_id": "F029",
  "participant_id": "29 #12-10-68#",
  "group_label": "trained_over_3_years",
  "group_label_raw": "trained_over_3_years",
  "sr_hz_used": 256,
  "duration_s": 311.296875,
  "good_window_frac": 0.4935064935064935,
  "features_median": {
    "alpha_abs_AF7": 18.06286182330097,
    "alpha_abs_AF8": 21.81287149103303,
    "alpha_abs_TP10": 48.97250821694441,
    "alpha_abs_TP9": 70.9769689970461,
    "alpha_rel_AF7": 0.12962471206466503,
    "alpha_rel_AF8": 0.09224221224832091,
    "alpha_rel_TP10": 0.10007927077152896,
    "alpha_rel_TP9": 0.17322072551037954,
    "beta_abs_AF7": 19.257894319502405,
    "beta_abs_AF8": 27.101291965729384,
    "beta_abs_TP10": 39.15551684388813,
    "beta_abs_TP9": 39.7315197448098,
    "beta_rel_AF7": 0.15401661403909872,
    "beta_rel_AF8": 0.11720286305043465,
    "beta_rel_TP10": 0.08702669855814904,
    "beta_rel_TP9": 0.11677226092486054,
    "delta_abs_AF7": 36.226064727602534,
    "delta_abs_AF8": 51.99506391723743,
    "delta_abs_TP10": 201.06240713971567,
    "delta_abs_TP9": 101.62371238197305,
    "delta_rel_AF7": 0.24412303547832054,
    "delta_rel_AF8": 0.27995533928286565,
    "delta_rel_TP10": 0.4055059715428124,
    "delta_rel_TP9": 0.2452883943417788,
    "frontal_alpha_asym": -0.07842206863075707,
    "gamma_abs_AF7": 4.031115526984356,
    "gamma_abs_AF8": 5.363251617234993,
    "gamma_abs_TP10": 5.7987739525463144,
    "gamma_abs_TP9": 5.2333206349193,
    "gamma_rel_AF7": 0.0299272395868109,
    "gamma_rel_AF8": 0.023377269315309514,
    "gamma_rel_TP10": 0.011778070240757572,
    "gamma_rel_TP9": 0.015660870917830413,
    "hjorth_activity_AF7": 140.61672135419636,
    "hjorth_activity_AF8": 232.28030004356458,
    "hjorth_activity_TP10": 533.0722088128072,
    "hjorth_activity_TP9": 549.7113714814564,
    "hjorth_complexity_AF7": 2.257600886297323,
    "hjorth_complexity_AF8": 2.368331710045762,
    "hjorth_complexity_TP10": 2.790067176056721,
    "hjorth_complexity_TP9": 2.224162325644995,
    "hjorth_mobility_AF7": 0.27614094594662997,
    "hjorth_mobility_AF8": 0.24745740396215016,
    "hjorth_mobility_TP10": 0.19967451002824982,
    "hjorth_mobility_TP9": 0.23988042923102815,
    "theta_abs_AF7": 30.63733772627705,
    "theta_abs_AF8": 50.45278932264026,
    "theta_abs_TP10": 92.97409919735807,
    "theta_abs_TP9": 99.53912000990442,
    "theta_alpha_ratio_AF7": 1.7020803480422781,
    "theta_alpha_ratio_AF8": 2.27197860297738,
    "theta_alpha_ratio_TP10": 1.9730242890851084,
    "theta_alpha_ratio_TP9": 1.3656387872531708,
    "theta_beta_ratio_AF7": 1.476274227424573,
    "theta_beta_ratio_AF8": 1.8231058741626185,
    "theta_beta_ratio_TP10": 2.4741150817485194,
    "theta_beta_ratio_TP9": 1.6507137386561221,
    "theta_rel_AF7": 0.22843194868341948,
    "theta_rel_AF8": 0.22384224995692276,
    "theta_rel_TP10": 0.2001222102524352,
    "theta_rel_TP9": 0.20226773487269367
  },
  "features_iqr": {
    "alpha_abs_AF7": 17.67392929216952,
    "alpha_abs_AF8": 21.46070703837916,
    "alpha_abs_TP10": 32.53063732050938,
    "alpha_abs_TP9": 146.96852276434572,
    "alpha_rel_AF7": 0.05090663614069352,
    "alpha_rel_AF8": 0.060574447161215406,
    "alpha_rel_TP10": 0.029078226090755777,
    "alpha_rel_TP9": 0.06519079115302046,
    "beta_abs_AF7": 19.285006462493612,
    "beta_abs_AF8": 30.75441320410266,
    "beta_abs_TP10": 23.298536586391883,
    "beta_abs_TP9": 113.2285644073874,
    "beta_rel_AF7": 0.04507616401716641,
    "beta_rel_AF8": 0.061430222188479974,
    "beta_rel_TP10": 0.04131436685487598,
    "beta_rel_TP9": 0.12024027941953634,
    "delta_abs_AF7": 25.41930194790913,
    "delta_abs_AF8": 48.39100933155931,
    "delta_abs_TP10": 230.34745065967624,
    "delta_abs_TP9": 169.9540394815933,
    "delta_rel_AF7": 0.08905349040831598,
    "delta_rel_AF8": 0.2300839436804882,
    "delta_rel_TP10": 0.12283304565128172,
    "delta_rel_TP9": 0.11870723154262605,
    "frontal_alpha_asym": 1.4458960873879114,
    "gamma_abs_AF7": 3.0283445694093247,
    "gamma_abs_AF8": 4.588286273120599,
    "gamma_abs_TP10": 3.503498865434702,
    "gamma_abs_TP9": 7.982325307119362,
    "gamma_rel_AF7": 0.011872023801363298,
    "gamma_rel_AF8": 0.014341082778041192,
    "gamma_rel_TP10": 0.007585034579469827,
    "gamma_rel_TP9": 0.01868496359108837,
    "hjorth_activity_AF7": 113.64001925138533,
    "hjorth_activity_AF8": 233.86510990024175,
    "hjorth_activity_TP10": 484.0761912700999,
    "hjorth_activity_TP9": 1290.8781109473869,
    "hjorth_complexity_AF7": 0.2305247280196907,
    "hjorth_complexity_AF8": 0.4461514369747741,
    "hjorth_complexity_TP10": 0.3768010689062149,
    "hjorth_complexity_TP9": 0.41728520487970755,
    "hjorth_mobility_AF7": 0.030765230252314257,
    "hjorth_mobility_AF8": 0.04524048205729839,
    "hjorth_mobility_TP10": 0.03815970131849308,
    "hjorth_mobility_TP9": 0.07484868134548578,
    "theta_abs_AF7": 27.593011699173044,
    "theta_abs_AF8": 57.376353260995984,
    "theta_abs_TP10": 92.64732942624327,
    "theta_abs_TP9": 250.15381761449675,
    "theta_alpha_ratio_AF7": 0.8607139355234099,
    "theta_alpha_ratio_AF8": 1.585803565069214,
    "theta_alpha_ratio_TP10": 1.0029382524156132,
    "theta_alpha_ratio_TP9": 0.9386704247356784,
    "theta_beta_ratio_AF7": 0.49638857237806944,
    "theta_beta_ratio_AF8": 1.407762307591198,
    "theta_beta_ratio_TP10": 1.2591248671876687,
    "theta_beta_ratio_TP9": 2.2717183812659947,
    "theta_rel_AF7": 0.06766393067407972,
    "theta_rel_AF8": 0.11097687609154216,
    "theta_rel_TP10": 0.06730168060723077,
    "theta_rel_TP9": 0.10254795763807589
  }
}