{
  "file_id": "F030",
  "participant_id": "30 #12-10-68#",
  "group_label": "beginner",
  "group_label_raw": "beginner",
  "sr_hz_used": 1000,
  "duration_s": 233.91799998283386,
  "good_window_frac": 0.2857142857142857,
  "features_median": {
    "alpha_abs_AF7": 3.6497438419111665,
    "alpha_abs_AF8": 9.547127625404125,
    "alpha_abs_TP10": 23.02848772098722,
    "alpha_abs_TP9": 19.368562297629317,
    "alpha_rel_AF7": 0.015782396912378968,
    "alpha_rel_AF8": 0.08012079311686798,
    "alpha_rel_TP10": 0.029762261562690195,
    "alpha_rel_TP9": 0.022670402107102066,
    "beta_abs_AF7": 5.181724673577328,
    "beta_abs_AF8": 12.50890938602366,
    "beta_abs_TP10": 35.44080838640413,
    "beta_abs_TP9": 23.363433919949863,
    "beta_rel_AF7": 0.02082726421626748,
    "beta_rel_AF8": 0.10007637714678848,
    "beta_rel_TP10": 0.05230957510110417,
    "beta_rel_TP9": 0.040081824515405456,
    "delta_abs_AF7": 171.25431659210966,
    "delta_abs_AF8": 45.251073189351516,
    "delta_abs_TP10": 558.7662012819446,
    "delta_abs_TP9": 696.901625258181,
    "delta_rel_AF7": 0.7131169656276164,
    "delta_rel_AF8": 0.3804771270508478,
    "delta_rel_TP10": 0.7222857763185,
    "delta_rel_TP9": 0.7149546690450932,
    "frontal_alpha_asym": -0.9968184798386852,
    "gamma_abs_AF7": 2.5255330035248846,
    "gamma_abs_AF8": 3.5557144009581134,
    "gamma_abs_TP10": 20.86424719047792,
    "gamma_abs_TP9": 30.562628902752355,
    "gamma_rel_AF7": 0.010791302624478284,
    "gamma_rel_AF8": 0.02524004891981747,
    "gamma_rel_TP10": 0.029270489992596484,
    "gamma_rel_TP9": 0.032500858402427196,
    "hjorth_activity_AF7": 349.10862321854677,
    "hjorth_activity_AF8": 124.67979100101832,
    "hjorth_activity_TP10": 1032.529738274909,
    "hjorth_activity_TP9": 1265.602558756802,
    "hjorth_complexity_AF7": 5.457206215764536,
    "hjorth_complexity_AF8": 2.7589129608936966,
    "hjorth_complexity_TP10": 4.004079294041103,
    "hjorth_complexity_TP9": 4.309595653004905,
    "hjorth_mobility_AF7": 0.03237582002767697,
    "hjorth_mobility_AF8": 0.06390456210799035,
    "hjorth_mobility_TP10": 0.047407830533661086,
    "hjorth_mobility_TP9": 0.0446519189027241,
    "theta_abs_AF7": 20.00311234021157,
    "theta_abs_AF8": 22.504367549990533,
    "theta_abs_TP10": 56.48470988313393,
    "theta_abs_TP9": 68.32198441175242,
    "theta_alpha_ratio_AF7": 5.189801397376733,
    "theta_alpha_ratio_AF8": 2.0859070938059716,
    "theta_alpha_ratio_TP10": 2.2539390338955947,
    "theta_alpha_ratio_TP9": 2.9063840491563733,
    "theta_beta_ratio_AF7": 2.8853246380566793,
    "theta_beta_ratio_AF8": 1.7675878903777669,
    "theta_beta_ratio_TP10": 1.2814791941626469,
    "theta_beta_ratio_TP9": 1.963823200800726,
    "theta_rel_AF7": 0.07815970045810836,
    "theta_rel_AF8": 0.17908684790124915,
    "theta_rel_TP10": 0.06703538962809968,
    "theta_rel_TP9": 0.07064002377258746
  },
  "features_iqr": {
    "alpha_abs_AF7": 1.040371476922755,
    "alpha_abs_AF8": 1.734037204928672,
    "alpha_abs_TP10": 22.927491787148615,
    "alpha_abs_TP9": 11.071808179803053,
    "alpha_rel_AF7": 0.0014343908688032522,
    "alpha_rel_AF8": 0.01792276755026312,
    "alpha_rel_TP10": 0.06943381763179872,
    "alpha_rel_TP9": 0.022361174197992724,
    "beta_abs_AF7": 2.0019469750646195,
    "beta_abs_AF8": 5.725032262668265,
    "beta_abs_TP10": 40.29507263335755,
    "beta_abs_TP9": 7.158161180778819,
    "beta_rel_AF7": 0.01794972831984712,
    "beta_rel_AF8": 0.06079816521374898,
    "beta_rel_TP10": 0.09249608558194347,
    "beta_rel_TP9": 0.035021062075236475,
    "delta_abs_AF7": 114.66204975670865,
    "delta_abs_AF8": 35.26015006976452,
    "delta_abs_TP10": 427.3082444112847,
    "delta_abs_TP9": 635.5553950473891,
    "delta_rel_AF7": 0.05849412623334371,
    "delta_rel_AF8": 0.11983961447137376,
    "delta_rel_TP10": 0.26365840142408403,
    "delta_rel_TP9": 0.12958005298776698,
    "frontal_alpha_asym": 0.28935040124202827,
    "gamma_abs_AF7": 0.6537780679098883,
    "gamma_abs_AF8": 1.3826330521928156,
    "gamma_abs_TP10": 6.475775456194725,
    "gamma_abs_TP9": 8.949001844425517,
    "gamma_rel_AF7": 0.0030317804912408253,
    "gamma_rel_AF8": 0.013393029745254623,
    "gamma_rel_TP10": 0.022583496911374745,
    "gamma_rel_TP9": 0.017813769314703663,
    "hjorth_activity_AF7": 136.08231690309213,
    "hjorth_activity_AF8": 58.65065775007152,
    "hjorth_activity_TP10": 317.8564699712015,
    "hjorth_activity_TP9": 730.848973704643,
    "hjorth_complexity_AF7": 0.8382638468772701,
    "hjorth_complexity_AF8": 0.35833300643705135,
    "hjorth_complexity_TP10": 2.124525994655595,
    "hjorth_complexity_TP9": 1.2836475670954108,
    "hjorth_mobility_AF7": 0.005920697936058088,
    "hjorth_mobility_AF8": 0.011483177973326805,
    "hjorth_mobility_TP10": 0.027063277011746288,
    "hjorth_mobility_TP9": 0.01071724567189511,
    "theta_abs_AF7": 12.822570861758225,
    "theta_abs_AF8": 5.2640644492305135,
    "theta_abs_TP10": 22.962180660159866,
    "theta_abs_TP9": 46.30949621437737,
    "theta_alpha_ratio_AF7": 2.151213941163177,
    "theta_alpha_ratio_AF8": 0.39945099452763233,
    "theta_alpha_ratio_TP10": 1.8183342800743603,
    "theta_alpha_ratio_TP9": 1.2072889942498417,
    "theta_beta_ratio_AF7": 2.9672784156220917,
    "theta_beta_ratio_AF8": 1.2827699012542844,
    "theta_beta_ratio_TP10": 0.8992697208889953,
    "theta_beta_ratio_TP9": 1.7028038158897407,
    "theta_rel_AF7": 0.01652292224635811,
    "theta_rel_AF8": 0.059226864986509614,
    "theta_rel_TP10": 0.047938913243090846,
    "theta_rel_TP9": 0.034485811529991965
  }
}