{
  "file_id": "F031",
  "participant_id": "31 #12-10-68#",
  "group_label": "meditation_master_or_instructor",
  "group_label_raw": "meditation_master_or_instructor",
  "sr_hz_used": 1000,
  "duration_s": 315.3420000076294,
  "good_window_frac": 0.5897435897435898,
  "features_median": {
    "alpha_abs_AF7": 1.2828373589792421,
    "alpha_abs_AF8": 1.291859924484388,
    "alpha_abs_TP10": 2.611258101132075,
    "alpha_abs_TP9": 2.733382660139393,
    "alpha_rel_AF7": 0.12984406568187593,
    "alpha_rel_AF8": 0.14447888931929195,
    "alpha_rel_TP10": 0.13991574653699546,
    "alpha_rel_TP9": 0.11976247935115053,
    "beta_abs_AF7": 3.3337348136759632,
    "beta_abs_AF8": 2.8972336940168937,
    "beta_abs_TP10": 7.006391344071196,
    "beta_abs_TP9": 7.62395393504752,
    "beta_rel_AF7": 0.32234528707834514,
    "beta_rel_AF8": 0.34705081598669457,
    "beta_rel_TP10": 0.36242315692732474,
    "beta_rel_TP9": 0.3215557980564015,
    "delta_abs_AF7": 1.025418979890411,
    "delta_abs_AF8": 0.8554306047004571,
    "delta_abs_TP10": 0.7860154570703544,
    "delta_abs_TP9": 1.1873855781277727,
    "delta_rel_AF7": 0.10565267460938535,
    "delta_rel_AF8": 0.09877656363788129,
    "delta_rel_TP10": 0.044029037731028495,
    "delta_rel_TP9": 0.057550803082122085,
    "frontal_alpha_asym": -0.005297604580672716,
    "gamma_abs_AF7": 1.2336786718624637,
    "gamma_abs_AF8": 1.1715268102992564,
    "gamma_abs_TP10": 3.5763449497426176,
    "gamma_abs_TP9": 4.7165687837699055,
    "gamma_rel_AF7": 0.12035135204011485,
    "gamma_rel_AF8": 0.1213724916019029,
    "gamma_rel_TP10": 0.1853759655751343,
    "gamma_rel_TP9": 0.20814257747034218,
    "hjorth_activity_AF7": 9.94891890356184,
    "hjorth_activity_AF8": 8.826335174509225,
    "hjorth_activity_TP10": 19.4504623124907,
    "hjorth_activity_TP9": 22.645370459023685,
    "hjorth_complexity_AF7": 1.625917837127077,
    "hjorth_complexity_AF8": 1.6042155350229674,
    "hjorth_complexity_TP10": 1.4975351940032202,
    "hjorth_complexity_TP9": 1.507357095484238,
    "hjorth_mobility_AF7": 0.1216598908021174,
    "hjorth_mobility_AF8": 0.11888161888183468,
    "hjorth_mobility_TP10": 0.13646933538501305,
    "hjorth_mobility_TP9": 0.13661179256014966,
    "theta_abs_AF7": 1.4354609432969827,
    "theta_abs_AF8": 1.2402787261871888,
    "theta_abs_TP10": 2.02214889686321,
    "theta_abs_TP9": 2.850299422215193,
    "theta_alpha_ratio_AF7": 1.1306548677423964,
    "theta_alpha_ratio_AF8": 0.9770018163627247,
    "theta_alpha_ratio_TP10": 0.7775314349333373,
    "theta_alpha_ratio_TP9": 0.8410073090033788,
    "theta_beta_ratio_AF7": 0.4729451945698238,
    "theta_beta_ratio_AF8": 0.35823359403491856,
    "theta_beta_ratio_TP10": 0.2700072382138483,
    "theta_beta_ratio_TP9": 0.3533450232684241,
    "theta_rel_AF7": 0.15147634823641484,
    "theta_rel_AF8": 0.13725370298617345,
    "theta_rel_TP10": 0.11327165296417163,
    "theta_rel_TP9": 0.12621247089370566
  },
  "features_iqr": {
    "alpha_abs_AF7": 0.2964644983088274,
    "alpha_abs_AF8": 0.27130544053020933,
    "alpha_abs_TP10": 0.8769698030181807,
    "alpha_abs_TP9": 1.5381621851077751,
    "alpha_rel_AF7": 0.03171688378884441,
    "alpha_rel_AF8": 0.036484044678392,
    "alpha_rel_TP10": 0.06166312571635618,
    "alpha_rel_TP9": 0.039084646067099715,
    "beta_abs_AF7": 0.7479540742027511,
    "beta_abs_AF8": 0.6970410945577736,
    "beta_abs_TP10": 1.7434525894675517,
    "beta_abs_TP9": 1.2743825408310974,
    "beta_rel_AF7": 0.04658671276169429,
    "beta_rel_AF8": 0.05942007253673659,
    "beta_rel_TP10": 0.11959698035288774,
    "beta_rel_TP9": 0.08574956826210256,
    "delta_abs_AF7": 0.6896031219403277,
    "delta_abs_AF8": 0.3536834168864599,
    "delta_abs_TP10": 0.4163317396342723,
    "delta_abs_TP9": 0.7481598050118257,
    "delta_rel_AF7": 0.054726262344007764,
    "delta_rel_AF8": 0.036826420095020004,
    "delta_rel_TP10": 0.018102418704058418,
    "delta_rel_TP9": 0.0424259434014517,
    "frontal_alpha_asym": 0.3954733881895636,
    "gamma_abs_AF7": 0.3135374379774274,
    "gamma_abs_AF8": 0.22212344131427608,
    "gamma_abs_TP10": 1.365205809067895,
    "gamma_abs_TP9": 2.51564505557568,
    "gamma_rel_AF7": 0.04256257807136676,
    "gamma_rel_AF8": 0.03784766732019823,
    "gamma_rel_TP10": 0.07836949344381128,
    "gamma_rel_TP9": 0.09424166496123293,
    "hjorth_activity_AF7": 1.7813586011105667,
    "hjorth_activity_AF8": 1.1664628403678634,
    "hjorth_activity_TP10": 1.741262425924134,
    "hjorth_activity_TP9": 6.078666685536557,
    "hjorth_complexity_AF7": 0.11953804622088349,
    "hjorth_complexity_AF8": 0.10409227362328854,
    "hjorth_complexity_TP10": 0.09539911364322418,
    "hjorth_complexity_TP9": 0.062711719529845,
    "hjorth_mobility_AF7": 0.009268141413237757,
    "hjorth_mobility_AF8": 0.007471930696527171,
    "hjorth_mobility_TP10": 0.015931313572674022,
    "hjorth_mobility_TP9": 0.010811923948476576,
    "theta_abs_AF7": 0.5214666280230564,
    "theta_abs_AF8": 0.5038325674449844,
    "theta_abs_TP10": 0.9061782555711826,
    "theta_abs_TP9": 1.526706124791355,
    "theta_alpha_ratio_AF7": 0.3167576556134293,
    "theta_alpha_ratio_AF8": 0.5339667840740698,
    "theta_alpha_ratio_TP10": 0.39011456145076595,
    "theta_alpha_ratio_TP9": 0.574163637230049,
    "theta_beta_ratio_AF7": 0.2561835407585933,
    "theta_beta_ratio_AF8": 0.23435414136749583,
    "theta_beta_ratio_TP10": 0.22119089237490963,
    "theta_beta_ratio_TP9": 0.21395475704965583,
    "theta_rel_AF7": 0.04620883423423161,
    "theta_rel_AF8": 0.05119307076668128,
    "theta_rel_TP10": 0.04959263684290911,
    "theta_rel_TP9": 0.05496259254812608
  }
}