{
  "file_id": "F039",
  "participant_id": "39",
  "group_label": "beginner",
  "group_label_raw": "beginner",
  "sr_hz_used": 256,
  "duration_s": 400.265625,
  "good_window_frac": 0.8391959798994975,
  "features_median": {
    "alpha_abs_AF7": 3.3574208080799193,
    "alpha_abs_AF8": 5.640025879921724,
    "alpha_abs_TP10": 7.745993791787256,
    "alpha_abs_TP9": 6.525925228471802,
    "alpha_rel_AF7": 0.0792421902862868,
    "alpha_rel_AF8": 0.0860454064291254,
    "alpha_rel_TP10": 0.08645188715346953,
    "alpha_rel_TP9": 0.0803253169667407,
    "beta_abs_AF7": 12.335976458174752,
    "beta_abs_AF8": 22.487006091531672,
    "beta_abs_TP10": 20.13361481822706,
    "beta_abs_TP9": 17.98387491402371,
    "beta_rel_AF7": 0.2949142126608265,
    "beta_rel_AF8": 0.29454447495804337,
    "beta_rel_TP10": 0.2382378706709043,
    "beta_rel_TP9": 0.21175348228861177,
    "delta_abs_AF7": 8.478476420617259,
    "delta_abs_AF8": 13.04367029335038,
    "delta_abs_TP10": 28.169408017368482,
    "delta_abs_TP9": 30.248042401576406,
    "delta_rel_AF7": 0.22582869119173138,
    "delta_rel_AF8": 0.20017631146806786,
    "delta_rel_TP10": 0.3127662630380351,
    "delta_rel_TP9": 0.345594715638816,
    "frontal_alpha_asym": -0.45974500517342975,
    "gamma_abs_AF7": 4.9080867221560345,
    "gamma_abs_AF8": 8.865851340572624,
    "gamma_abs_TP10": 6.425637686545934,
    "gamma_abs_TP9": 6.082454757393573,
    "gamma_rel_AF7": 0.120180274823465,
    "gamma_rel_AF8": 0.11800419339600539,
    "gamma_rel_TP10": 0.07498173921411176,
    "gamma_rel_TP9": 0.0768103177696779,
    "hjorth_activity_AF7": 42.9597440314683,
    "hjorth_activity_AF8": 75.87120504106488,
    "hjorth_activity_TP10": 92.39209720539654,
    "hjorth_activity_TP9": 88.99293349617832,
    "hjorth_complexity_AF7": 1.6925520815738575,
    "hjorth_complexity_AF8": 1.7226986024500905,
    "hjorth_complexity_TP10": 1.9596272648415642,
    "hjorth_complexity_TP9": 2.001278179669213,
    "hjorth_mobility_AF7": 0.4388828772185606,
    "hjorth_mobility_AF8": 0.43123068112795987,
    "hjorth_mobility_TP10": 0.3649525619604841,
    "hjorth_mobility_TP9": 0.353195509905515,
    "theta_abs_AF7": 5.630428983271492,
    "theta_abs_AF8": 9.341968845951213,
    "theta_abs_TP10": 9.686581219511556,
    "theta_abs_TP9": 8.991016040529761,
    "theta_alpha_ratio_AF7": 1.720722046430431,
    "theta_alpha_ratio_AF8": 1.662772809342069,
    "theta_alpha_ratio_TP10": 1.3076810341470213,
    "theta_alpha_ratio_TP9": 1.3937324280819057,
    "theta_beta_ratio_AF7": 0.4866127339147677,
    "theta_beta_ratio_AF8": 0.49587815413693587,
    "theta_beta_ratio_TP10": 0.47880059866497493,
    "theta_beta_ratio_TP9": 0.5378587252911183,
    "theta_rel_AF7": 0.1414347506000307,
    "theta_rel_AF8": 0.14418447356529623,
    "theta_rel_TP10": 0.10991348931596692,
    "theta_rel_TP9": 0.11145470843099031
  },
  "features_iqr": {
    "alpha_abs_AF7": 1.3172312048249655,
    "alpha_abs_AF8": 2.5679458794491223,
    "alpha_abs_TP10": 3.7453877359226055,
    "alpha_abs_TP9": 2.907064998842464,
    "alpha_rel_AF7": 0.03366831118462624,
    "alpha_rel_AF8": 0.031574756118011874,
    "alpha_rel_TP10": 0.04888437162749078,
    "alpha_rel_TP9": 0.038410953785486236,
    "beta_abs_AF7": 6.568390123369948,
    "beta_abs_AF8": 14.828162562239713,
    "beta_abs_TP10": 5.58386885554264,
    "beta_abs_TP9": 5.612040550289954,
    "beta_rel_AF7": 0.1480882946630671,
    "beta_rel_AF8": 0.12021622067300375,
    "beta_rel_TP10": 0.1328874677719263,
    "beta_rel_TP9": 0.1321739866706621,
    "delta_abs_AF7": 6.681164692565588,
    "delta_abs_AF8": 8.139777684227818,
    "delta_abs_TP10": 32.9341769898072,
    "delta_abs_TP9": 30.68631130917422,
    "delta_rel_AF7": 0.13229236167182962,
    "delta_rel_AF8": 0.0949004530398457,
    "delta_rel_TP10": 0.21213324295008712,
    "delta_rel_TP9": 0.21618959378135316,
    "frontal_alpha_asym": 0.5468065689960819,
    "gamma_abs_AF7": 2.440620399640906,
    "gamma_abs_AF8": 5.472428545946756,
    "gamma_abs_TP10": 1.9858917283975872,
    "gamma_abs_TP9": 2.479052041488581,
    "gamma_rel_AF7": 0.05921449805877499,
    "gamma_rel_AF8": 0.04855019590899001,
    "gamma_rel_TP10": 0.04110917094387165,
    "gamma_rel_TP9": 0.04776942362336098,
    "hjorth_activity_AF7": 11.366931160610257,
    "hjorth_activity_AF8": 34.68317505750346,
    "hjorth_activity_TP10": 47.26439093480391,
    "hjorth_activity_TP9": 45.109249758518004,
    "hjorth_complexity_AF7": 0.43077861669618756,
    "hjorth_complexity_AF8": 0.3291881034593085,
    "hjorth_complexity_TP10": 0.533362166333295,
    "hjorth_complexity_TP9": 0.5710429403842401,
    "hjorth_mobility_AF7": 0.10794642842273494,
    "hjorth_mobility_AF8": 0.08793123146343901,
    "hjorth_mobility_TP10": 0.10131960353492414,
    "hjorth_mobility_TP9": 0.10521080793709048,
    "theta_abs_AF7": 1.7520004728145633,
    "theta_abs_AF8": 6.599885332117838,
    "theta_abs_TP10": 6.315158952087028,
    "theta_abs_TP9": 5.327952438827014,
    "theta_alpha_ratio_AF7": 0.734839417606783,
    "theta_alpha_ratio_AF8": 0.8996261947479534,
    "theta_alpha_ratio_TP10": 0.882438713984292,
    "theta_alpha_ratio_TP9": 0.8427396031821461,
    "theta_beta_ratio_AF7": 0.3720934313082229,
    "theta_beta_ratio_AF8": 0.3891016790549866,
    "theta_beta_ratio_TP10": 0.3083074380989582,
    "theta_beta_ratio_TP9": 0.2976623676779514,
    "theta_rel_AF7": 0.04471954769484729,
    "theta_rel_AF8": 0.06198359311591968,
    "theta_rel_TP10": 0.04610274287014167,
    "theta_rel_TP9": 0.040872181726460594
  }
}