{
  "file_id": "F040",
  "participant_id": "40",
  "group_label": "never_practiced",
  "group_label_raw": "never_practiced",
  "sr_hz_used": 256,
  "duration_s": 405.328125,
  "good_window_frac": 0.15422885572139303,
  "features_median": {
    "alpha_abs_AF7": 3.606436449588797,
    "alpha_abs_AF8": 2.439062706582638,
    "alpha_abs_TP10": 17.15087746764137,
    "alpha_abs_TP9": 17.176592836987098,
    "alpha_rel_AF7": 0.06356583215067242,
    "alpha_rel_AF8": 0.04564454352546075,
    "alpha_rel_TP10": 0.021763651997595133,
    "alpha_rel_TP9": 0.024933933540337842,
    "beta_abs_AF7": 10.363976714510347,
    "beta_abs_AF8": 16.265946495587094,
    "beta_abs_TP10": 20.991947071238716,
    "beta_abs_TP9": 15.868465273764466,
    "beta_rel_AF7": 0.14226745571214713,
    "beta_rel_AF8": 0.26720254873177907,
    "beta_rel_TP10": 0.0287258226708564,
    "beta_rel_TP9": 0.025568495531988276,
    "delta_abs_AF7": 26.200255106882064,
    "delta_abs_AF8": 13.37125840575017,
    "delta_abs_TP10": 498.996582556292,
    "delta_abs_TP9": 377.92905284060885,
    "delta_rel_AF7": 0.3945162577199476,
    "delta_rel_AF8": 0.320376708092026,
    "delta_rel_TP10": 0.5728241564104296,
    "delta_rel_TP9": 0.5651702096543636,
    "frontal_alpha_asym": 0.3529755250815012,
    "gamma_abs_AF7": 4.089495714136901,
    "gamma_abs_AF8": 7.395096998133973,
    "gamma_abs_TP10": 8.856228405221716,
    "gamma_abs_TP9": 5.948366443949102,
    "gamma_rel_AF7": 0.05678320508350916,
    "gamma_rel_AF8": 0.13527365096092292,
    "gamma_rel_TP10": 0.012211453184233083,
    "gamma_rel_TP9": 0.009296795809701731,
    "hjorth_activity_AF7": 69.61108327103527,
    "hjorth_activity_AF8": 50.312166802183,
    "hjorth_activity_TP10": 827.2315313951801,
    "hjorth_activity_TP9": 716.7571509405848,
    "hjorth_complexity_AF7": 2.2694406420346915,
    "hjorth_complexity_AF8": 1.7141815059601475,
    "hjorth_complexity_TP10": 4.178720723756435,
    "hjorth_complexity_TP9": 4.394950958604253,
    "hjorth_mobility_AF7": 0.3114310164955601,
    "hjorth_mobility_AF8": 0.44231209252135295,
    "hjorth_mobility_TP10": 0.15453664011977614,
    "hjorth_mobility_TP9": 0.14661763191794427,
    "theta_abs_AF7": 8.654843991698762,
    "theta_abs_AF8": 4.6978916857287905,
    "theta_abs_TP10": 120.73904404352595,
    "theta_abs_TP9": 110.44895395578979,
    "theta_alpha_ratio_AF7": 2.361157790129766,
    "theta_alpha_ratio_AF8": 2.0471828045416913,
    "theta_alpha_ratio_TP10": 6.386965126772277,
    "theta_alpha_ratio_TP9": 6.506297966176124,
    "theta_beta_ratio_AF7": 1.030396230139416,
    "theta_beta_ratio_AF8": 0.35726509075612284,
    "theta_beta_ratio_TP10": 5.019871851501449,
    "theta_beta_ratio_TP9": 6.674744213796209,
    "theta_rel_AF7": 0.16639602444321636,
    "theta_rel_AF8": 0.09584426671105077,
    "theta_rel_TP10": 0.14334831211309554,
    "theta_rel_TP9": 0.1629414506434402
  },
  "features_iqr": {
    "alpha_abs_AF7": 1.8659810681617515,
    "alpha_abs_AF8": 1.2276924156588236,
    "alpha_abs_TP10": 11.358299863329355,
    "alpha_abs_TP9": 10.234458765248249,
    "alpha_rel_AF7": 0.03995954757795547,
    "alpha_rel_AF8": 0.020986229943071283,
    "alpha_rel_TP10": 0.01643832259176401,
    "alpha_rel_TP9": 0.015812394032088468,
    "beta_abs_AF7": 4.227322514291905,
    "beta_abs_AF8": 5.766404226511407,
    "beta_abs_TP10": 7.503955046117952,
    "beta_abs_TP9": 3.4032008560760048,
    "beta_rel_AF7": 0.14004606052121565,
    "beta_rel_AF8": 0.20268654741364653,
    "beta_rel_TP10": 0.014919387103498348,
    "beta_rel_TP9": 0.016141553804694148,
    "delta_abs_AF7": 47.61495568255149,
    "delta_abs_AF8": 18.330381996075857,
    "delta_abs_TP10": 269.43010671047455,
    "delta_abs_TP9": 259.69254007919983,
    "delta_rel_AF7": 0.2743482181239729,
    "delta_rel_AF8": 0.20521820059141224,
    "delta_rel_TP10": 0.16137136689780907,
    "delta_rel_TP9": 0.12676571528669223,
    "frontal_alpha_asym": 0.4909089260016519,
    "gamma_abs_AF7": 1.7872299597849035,
    "gamma_abs_AF8": 3.18032197320532,
    "gamma_abs_TP10": 3.8725406594566767,
    "gamma_abs_TP9": 2.2641943849296675,
    "gamma_rel_AF7": 0.07166314911652358,
    "gamma_rel_AF8": 0.11906446427625736,
    "gamma_rel_TP10": 0.008034600816530617,
    "gamma_rel_TP9": 0.0066128513898325355,
    "hjorth_activity_AF7": 87.43306745804864,
    "hjorth_activity_AF8": 40.30329760166111,
    "hjorth_activity_TP10": 345.5236159194624,
    "hjorth_activity_TP9": 361.0693911928281,
    "hjorth_complexity_AF7": 0.9999123741137341,
    "hjorth_complexity_AF8": 0.7141622167745227,
    "hjorth_complexity_TP10": 0.673394381544199,
    "hjorth_complexity_TP9": 0.6330769404121859,
    "hjorth_mobility_AF7": 0.1443443213141706,
    "hjorth_mobility_AF8": 0.18270988511657138,
    "hjorth_mobility_TP10": 0.02463936102144998,
    "hjorth_mobility_TP9": 0.02629779882187852,
    "theta_abs_AF7": 6.531741613313125,
    "theta_abs_AF8": 3.453948279173667,
    "theta_abs_TP10": 79.97276425254014,
    "theta_abs_TP9": 82.24827314692953,
    "theta_alpha_ratio_AF7": 1.2181312780861373,
    "theta_alpha_ratio_AF8": 0.8398181994598981,
    "theta_alpha_ratio_TP10": 3.90976149443218,
    "theta_alpha_ratio_TP9": 2.759620374653595,
    "theta_beta_ratio_AF7": 1.1921836649132007,
    "theta_beta_ratio_AF8": 0.5755264356528718,
    "theta_beta_ratio_TP10": 4.050529690467394,
    "theta_beta_ratio_TP9": 6.2049654843178565,
    "theta_rel_AF7": 0.06528836924548859,
    "theta_rel_AF8": 0.06612992677030056,
    "theta_rel_TP10": 0.07268478905672235,
    "theta_rel_TP9": 0.06818421712142375
  }
}