{
  "file_id": "F041",
  "participant_id": "41",
  "group_label": "beginner",
  "group_label_raw": "beginner",
  "sr_hz_used": 256,
  "duration_s": 366.796875,
  "good_window_frac": 0.8571428571428571,
  "features_median": {
    "alpha_abs_AF7": 3.5996719346304067,
    "alpha_abs_AF8": 3.8677799367019245,
    "alpha_abs_TP10": 18.079847620482866,
    "alpha_abs_TP9": 14.109603938689025,
    "alpha_rel_AF7": 0.12513716885759027,
    "alpha_rel_AF8": 0.1315231843126924,
    "alpha_rel_TP10": 0.2977917253468412,
    "alpha_rel_TP9": 0.2271939223563924,
    "beta_abs_AF7": 5.534218572136853,
    "beta_abs_AF8": 6.206079922984724,
    "beta_abs_TP10": 13.81125583561608,
    "beta_abs_TP9": 13.931986239959974,
    "beta_rel_AF7": 0.19977811120486513,
    "beta_rel_AF8": 0.21406206230294678,
    "beta_rel_TP10": 0.23411632282953915,
    "beta_rel_TP9": 0.22770525423916502,
    "delta_abs_AF7": 6.8943613777611,
    "delta_abs_AF8": 5.9843485557266565,
    "delta_abs_TP10": 8.227375056941955,
    "delta_abs_TP9": 10.784817232669171,
    "delta_rel_AF7": 0.2468136146406616,
    "delta_rel_AF8": 0.21283197031647788,
    "delta_rel_TP10": 0.13929333776093694,
    "delta_rel_TP9": 0.19349240699512493,
    "frontal_alpha_asym": -0.059790719463157393,
    "gamma_abs_AF7": 1.4754466932667296,
    "gamma_abs_AF8": 1.6925174709060227,
    "gamma_abs_TP10": 2.7894130203340275,
    "gamma_abs_TP9": 2.6454041908070423,
    "gamma_rel_AF7": 0.054396123437719116,
    "gamma_rel_AF8": 0.060868893342590796,
    "gamma_rel_TP10": 0.04683843735973105,
    "gamma_rel_TP9": 0.045718309096789325,
    "hjorth_activity_AF7": 29.2903801875623,
    "hjorth_activity_AF8": 29.71022921662959,
    "hjorth_activity_TP10": 62.74536779338111,
    "hjorth_activity_TP9": 61.90539290543928,
    "hjorth_complexity_AF7": 2.0623511572591995,
    "hjorth_complexity_AF8": 1.9845793156281903,
    "hjorth_complexity_TP10": 1.8330862201828282,
    "hjorth_complexity_TP9": 1.8991516312266223,
    "hjorth_mobility_AF7": 0.3265164671639049,
    "hjorth_mobility_AF8": 0.33948686963309904,
    "hjorth_mobility_TP10": 0.3427120940137214,
    "hjorth_mobility_TP9": 0.3303498015862101,
    "theta_abs_AF7": 4.9623001687152986,
    "theta_abs_AF8": 5.551811818299997,
    "theta_abs_TP10": 7.0886809105094075,
    "theta_abs_TP9": 7.875445922068986,
    "theta_alpha_ratio_AF7": 1.4887692771460876,
    "theta_alpha_ratio_AF8": 1.473360291483081,
    "theta_alpha_ratio_TP10": 0.3915592720236142,
    "theta_alpha_ratio_TP9": 0.5713946187233876,
    "theta_beta_ratio_AF7": 0.9553257613625201,
    "theta_beta_ratio_AF8": 0.8889413030090962,
    "theta_beta_ratio_TP10": 0.4904443274750133,
    "theta_beta_ratio_TP9": 0.5885156284611058,
    "theta_rel_AF7": 0.17924537945744068,
    "theta_rel_AF8": 0.19105361849311278,
    "theta_rel_TP10": 0.11517157212225981,
    "theta_rel_TP9": 0.1284161224144552
  },
  "features_iqr": {
    "alpha_abs_AF7": 1.7033586254523847,
    "alpha_abs_AF8": 2.1881433175215816,
    "alpha_abs_TP10": 8.169881161069593,
    "alpha_abs_TP9": 10.168744294890285,
    "alpha_rel_AF7": 0.05126672234357989,
    "alpha_rel_AF8": 0.044167014328527765,
    "alpha_rel_TP10": 0.11983735056431177,
    "alpha_rel_TP9": 0.12149936602769693,
    "beta_abs_AF7": 1.5029801257683042,
    "beta_abs_AF8": 2.336378327784116,
    "beta_abs_TP10": 4.504557688901663,
    "beta_abs_TP9": 5.468832844222852,
    "beta_rel_AF7": 0.05448322711401704,
    "beta_rel_AF8": 0.061755205674170754,
    "beta_rel_TP10": 0.05956239125018062,
    "beta_rel_TP9": 0.09241247217585802,
    "delta_abs_AF7": 4.196018041440091,
    "delta_abs_AF8": 5.97267282434202,
    "delta_abs_TP10": 8.224652408692016,
    "delta_abs_TP9": 12.291375585789128,
    "delta_rel_AF7": 0.09587895063395155,
    "delta_rel_AF8": 0.0936966791145955,
    "delta_rel_TP10": 0.11219412920496483,
    "delta_rel_TP9": 0.13914223734139936,
    "frontal_alpha_asym": 0.5768713011856796,
    "gamma_abs_AF7": 0.40461077153028446,
    "gamma_abs_AF8": 0.4877925994754224,
    "gamma_abs_TP10": 0.5843103086391177,
    "gamma_abs_TP9": 0.8902736256492352,
    "gamma_rel_AF7": 0.01960372860976896,
    "gamma_rel_AF8": 0.02183453183301668,
    "gamma_rel_TP10": 0.018636747662945326,
    "gamma_rel_TP9": 0.018769574139823234,
    "hjorth_activity_AF7": 10.64734559989574,
    "hjorth_activity_AF8": 17.85061771584861,
    "hjorth_activity_TP10": 21.579159690136144,
    "hjorth_activity_TP9": 29.75771722681087,
    "hjorth_complexity_AF7": 0.2457141508031726,
    "hjorth_complexity_AF8": 0.1995728988882497,
    "hjorth_complexity_TP10": 0.18588113353744729,
    "hjorth_complexity_TP9": 0.3086542505578307,
    "hjorth_mobility_AF7": 0.04426898775968796,
    "hjorth_mobility_AF8": 0.04562727651748749,
    "hjorth_mobility_TP10": 0.034227334399483444,
    "hjorth_mobility_TP9": 0.0513051197182669,
    "theta_abs_AF7": 3.369665932284367,
    "theta_abs_AF8": 2.9234427556971756,
    "theta_abs_TP10": 3.2872613978312994,
    "theta_abs_TP9": 5.131178474962651,
    "theta_alpha_ratio_AF7": 0.8428440628993057,
    "theta_alpha_ratio_AF8": 0.6868376223300192,
    "theta_alpha_ratio_TP10": 0.2439365459099876,
    "theta_alpha_ratio_TP9": 0.5353691804516049,
    "theta_beta_ratio_AF7": 0.6203198333098078,
    "theta_beta_ratio_AF8": 0.42076808531930876,
    "theta_beta_ratio_TP10": 0.2363176619525984,
    "theta_beta_ratio_TP9": 0.4080323683687554,
    "theta_rel_AF7": 0.07248412081283487,
    "theta_rel_AF8": 0.05505414345898019,
    "theta_rel_TP10": 0.03995799061680777,
    "theta_rel_TP9": 0.05084954806198072
  }
}