{
  "file_id": "F042",
  "participant_id": "42",
  "group_label": "never_practiced",
  "group_label_raw": "never_practiced",
  "sr_hz_used": 256,
  "duration_s": 373.78125,
  "good_window_frac": 0.7405405405405405,
  "features_median": {
    "alpha_abs_AF7": 2.5054935423593196,
    "alpha_abs_AF8": 2.560765427069154,
    "alpha_abs_TP10": 7.181645542366111,
    "alpha_abs_TP9": 12.232874064109266,
    "alpha_rel_AF7": 0.07887300258059804,
    "alpha_rel_AF8": 0.07857459818373005,
    "alpha_rel_TP10": 0.07859796974661726,
    "alpha_rel_TP9": 0.04961153327399113,
    "beta_abs_AF7": 9.025832779388272,
    "beta_abs_AF8": 9.859478253943497,
    "beta_abs_TP10": 17.216353877285577,
    "beta_abs_TP9": 19.28750664928064,
    "beta_rel_AF7": 0.2954038467965645,
    "beta_rel_AF8": 0.30800760701112845,
    "beta_rel_TP10": 0.19537022697402243,
    "beta_rel_TP9": 0.07649737322629628,
    "delta_abs_AF7": 4.605729786460199,
    "delta_abs_AF8": 4.741873137697171,
    "delta_abs_TP10": 24.15836490816536,
    "delta_abs_TP9": 134.8661726805994,
    "delta_rel_AF7": 0.14884967165384688,
    "delta_rel_AF8": 0.15705782331665,
    "delta_rel_TP10": 0.3112660125887205,
    "delta_rel_TP9": 0.5226426819399249,
    "frontal_alpha_asym": -0.09610581541999519,
    "gamma_abs_AF7": 6.161048678976274,
    "gamma_abs_AF8": 6.516540025737415,
    "gamma_abs_TP10": 10.037114158594976,
    "gamma_abs_TP9": 8.319540522823187,
    "gamma_rel_AF7": 0.19623111196008958,
    "gamma_rel_AF8": 0.20232736104454352,
    "gamma_rel_TP10": 0.11022973079815272,
    "gamma_rel_TP9": 0.035335996799119945,
    "hjorth_activity_AF7": 31.81001107919336,
    "hjorth_activity_AF8": 33.681368397811966,
    "hjorth_activity_TP10": 92.61120586698499,
    "hjorth_activity_TP9": 297.17739997371336,
    "hjorth_complexity_AF7": 1.5467278198324717,
    "hjorth_complexity_AF8": 1.5190191803323323,
    "hjorth_complexity_TP10": 1.9330579925755902,
    "hjorth_complexity_TP9": 3.1402700248143343,
    "hjorth_mobility_AF7": 0.5137815008809369,
    "hjorth_mobility_AF8": 0.5236770382326934,
    "hjorth_mobility_TP10": 0.3978941346379105,
    "hjorth_mobility_TP9": 0.22878305625359463,
    "theta_abs_AF7": 4.241735879566769,
    "theta_abs_AF8": 3.654459396922949,
    "theta_abs_TP10": 11.201489337767788,
    "theta_abs_TP9": 34.83384324901625,
    "theta_alpha_ratio_AF7": 1.6951302149338332,
    "theta_alpha_ratio_AF8": 1.479354670831832,
    "theta_alpha_ratio_TP10": 1.602166406028996,
    "theta_alpha_ratio_TP9": 2.7741896101008305,
    "theta_beta_ratio_AF7": 0.4832575280707253,
    "theta_beta_ratio_AF8": 0.374635969877419,
    "theta_beta_ratio_TP10": 0.6380776892287813,
    "theta_beta_ratio_TP9": 1.8096881386719734,
    "theta_rel_AF7": 0.13214604977264358,
    "theta_rel_AF8": 0.116395265925943,
    "theta_rel_TP10": 0.13289822937715387,
    "theta_rel_TP9": 0.14507018394747498
  },
  "features_iqr": {
    "alpha_abs_AF7": 0.832354723146755,
    "alpha_abs_AF8": 1.1584202197766587,
    "alpha_abs_TP10": 3.0409383045827294,
    "alpha_abs_TP9": 8.432988800638158,
    "alpha_rel_AF7": 0.028284761758689853,
    "alpha_rel_AF8": 0.02914829516686071,
    "alpha_rel_TP10": 0.03863781522399805,
    "alpha_rel_TP9": 0.03647410403620209,
    "beta_abs_AF7": 2.9835751632452645,
    "beta_abs_AF8": 2.2959460597247503,
    "beta_abs_TP10": 4.523083587286836,
    "beta_abs_TP9": 6.251193768289859,
    "beta_rel_AF7": 0.09856797896896574,
    "beta_rel_AF8": 0.09277916379863971,
    "beta_rel_TP10": 0.07662183200448322,
    "beta_rel_TP9": 0.049770860680307734,
    "delta_abs_AF7": 3.008552350645041,
    "delta_abs_AF8": 4.262905339626565,
    "delta_abs_TP10": 25.7353183688969,
    "delta_abs_TP9": 161.22186382080855,
    "delta_rel_AF7": 0.06980551205423546,
    "delta_rel_AF8": 0.0899273731358574,
    "delta_rel_TP10": 0.14814575622467496,
    "delta_rel_TP9": 0.15830312715166178,
    "frontal_alpha_asym": 0.47288746661197967,
    "gamma_abs_AF7": 1.7045227690235016,
    "gamma_abs_AF8": 2.010135402266865,
    "gamma_abs_TP10": 4.291645261650194,
    "gamma_abs_TP9": 3.0560977406953347,
    "gamma_rel_AF7": 0.05007393728481149,
    "gamma_rel_AF8": 0.06642052625634146,
    "gamma_rel_TP10": 0.050643595666778576,
    "gamma_rel_TP9": 0.02939113087983547,
    "hjorth_activity_AF7": 10.236283143835571,
    "hjorth_activity_AF8": 9.570894948785085,
    "hjorth_activity_TP10": 54.78752261890216,
    "hjorth_activity_TP9": 261.6983356811473,
    "hjorth_complexity_AF7": 0.14317745028957907,
    "hjorth_complexity_AF8": 0.17050004765182525,
    "hjorth_complexity_TP10": 0.3906108147182452,
    "hjorth_complexity_TP9": 0.8388642879638186,
    "hjorth_mobility_AF7": 0.058163479903111936,
    "hjorth_mobility_AF8": 0.0637094228519221,
    "hjorth_mobility_TP10": 0.07655620261110602,
    "hjorth_mobility_TP9": 0.07026255073483634,
    "theta_abs_AF7": 2.4551633397002686,
    "theta_abs_AF8": 1.6427276483124809,
    "theta_abs_TP10": 7.51314807452701,
    "theta_abs_TP9": 31.798769293270556,
    "theta_alpha_ratio_AF7": 0.7949684710107574,
    "theta_alpha_ratio_AF8": 0.8027146316977727,
    "theta_alpha_ratio_TP10": 0.8857382637714175,
    "theta_alpha_ratio_TP9": 2.1557550670847947,
    "theta_beta_ratio_AF7": 0.31370941301038735,
    "theta_beta_ratio_AF8": 0.18921526683885254,
    "theta_beta_ratio_TP10": 0.4449858197329686,
    "theta_beta_ratio_TP9": 1.2963574050087683,
    "theta_rel_AF7": 0.04744172970875529,
    "theta_rel_AF8": 0.0400408751823262,
    "theta_rel_TP10": 0.05185505870554376,
    "theta_rel_TP9": 0.05617905910764687
  }
}