{
  "file_id": "F043",
  "participant_id": "43",
  "group_label": "never_practiced",
  "group_label_raw": "never_practiced",
  "sr_hz_used": 256,
  "duration_s": 372.65625,
  "good_window_frac": 0.8486486486486486,
  "features_median": {
    "alpha_abs_AF7": 5.338705918841505,
    "alpha_abs_AF8": 3.4993435493916207,
    "alpha_abs_TP10": 85.3919566131265,
    "alpha_abs_TP9": 109.7305315277172,
    "alpha_rel_AF7": 0.14647205932577467,
    "alpha_rel_AF8": 0.12005196461411817,
    "alpha_rel_TP10": 0.4856561637653473,
    "alpha_rel_TP9": 0.5622498121579368,
    "beta_abs_AF7": 5.818945783247377,
    "beta_abs_AF8": 4.905600528949906,
    "beta_abs_TP10": 21.297220486525166,
    "beta_abs_TP9": 20.73955294218424,
    "beta_rel_AF7": 0.16128551188067555,
    "beta_rel_AF8": 0.16733069668854406,
    "beta_rel_TP10": 0.126201441837318,
    "beta_rel_TP9": 0.10790071327115182,
    "delta_abs_AF7": 9.557445136613193,
    "delta_abs_AF8": 8.133108063048955,
    "delta_abs_TP10": 15.154994070899559,
    "delta_abs_TP9": 15.610921511913936,
    "delta_rel_AF7": 0.26810093776794536,
    "delta_rel_AF8": 0.28290077699963034,
    "delta_rel_TP10": 0.08114754189427904,
    "delta_rel_TP9": 0.0790070811597977,
    "frontal_alpha_asym": 0.414233755833157,
    "gamma_abs_AF7": 1.4981675546748692,
    "gamma_abs_AF8": 1.371091480805139,
    "gamma_abs_TP10": 7.175539096629384,
    "gamma_abs_TP9": 4.127762824292624,
    "gamma_rel_AF7": 0.04270554072016408,
    "gamma_rel_AF8": 0.04948909888266512,
    "gamma_rel_TP10": 0.04304868400106888,
    "gamma_rel_TP9": 0.021075168917372832,
    "hjorth_activity_AF7": 36.74641472737429,
    "hjorth_activity_AF8": 30.359598128207907,
    "hjorth_activity_TP10": 182.11994801245947,
    "hjorth_activity_TP9": 193.2401360152004,
    "hjorth_complexity_AF7": 2.2047681246809736,
    "hjorth_complexity_AF8": 2.1956304741067614,
    "hjorth_complexity_TP10": 1.9529831375246038,
    "hjorth_complexity_TP9": 1.8428042592076788,
    "hjorth_mobility_AF7": 0.29608427191211517,
    "hjorth_mobility_AF8": 0.30435210193557555,
    "hjorth_mobility_TP10": 0.32256900573392994,
    "hjorth_mobility_TP9": 0.28047110261006125,
    "theta_abs_AF7": 6.749535290507151,
    "theta_abs_AF8": 5.645577603920293,
    "theta_abs_TP10": 20.23966645444513,
    "theta_abs_TP9": 19.80986327714237,
    "theta_alpha_ratio_AF7": 1.259123492985172,
    "theta_alpha_ratio_AF8": 1.5778853834823947,
    "theta_alpha_ratio_TP10": 0.25760135135317486,
    "theta_alpha_ratio_TP9": 0.1929330240055326,
    "theta_beta_ratio_AF7": 1.1459828484469488,
    "theta_beta_ratio_AF8": 1.1216213110813207,
    "theta_beta_ratio_TP10": 0.9251026540376907,
    "theta_beta_ratio_TP9": 0.9602175155134376,
    "theta_rel_AF7": 0.18798324163081906,
    "theta_rel_AF8": 0.18676344491849325,
    "theta_rel_TP10": 0.11907722477155376,
    "theta_rel_TP9": 0.10690339032846036
  },
  "features_iqr": {
    "alpha_abs_AF7": 1.8056074603286199,
    "alpha_abs_AF8": 1.292232629738828,
    "alpha_abs_TP10": 32.967906551421535,
    "alpha_abs_TP9": 35.943392731109,
    "alpha_rel_AF7": 0.04578376369747089,
    "alpha_rel_AF8": 0.047639652014644915,
    "alpha_rel_TP10": 0.10179788873052975,
    "alpha_rel_TP9": 0.09408467826575584,
    "beta_abs_AF7": 1.3889281430720777,
    "beta_abs_AF8": 1.0900770213213846,
    "beta_abs_TP10": 7.328215627699933,
    "beta_abs_TP9": 6.479668703387759,
    "beta_rel_AF7": 0.041215707611260616,
    "beta_rel_AF8": 0.043820249106675896,
    "beta_rel_TP10": 0.044994892377232004,
    "beta_rel_TP9": 0.03477487226380084,
    "delta_abs_AF7": 5.39482581940812,
    "delta_abs_AF8": 4.855034533766597,
    "delta_abs_TP10": 8.101627314288644,
    "delta_abs_TP9": 9.198149804502492,
    "delta_rel_AF7": 0.09646065521636435,
    "delta_rel_AF8": 0.11164763362545246,
    "delta_rel_TP10": 0.05797715963746955,
    "delta_rel_TP9": 0.0467567959489708,
    "frontal_alpha_asym": 0.4880533644947942,
    "gamma_abs_AF7": 0.35989163283286363,
    "gamma_abs_AF8": 0.43057805119673276,
    "gamma_abs_TP10": 4.107896599567038,
    "gamma_abs_TP9": 2.074161937068694,
    "gamma_rel_AF7": 0.01503897102456974,
    "gamma_rel_AF8": 0.016448717813584104,
    "gamma_rel_TP10": 0.024658442874040905,
    "gamma_rel_TP9": 0.014343364497565778,
    "hjorth_activity_AF7": 7.446983761302178,
    "hjorth_activity_AF8": 7.372111187320318,
    "hjorth_activity_TP10": 44.43467784028641,
    "hjorth_activity_TP9": 56.05313199452203,
    "hjorth_complexity_AF7": 0.20168304648268087,
    "hjorth_complexity_AF8": 0.2433529403056962,
    "hjorth_complexity_TP10": 0.13085983223042774,
    "hjorth_complexity_TP9": 0.10279224073527926,
    "hjorth_mobility_AF7": 0.032794055213411166,
    "hjorth_mobility_AF8": 0.03255181968792903,
    "hjorth_mobility_TP10": 0.04659042524236612,
    "hjorth_mobility_TP9": 0.03170065600220445,
    "theta_abs_AF7": 2.538908986213226,
    "theta_abs_AF8": 2.423766252440335,
    "theta_abs_TP10": 8.42481064597608,
    "theta_abs_TP9": 9.910212892099418,
    "theta_alpha_ratio_AF7": 0.6091226254818873,
    "theta_alpha_ratio_AF8": 0.9391067400081763,
    "theta_alpha_ratio_TP10": 0.1150971101978607,
    "theta_alpha_ratio_TP9": 0.09061374651161391,
    "theta_beta_ratio_AF7": 0.40878557989249775,
    "theta_beta_ratio_AF8": 0.48380461521428453,
    "theta_beta_ratio_TP10": 0.4612051229955939,
    "theta_beta_ratio_TP9": 0.5214470090901708,
    "theta_rel_AF7": 0.05752531621868068,
    "theta_rel_AF8": 0.06333467367745815,
    "theta_rel_TP10": 0.040043682355733634,
    "theta_rel_TP9": 0.03872685536095509
  }
}