{
  "file_id": "F044",
  "participant_id": "44",
  "group_label": "never_practiced",
  "group_label_raw": "never_practiced",
  "sr_hz_used": 1000,
  "duration_s": 373.90399980545044,
  "good_window_frac": 0.043478260869565216,
  "features_median": {
    "alpha_abs_AF7": 3.241651229182346,
    "alpha_abs_AF8": 11.572984388409122,
    "alpha_abs_TP10": 175.16955146001948,
    "alpha_abs_TP9": 162.73279355330013,
    "alpha_rel_AF7": 0.11171074272403492,
    "alpha_rel_AF8": 0.1761496793224348,
    "alpha_rel_TP10": 0.24921659871552615,
    "alpha_rel_TP9": 0.22520516407338548,
    "beta_abs_AF7": 10.87674374406966,
    "beta_abs_AF8": 8.781141931379652,
    "beta_abs_TP10": 278.5433207809555,
    "beta_abs_TP9": 301.6535690261718,
    "beta_rel_AF7": 0.3615091024807382,
    "beta_rel_AF8": 0.1343337955024757,
    "beta_rel_TP10": 0.3980096013200724,
    "beta_rel_TP9": 0.422872858457182,
    "delta_abs_AF7": 2.864185905254742,
    "delta_abs_AF8": 2.017377331042935,
    "delta_abs_TP10": 22.33118769270135,
    "delta_abs_TP9": 23.96359944092536,
    "delta_rel_AF7": 0.07378543474297175,
    "delta_rel_AF8": 0.031551634607823786,
    "delta_rel_TP10": 0.031199103820289727,
    "delta_rel_TP9": 0.033347433496181536,
    "frontal_alpha_asym": -1.3903505466366446,
    "gamma_abs_AF7": 2.685448330297154,
    "gamma_abs_AF8": 2.348553657525203,
    "gamma_abs_TP10": 20.600337126888153,
    "gamma_abs_TP9": 28.715724742776317,
    "gamma_rel_AF7": 0.10397994353490997,
    "gamma_rel_AF8": 0.03581024771080725,
    "gamma_rel_TP10": 0.029308508513792297,
    "gamma_rel_TP9": 0.03979188656814061,
    "hjorth_activity_AF7": 30.90097711836895,
    "hjorth_activity_AF8": 67.14585828853204,
    "hjorth_activity_TP10": 692.6556576997041,
    "hjorth_activity_TP9": 699.1203986471563,
    "hjorth_complexity_AF7": 1.668280737473675,
    "hjorth_complexity_AF8": 2.228319431151947,
    "hjorth_complexity_TP10": 1.5268413196792092,
    "hjorth_complexity_TP9": 1.5037287718560415,
    "hjorth_mobility_AF7": 0.1158991255342331,
    "hjorth_mobility_AF8": 0.07615077466221971,
    "hjorth_mobility_TP10": 0.09481946449889483,
    "hjorth_mobility_TP9": 0.09980179915405696,
    "theta_abs_AF7": 6.671396657774837,
    "theta_abs_AF8": 37.166916798281356,
    "theta_abs_TP10": 92.59840422754444,
    "theta_abs_TP9": 90.1569387789952,
    "theta_alpha_ratio_AF7": 1.8633305376448956,
    "theta_alpha_ratio_AF8": 3.2049502746849425,
    "theta_alpha_ratio_TP10": 0.566192810153572,
    "theta_alpha_ratio_TP9": 0.5802481190116523,
    "theta_beta_ratio_AF7": 0.5656614671375865,
    "theta_beta_ratio_AF8": 4.300744450156204,
    "theta_beta_ratio_TP10": 0.3443856629553303,
    "theta_beta_ratio_TP9": 0.2999800000256204,
    "theta_rel_AF7": 0.20291596892996466,
    "theta_rel_AF8": 0.5610731384228052,
    "theta_rel_TP10": 0.13561977029690814,
    "theta_rel_TP9": 0.1270028471421817
  },
  "features_iqr": {
    "alpha_abs_AF7": 1.4855522381506039,
    "alpha_abs_AF8": 0.17052852972354948,
    "alpha_abs_TP10": 28.106772163326553,
    "alpha_abs_TP9": 35.058590565899124,
    "alpha_rel_AF7": 0.012329375674222876,
    "alpha_rel_AF8": 0.007795601381308831,
    "alpha_rel_TP10": 0.02342414265992329,
    "alpha_rel_TP9": 0.03015984416978376,
    "beta_abs_AF7": 5.521269510671322,
    "beta_abs_AF8": 0.6256614823814353,
    "beta_abs_TP10": 26.95728075353975,
    "beta_abs_TP9": 19.205862374506125,
    "beta_rel_AF7": 0.01676892249509948,
    "beta_rel_AF8": 0.017417468954397414,
    "beta_rel_TP10": 0.01173762850165283,
    "beta_rel_TP9": 0.008616839624967954,
    "delta_abs_AF7": 2.317092231046128,
    "delta_abs_AF8": 0.9118496445932123,
    "delta_abs_TP10": 9.474940006241209,
    "delta_abs_TP9": 3.604557643713612,
    "delta_rel_AF7": 0.03514207553011535,
    "delta_rel_AF8": 0.015702876609418638,
    "delta_rel_TP10": 0.011460297341400645,
    "delta_rel_TP9": 0.0022453335624947057,
    "frontal_alpha_asym": 0.5098555827713429,
    "gamma_abs_AF7": 0.7696086936378195,
    "gamma_abs_AF8": 0.03606010642993285,
    "gamma_abs_TP10": 3.304694479754602,
    "gamma_abs_TP9": 5.744084862873176,
    "gamma_rel_AF7": 0.03134327945930197,
    "gamma_rel_AF8": 0.002658521966263226,
    "gamma_rel_TP10": 0.002753688517648435,
    "gamma_rel_TP9": 0.004698572928828651,
    "hjorth_activity_AF7": 16.50785277425554,
    "hjorth_activity_AF8": 5.910046384800097,
    "hjorth_activity_TP10": 30.420665630034478,
    "hjorth_activity_TP9": 52.20428013218702,
    "hjorth_complexity_AF7": 0.10607902314384132,
    "hjorth_complexity_AF8": 0.03743276943000007,
    "hjorth_complexity_TP10": 0.005535594517477538,
    "hjorth_complexity_TP9": 0.033394792883175484,
    "hjorth_mobility_AF7": 0.013911490283546546,
    "hjorth_mobility_AF8": 0.004563386658752666,
    "hjorth_mobility_TP10": 0.0008066180808654899,
    "hjorth_mobility_TP9": 0.001113557204716245,
    "theta_abs_AF7": 4.145273052942759,
    "theta_abs_AF8": 5.709550994124122,
    "theta_abs_TP10": 25.102943661860905,
    "theta_abs_TP9": 0.5296146481276054,
    "theta_alpha_ratio_AF7": 0.4248446563071395,
    "theta_alpha_ratio_AF8": 0.44612654460292633,
    "theta_alpha_ratio_TP10": 0.23415482676920807,
    "theta_alpha_ratio_TP9": 0.12175214442223348,
    "theta_beta_ratio_AF7": 0.0939714739194425,
    "theta_beta_ratio_AF8": 0.9566365294851567,
    "theta_beta_ratio_TP10": 0.12345169350760699,
    "theta_beta_ratio_TP9": 0.01734360367211457,
    "theta_rel_AF7": 0.024486009894505584,
    "theta_rel_AF8": 0.05360053298067513,
    "theta_rel_TP10": 0.04509268834218552,
    "theta_rel_TP9": 0.009919018811694283
  }
}