{
  "file_id": "F045",
  "participant_id": "45",
  "group_label": "trained_over_3_years",
  "group_label_raw": "trained_over_3_years",
  "sr_hz_used": 1000,
  "duration_s": 363.3680000305176,
  "good_window_frac": 0.13333333333333333,
  "features_median": {
    "alpha_abs_AF7": 2.7940107782932913,
    "alpha_abs_AF8": 1.753287889828625,
    "alpha_abs_TP10": 25.342129760368344,
    "alpha_abs_TP9": 43.642347347459655,
    "alpha_rel_AF7": 0.16465188457218166,
    "alpha_rel_AF8": 0.13125706385626007,
    "alpha_rel_TP10": 0.12212094151250638,
    "alpha_rel_TP9": 0.135975553879144,
    "beta_abs_AF7": 5.267481652884724,
    "beta_abs_AF8": 4.8224365052075395,
    "beta_abs_TP10": 44.95112725462775,
    "beta_abs_TP9": 78.68369880640545,
    "beta_rel_AF7": 0.2789389833339063,
    "beta_rel_AF8": 0.33582738515426835,
    "beta_rel_TP10": 0.20454422991238935,
    "beta_rel_TP9": 0.23225957136332026,
    "delta_abs_AF7": 1.547219842221049,
    "delta_abs_AF8": 1.0781782333587193,
    "delta_abs_TP10": 33.10245268930568,
    "delta_abs_TP9": 48.998311971413564,
    "delta_rel_AF7": 0.09767810790597539,
    "delta_rel_AF8": 0.0687546099142585,
    "delta_rel_TP10": 0.17056882469803641,
    "delta_rel_TP9": 0.18546794105820266,
    "frontal_alpha_asym": 0.5015094384130361,
    "gamma_abs_AF7": 2.05306116296914,
    "gamma_abs_AF8": 2.0870868822984443,
    "gamma_abs_TP10": 25.478838458974764,
    "gamma_abs_TP9": 35.59789491273503,
    "gamma_rel_AF7": 0.11033676610420795,
    "gamma_rel_AF8": 0.14663724373749243,
    "gamma_rel_TP10": 0.1330248188440809,
    "gamma_rel_TP9": 0.09866030297881742,
    "hjorth_activity_AF7": 17.71093865028109,
    "hjorth_activity_AF8": 14.331623733316636,
    "hjorth_activity_TP10": 214.71796130416539,
    "hjorth_activity_TP9": 304.31296345746244,
    "hjorth_complexity_AF7": 1.7186493406997148,
    "hjorth_complexity_AF8": 1.5903230029871387,
    "hjorth_complexity_TP10": 1.8404331326735912,
    "hjorth_complexity_TP9": 1.8159110850969435,
    "hjorth_mobility_AF7": 0.11191694055500069,
    "hjorth_mobility_AF8": 0.1227991592762035,
    "hjorth_mobility_TP10": 0.10419471207969745,
    "hjorth_mobility_TP9": 0.10107291383105796,
    "theta_abs_AF7": 2.5736190705195803,
    "theta_abs_AF8": 2.0766109636508796,
    "theta_abs_TP10": 45.92774863418775,
    "theta_abs_TP9": 56.651765189194,
    "theta_alpha_ratio_AF7": 0.9515998215636463,
    "theta_alpha_ratio_AF8": 1.117789959254765,
    "theta_alpha_ratio_TP10": 1.5363677743735575,
    "theta_alpha_ratio_TP9": 1.2505903750150473,
    "theta_beta_ratio_AF7": 0.5151129339815436,
    "theta_beta_ratio_AF8": 0.4459785809037903,
    "theta_beta_ratio_TP10": 0.8792003877540333,
    "theta_beta_ratio_TP9": 0.7987888224254982,
    "theta_rel_AF7": 0.15350637649245474,
    "theta_rel_AF8": 0.14658306233446344,
    "theta_rel_TP10": 0.17736323734191223,
    "theta_rel_TP9": 0.1734093855971543
  },
  "features_iqr": {
    "alpha_abs_AF7": 0.5352628534590367,
    "alpha_abs_AF8": 0.44839789960747467,
    "alpha_abs_TP10": 13.257334635415482,
    "alpha_abs_TP9": 12.191669059500619,
    "alpha_rel_AF7": 0.04754443820450838,
    "alpha_rel_AF8": 0.029231303682712345,
    "alpha_rel_TP10": 0.017804970762678424,
    "alpha_rel_TP9": 0.041087627027569504,
    "beta_abs_AF7": 1.2217441708532126,
    "beta_abs_AF8": 0.46366895070034175,
    "beta_abs_TP10": 22.145224878433673,
    "beta_abs_TP9": 17.279267156265888,
    "beta_rel_AF7": 0.02855161891621677,
    "beta_rel_AF8": 0.02425294409661377,
    "beta_rel_TP10": 0.04728429553230898,
    "beta_rel_TP9": 0.07121133186422857,
    "delta_abs_AF7": 0.41494176334821486,
    "delta_abs_AF8": 0.1840069077024985,
    "delta_abs_TP10": 27.377927498726407,
    "delta_abs_TP9": 64.11757771241665,
    "delta_rel_AF7": 0.025988917135372505,
    "delta_rel_AF8": 0.014923319504764457,
    "delta_rel_TP10": 0.10098156882224121,
    "delta_rel_TP9": 0.13022312223778199,
    "frontal_alpha_asym": 0.1842704958989671,
    "gamma_abs_AF7": 0.6335453541184106,
    "gamma_abs_AF8": 0.15668348820962708,
    "gamma_abs_TP10": 5.953890310527431,
    "gamma_abs_TP9": 12.114828073997053,
    "gamma_rel_AF7": 0.03532027852946684,
    "gamma_rel_AF8": 0.018350919284608108,
    "gamma_rel_TP10": 0.07872903339067974,
    "gamma_rel_TP9": 0.060604378469235665,
    "hjorth_activity_AF7": 3.6723910305131984,
    "hjorth_activity_AF8": 1.563270164071632,
    "hjorth_activity_TP10": 46.026464171340365,
    "hjorth_activity_TP9": 152.38075180091727,
    "hjorth_complexity_AF7": 0.08348887910503522,
    "hjorth_complexity_AF8": 0.04855366131585992,
    "hjorth_complexity_TP10": 0.033055895866023866,
    "hjorth_complexity_TP9": 0.3172248298741118,
    "hjorth_mobility_AF7": 0.0030210891035653,
    "hjorth_mobility_AF8": 0.004412921730111916,
    "hjorth_mobility_TP10": 0.011553925291885425,
    "hjorth_mobility_TP9": 0.020322926762856228,
    "theta_abs_AF7": 0.5906794331568066,
    "theta_abs_AF8": 0.4887341805042946,
    "theta_abs_TP10": 42.156943312359815,
    "theta_abs_TP9": 37.696263795898155,
    "theta_alpha_ratio_AF7": 0.335402624276812,
    "theta_alpha_ratio_AF8": 0.17032451042295804,
    "theta_alpha_ratio_TP10": 0.6716206529925546,
    "theta_alpha_ratio_TP9": 0.26112721671135275,
    "theta_beta_ratio_AF7": 0.08171079477267251,
    "theta_beta_ratio_AF8": 0.05980844603585378,
    "theta_beta_ratio_TP10": 0.2628296476055876,
    "theta_beta_ratio_TP9": 0.31618161848498294,
    "theta_rel_AF7": 0.014324807173855397,
    "theta_rel_AF8": 0.009003238224884219,
    "theta_rel_TP10": 0.09395590634761272,
    "theta_rel_TP9": 0.022558734340850928
  }
}