{
  "file_id": "F047",
  "participant_id": "47",
  "group_label": "never_practiced",
  "group_label_raw": "never_practiced",
  "sr_hz_used": 1000,
  "duration_s": 363.8510000705719,
  "good_window_frac": 0.25,
  "features_median": {
    "alpha_abs_AF7": 2.4745335797414563,
    "alpha_abs_AF8": 7.0587480381797185,
    "alpha_abs_TP10": 24.785398385659008,
    "alpha_abs_TP9": 14.38383084446673,
    "alpha_rel_AF7": 0.15172601050005755,
    "alpha_rel_AF8": 0.14591290720431666,
    "alpha_rel_TP10": 0.09968249238694582,
    "alpha_rel_TP9": 0.12138400154000124,
    "beta_abs_AF7": 3.8700591092434165,
    "beta_abs_AF8": 8.863781997017004,
    "beta_abs_TP10": 36.253616526808884,
    "beta_abs_TP9": 11.275999044245797,
    "beta_rel_AF7": 0.284774301567705,
    "beta_rel_AF8": 0.2300109827387173,
    "beta_rel_TP10": 0.16956444819063737,
    "beta_rel_TP9": 0.14153192587001504,
    "delta_abs_AF7": 2.3925388154100578,
    "delta_abs_AF8": 6.168182857235351,
    "delta_abs_TP10": 66.94071200694951,
    "delta_abs_TP9": 17.419318882051925,
    "delta_rel_AF7": 0.14590819420935894,
    "delta_rel_AF8": 0.19772079208712853,
    "delta_rel_TP10": 0.2947544664677092,
    "delta_rel_TP9": 0.1999125321710706,
    "frontal_alpha_asym": -1.1355453808323142,
    "gamma_abs_AF7": 1.410891440057988,
    "gamma_abs_AF8": 2.362470390196989,
    "gamma_abs_TP10": 7.062737387018805,
    "gamma_abs_TP9": 4.707949361243908,
    "gamma_rel_AF7": 0.09244004084143012,
    "gamma_rel_AF8": 0.06226526150235002,
    "gamma_rel_TP10": 0.04817516236477792,
    "gamma_rel_TP9": 0.04136987437187565,
    "hjorth_activity_AF7": 12.460084069990343,
    "hjorth_activity_AF8": 38.99878657843251,
    "hjorth_activity_TP10": 256.7534557044789,
    "hjorth_activity_TP9": 94.03148130408255,
    "hjorth_complexity_AF7": 1.782936018994614,
    "hjorth_complexity_AF8": 2.0236282960169376,
    "hjorth_complexity_TP10": 2.389381414754618,
    "hjorth_complexity_TP9": 2.388136586649548,
    "hjorth_mobility_AF7": 0.105732800613019,
    "hjorth_mobility_AF8": 0.0898858168180456,
    "hjorth_mobility_TP10": 0.07547069240535505,
    "hjorth_mobility_TP9": 0.0763141004881416,
    "theta_abs_AF7": 2.5400944902368954,
    "theta_abs_AF8": 9.044461201863877,
    "theta_abs_TP10": 39.15834724475391,
    "theta_abs_TP9": 37.615545983855704,
    "theta_alpha_ratio_AF7": 1.120967656252381,
    "theta_alpha_ratio_AF8": 1.4009592419652386,
    "theta_alpha_ratio_TP10": 1.3485193553181754,
    "theta_alpha_ratio_TP9": 2.1066613980132445,
    "theta_beta_ratio_AF7": 0.6236084443452613,
    "theta_beta_ratio_AF8": 0.8887316311418232,
    "theta_beta_ratio_TP10": 0.8855410677161696,
    "theta_beta_ratio_TP9": 2.117879598671945,
    "theta_rel_AF7": 0.1775876591901931,
    "theta_rel_AF8": 0.22394444508221822,
    "theta_rel_TP10": 0.1657105984402395,
    "theta_rel_TP9": 0.28918265078320177
  },
  "features_iqr": {
    "alpha_abs_AF7": 0.7989522011451877,
    "alpha_abs_AF8": 4.7166247703191235,
    "alpha_abs_TP10": 33.3140772103146,
    "alpha_abs_TP9": 15.723466107666237,
    "alpha_rel_AF7": 0.06615325027774804,
    "alpha_rel_AF8": 0.04056598143014192,
    "alpha_rel_TP10": 0.02426384989218286,
    "alpha_rel_TP9": 0.02030017995743008,
    "beta_abs_AF7": 0.6843676353851542,
    "beta_abs_AF8": 3.480102365000171,
    "beta_abs_TP10": 31.100230914859463,
    "beta_abs_TP9": 4.24088257677322,
    "beta_rel_AF7": 0.0972474196223232,
    "beta_rel_AF8": 0.12274209517700571,
    "beta_rel_TP10": 0.14827837844719566,
    "beta_rel_TP9": 0.1151420083764787,
    "delta_abs_AF7": 3.2077162923336022,
    "delta_abs_AF8": 12.93737257219971,
    "delta_abs_TP10": 120.09771001005713,
    "delta_abs_TP9": 40.206682136308274,
    "delta_rel_AF7": 0.08636948583779211,
    "delta_rel_AF8": 0.07338391629743973,
    "delta_rel_TP10": 0.17462172550837204,
    "delta_rel_TP9": 0.12822906693854233,
    "frontal_alpha_asym": 0.696059246832833,
    "gamma_abs_AF7": 0.18173779281394542,
    "gamma_abs_AF8": 0.4749873195417216,
    "gamma_abs_TP10": 1.4686708657429621,
    "gamma_abs_TP9": 1.2470636186892143,
    "gamma_rel_AF7": 0.06964674998014522,
    "gamma_rel_AF8": 0.034285723791444386,
    "gamma_rel_TP10": 0.18500406302553318,
    "gamma_rel_TP9": 0.09024669984012959,
    "hjorth_activity_AF7": 10.815807443792895,
    "hjorth_activity_AF8": 51.38677132557521,
    "hjorth_activity_TP10": 306.7941912257984,
    "hjorth_activity_TP9": 130.31512327942147,
    "hjorth_complexity_AF7": 0.3193663176425454,
    "hjorth_complexity_AF8": 0.4194653986522656,
    "hjorth_complexity_TP10": 0.9846727812279232,
    "hjorth_complexity_TP9": 0.6960079139877191,
    "hjorth_mobility_AF7": 0.024811493339212787,
    "hjorth_mobility_AF8": 0.02379864403233345,
    "hjorth_mobility_TP10": 0.06709420006192296,
    "hjorth_mobility_TP9": 0.039733326797035964,
    "theta_abs_AF7": 2.533062577565422,
    "theta_abs_AF8": 16.524752879200122,
    "theta_abs_TP10": 69.38802792045945,
    "theta_abs_TP9": 40.408410835024355,
    "theta_alpha_ratio_AF7": 0.9927401570109269,
    "theta_alpha_ratio_AF8": 0.8619479212134291,
    "theta_alpha_ratio_TP10": 1.0168493650547745,
    "theta_alpha_ratio_TP9": 0.8195519120283736,
    "theta_beta_ratio_AF7": 0.5223132189269077,
    "theta_beta_ratio_AF8": 1.0186874915528776,
    "theta_beta_ratio_TP10": 1.4896971844854057,
    "theta_beta_ratio_TP9": 2.7062264721833786,
    "theta_rel_AF7": 0.09246613168019385,
    "theta_rel_AF8": 0.04220074690465686,
    "theta_rel_TP10": 0.08036249446830301,
    "theta_rel_TP9": 0.10216129067365337
  }
}