{
  "file_id": "F049",
  "participant_id": "49",
  "group_label": "never_practiced",
  "group_label_raw": "never_practiced",
  "sr_hz_used": 1000,
  "duration_s": 377.7880001068115,
  "good_window_frac": 0.2978723404255319,
  "features_median": {
    "alpha_abs_AF7": 4.015197824239326,
    "alpha_abs_AF8": 1.2913871347839656,
    "alpha_abs_TP10": 5.013608876141337,
    "alpha_abs_TP9": 20.120150762682535,
    "alpha_rel_AF7": 0.12753689888863928,
    "alpha_rel_AF8": 0.11835974202990551,
    "alpha_rel_TP10": 0.061673814364945206,
    "alpha_rel_TP9": 0.09219484332827632,
    "beta_abs_AF7": 7.181468610734143,
    "beta_abs_AF8": 4.457488207020759,
    "beta_abs_TP10": 19.846759673697758,
    "beta_abs_TP9": 36.978738480632906,
    "beta_rel_AF7": 0.2847914163765761,
    "beta_rel_AF8": 0.3708894798174741,
    "beta_rel_TP10": 0.24466876822646172,
    "beta_rel_TP9": 0.18197025316037463,
    "delta_abs_AF7": 3.8591471881729373,
    "delta_abs_AF8": 0.9213461918732183,
    "delta_abs_TP10": 4.411384372303557,
    "delta_abs_TP9": 43.103214579889425,
    "delta_rel_AF7": 0.15810540971133336,
    "delta_rel_AF8": 0.08897977912303037,
    "delta_rel_TP10": 0.05990232947740931,
    "delta_rel_TP9": 0.21604677993291244,
    "frontal_alpha_asym": 0.6372619938249715,
    "gamma_abs_AF7": 3.3494935257305496,
    "gamma_abs_AF8": 1.8554870322830697,
    "gamma_abs_TP10": 34.76267097099435,
    "gamma_abs_TP9": 27.557265971523847,
    "gamma_rel_AF7": 0.11587703274058575,
    "gamma_rel_AF8": 0.15446440516455043,
    "gamma_rel_TP10": 0.4320782237674743,
    "gamma_rel_TP9": 0.14423943997616578,
    "hjorth_activity_AF7": 27.366750231655246,
    "hjorth_activity_AF8": 12.77988232699338,
    "hjorth_activity_TP10": 82.07483674390801,
    "hjorth_activity_TP9": 187.08520191038963,
    "hjorth_complexity_AF7": 1.7602957144221805,
    "hjorth_complexity_AF8": 1.535051241019482,
    "hjorth_complexity_TP10": 1.248395776567556,
    "hjorth_complexity_TP9": 1.8002019064123171,
    "hjorth_mobility_AF7": 0.11055862007366354,
    "hjorth_mobility_AF8": 0.12918600072742584,
    "hjorth_mobility_TP10": 0.1651119327955365,
    "hjorth_mobility_TP9": 0.10615980049429274,
    "theta_abs_AF7": 3.6986290672314515,
    "theta_abs_AF8": 1.4688829743056124,
    "theta_abs_TP10": 6.267916863207483,
    "theta_abs_TP9": 27.080225499308234,
    "theta_alpha_ratio_AF7": 1.359527364287332,
    "theta_alpha_ratio_AF8": 1.088654878496272,
    "theta_alpha_ratio_TP10": 1.2933873351630452,
    "theta_alpha_ratio_TP9": 1.2908571249530238,
    "theta_beta_ratio_AF7": 0.6040334243954946,
    "theta_beta_ratio_AF8": 0.31831809214041323,
    "theta_beta_ratio_TP10": 0.33999718267087886,
    "theta_beta_ratio_TP9": 0.798539658473854,
    "theta_rel_AF7": 0.16632689139853896,
    "theta_rel_AF8": 0.11903192342416274,
    "theta_rel_TP10": 0.07636348542132262,
    "theta_rel_TP9": 0.15262906101928153
  },
  "features_iqr": {
    "alpha_abs_AF7": 2.485364873673342,
    "alpha_abs_AF8": 0.8014391828698413,
    "alpha_abs_TP10": 0.8687875208249238,
    "alpha_abs_TP9": 41.995194060545245,
    "alpha_rel_AF7": 0.03623990469313902,
    "alpha_rel_AF8": 0.016017414504062258,
    "alpha_rel_TP10": 0.019588759242785227,
    "alpha_rel_TP9": 0.028142340727449797,
    "beta_abs_AF7": 2.8086287324493737,
    "beta_abs_AF8": 1.0997619391116413,
    "beta_abs_TP10": 6.309843384390444,
    "beta_abs_TP9": 43.23338923461146,
    "beta_rel_AF7": 0.06814688206680014,
    "beta_rel_AF8": 0.053618615382238166,
    "beta_rel_TP10": 0.06000761472939628,
    "beta_rel_TP9": 0.09646469592711734,
    "delta_abs_AF7": 2.54918733238299,
    "delta_abs_AF8": 0.9721770725438447,
    "delta_abs_TP10": 5.127056445406723,
    "delta_abs_TP9": 96.62443724790106,
    "delta_rel_AF7": 0.09506494993887318,
    "delta_rel_AF8": 0.051085203733857915,
    "delta_rel_TP10": 0.044735450050571016,
    "delta_rel_TP9": 0.11604860483183788,
    "frontal_alpha_asym": 0.405357090858352,
    "gamma_abs_AF7": 1.0194620707155777,
    "gamma_abs_AF8": 0.7607631103229444,
    "gamma_abs_TP10": 4.896022907409169,
    "gamma_abs_TP9": 8.346926899447329,
    "gamma_rel_AF7": 0.04412989767812596,
    "gamma_rel_AF8": 0.08292807131407753,
    "gamma_rel_TP10": 0.06605242362814756,
    "gamma_rel_TP9": 0.19644735609188313,
    "hjorth_activity_AF7": 11.712264620814395,
    "hjorth_activity_AF8": 5.304969434581132,
    "hjorth_activity_TP10": 8.68259090364107,
    "hjorth_activity_TP9": 425.1875482101677,
    "hjorth_complexity_AF7": 0.14096820988752357,
    "hjorth_complexity_AF8": 0.1603527718316924,
    "hjorth_complexity_TP10": 0.05517861652948142,
    "hjorth_complexity_TP9": 0.6184375423767168,
    "hjorth_mobility_AF7": 0.010400164316021587,
    "hjorth_mobility_AF8": 0.018142627494683664,
    "hjorth_mobility_TP10": 0.0063873266854607424,
    "hjorth_mobility_TP9": 0.053351244860468786,
    "theta_abs_AF7": 3.5829232529749264,
    "theta_abs_AF8": 1.2997705900918777,
    "theta_abs_TP10": 2.522362564636679,
    "theta_abs_TP9": 68.89934291522209,
    "theta_alpha_ratio_AF7": 0.6351307795851445,
    "theta_alpha_ratio_AF8": 0.548948300649867,
    "theta_alpha_ratio_TP10": 0.6467439306526228,
    "theta_alpha_ratio_TP9": 0.5439580577815226,
    "theta_beta_ratio_AF7": 0.24411315343448858,
    "theta_beta_ratio_AF8": 0.15836883394710782,
    "theta_beta_ratio_TP10": 0.1588840112006981,
    "theta_beta_ratio_TP9": 0.8468249646845247,
    "theta_rel_AF7": 0.06947408467780877,
    "theta_rel_AF8": 0.04336734097227886,
    "theta_rel_TP10": 0.027838968905253225,
    "theta_rel_TP9": 0.07988024443524655
  }
}