{
  "file_id": "F050",
  "participant_id": "50",
  "group_label": "never_practiced",
  "group_label_raw": "never_practiced",
  "sr_hz_used": 1000,
  "duration_s": 368.34600019454956,
  "good_window_frac": 0.06818181818181818,
  "features_median": {
    "alpha_abs_AF7": 70.76143013704228,
    "alpha_abs_AF8": 21.32593192888116,
    "alpha_abs_TP10": 12.324874576537301,
    "alpha_abs_TP9": 19.045945659499147,
    "alpha_rel_AF7": 0.04489870881332739,
    "alpha_rel_AF8": 0.17086259915199623,
    "alpha_rel_TP10": 0.004752921014414361,
    "alpha_rel_TP9": 0.0073911981969687806,
    "beta_abs_AF7": 594.7243892121029,
    "beta_abs_AF8": 17.340022539250597,
    "beta_abs_TP10": 2540.7345650057655,
    "beta_abs_TP9": 2503.1998742828105,
    "beta_rel_AF7": 0.35472595276258406,
    "beta_rel_AF8": 0.16865491914665554,
    "beta_rel_TP10": 0.9797998860818904,
    "beta_rel_TP9": 0.9714217780635066,
    "delta_abs_AF7": 16.85983591228425,
    "delta_abs_AF8": 10.430340187039178,
    "delta_abs_TP10": 5.615491086985093,
    "delta_abs_TP9": 8.55921028596911,
    "delta_rel_AF7": 0.010599576752911831,
    "delta_rel_AF8": 0.13889498664832278,
    "delta_rel_TP10": 0.002165538109766842,
    "delta_rel_TP9": 0.0033215898419608927,
    "frontal_alpha_asym": 1.2193040268571829,
    "gamma_abs_AF7": 200.0303327885508,
    "gamma_abs_AF8": 4.041290467492319,
    "gamma_abs_TP10": 15.00048155520996,
    "gamma_abs_TP9": 12.51451647434629,
    "gamma_rel_AF7": 0.1229652283700579,
    "gamma_rel_AF8": 0.039306956810479646,
    "gamma_rel_TP10": 0.005741708990945205,
    "gamma_rel_TP9": 0.004856533419488755,
    "hjorth_activity_AF7": 1695.0094571367315,
    "hjorth_activity_AF8": 101.1527752569211,
    "hjorth_activity_TP10": 2602.278354789401,
    "hjorth_activity_TP9": 2577.882053310824,
    "hjorth_complexity_AF7": 1.6853441017029336,
    "hjorth_complexity_AF8": 2.101934798160996,
    "hjorth_complexity_TP10": 1.0173526173430543,
    "hjorth_complexity_TP9": 1.0238654949472488,
    "hjorth_mobility_AF7": 0.11974410260168013,
    "hjorth_mobility_AF8": 0.07913670242935539,
    "hjorth_mobility_TP10": 0.1427600898846854,
    "hjorth_mobility_TP9": 0.14182696523040259,
    "theta_abs_AF7": 475.7274970616752,
    "theta_abs_AF8": 33.51733138977474,
    "theta_abs_TP10": 5.6295275888141925,
    "theta_abs_TP9": 14.912586071504895,
    "theta_alpha_ratio_AF7": 5.465337230722499,
    "theta_alpha_ratio_AF8": 1.5716701854600554,
    "theta_alpha_ratio_TP10": 0.4567614505003233,
    "theta_alpha_ratio_TP9": 0.8167272491640317,
    "theta_beta_ratio_AF7": 0.7926495903952492,
    "theta_beta_ratio_AF8": 1.9329462412118275,
    "theta_beta_ratio_TP10": 0.0022157086640813327,
    "theta_beta_ratio_TP9": 0.005957409244348688,
    "theta_rel_AF7": 0.28117338115982726,
    "theta_rel_AF8": 0.32600089202643123,
    "theta_rel_TP10": 0.002170951096657548,
    "theta_rel_TP9": 0.0057871570807971765
  },
  "features_iqr": {
    "alpha_abs_AF7": 25.850283042731576,
    "alpha_abs_AF8": 14.110851777467865,
    "alpha_abs_TP10": 3.718506298382806,
    "alpha_abs_TP9": 14.810181674177588,
    "alpha_rel_AF7": 0.008051912938860067,
    "alpha_rel_AF8": 0.022892871349116856,
    "alpha_rel_TP10": 0.0014890245132019933,
    "alpha_rel_TP9": 0.00584325236896084,
    "beta_abs_AF7": 7.879405565068851,
    "beta_abs_AF8": 10.098319400455022,
    "beta_abs_TP10": 37.96460202158278,
    "beta_abs_TP9": 102.19166674418648,
    "beta_rel_AF7": 0.059068690214538644,
    "beta_rel_AF8": 0.03793068678679973,
    "beta_rel_TP10": 0.0046916325055557095,
    "beta_rel_TP9": 0.024490163789346542,
    "delta_abs_AF7": 13.887044490970034,
    "delta_abs_AF8": 11.603388771581198,
    "delta_abs_TP10": 1.3767236405872696,
    "delta_abs_TP9": 10.778436199747311,
    "delta_rel_AF7": 0.005696626380102699,
    "delta_rel_AF8": 0.020114405919084477,
    "delta_rel_TP10": 0.0005544281671476543,
    "delta_rel_TP9": 0.004228932149529836,
    "frontal_alpha_asym": 0.5601021181610057,
    "gamma_abs_AF7": 33.36454785931957,
    "gamma_abs_AF8": 0.16369403123989734,
    "gamma_abs_TP10": 2.2120815749899663,
    "gamma_abs_TP9": 4.709948249280798,
    "gamma_rel_AF7": 0.0032456477747084267,
    "gamma_rel_AF8": 0.04253853773060225,
    "gamma_rel_TP10": 0.0008237343277854269,
    "gamma_rel_TP9": 0.0018993718436945122,
    "hjorth_activity_AF7": 242.56942815210869,
    "hjorth_activity_AF8": 81.21687306550932,
    "hjorth_activity_TP10": 11.259075162325644,
    "hjorth_activity_TP9": 31.313786820369387,
    "hjorth_complexity_AF7": 0.06783781324578575,
    "hjorth_complexity_AF8": 0.21266248710253266,
    "hjorth_complexity_TP10": 0.0039330612716610425,
    "hjorth_complexity_TP9": 0.0146979753383647,
    "hjorth_mobility_AF7": 0.003674092436358481,
    "hjorth_mobility_AF8": 0.021070516709145462,
    "hjorth_mobility_TP10": 0.000209688921012946,
    "hjorth_mobility_TP9": 0.0008040285203578801,
    "theta_abs_AF7": 131.1565315309686,
    "theta_abs_AF8": 31.296572091119764,
    "theta_abs_TP10": 4.815034769553382,
    "theta_abs_TP9": 16.171066338581074,
    "theta_alpha_ratio_AF7": 0.7150673834200338,
    "theta_alpha_ratio_AF8": 0.3719373911373527,
    "theta_alpha_ratio_TP10": 0.1937018035225358,
    "theta_alpha_ratio_TP9": 0.12198918540179715,
    "theta_beta_ratio_AF7": 0.22974759817308055,
    "theta_beta_ratio_AF8": 0.745158220760457,
    "theta_beta_ratio_TP10": 0.0019526920317541612,
    "theta_beta_ratio_TP9": 0.00687550223926033,
    "theta_rel_AF7": 0.03060482439342349,
    "theta_rel_AF8": 0.06956416219931028,
    "theta_rel_TP10": 0.0018965423503335536,
    "theta_rel_TP9": 0.006365212753128499
  }
}