{
  "file_id": "F051",
  "participant_id": "51",
  "group_label": "beginner",
  "group_label_raw": "beginner",
  "sr_hz_used": 1000,
  "duration_s": 373.3070001602173,
  "good_window_frac": 0.6222222222222222,
  "features_median": {
    "alpha_abs_AF7": 3.8247838453922225,
    "alpha_abs_AF8": 2.271246479212226,
    "alpha_abs_TP10": 26.54149940162065,
    "alpha_abs_TP9": 30.068958802737868,
    "alpha_rel_AF7": 0.15214935089989087,
    "alpha_rel_AF8": 0.1469769077105226,
    "alpha_rel_TP10": 0.14262088283313645,
    "alpha_rel_TP9": 0.14806703322630532,
    "beta_abs_AF7": 4.721377110872934,
    "beta_abs_AF8": 3.6737858931102974,
    "beta_abs_TP10": 20.481759810676188,
    "beta_abs_TP9": 26.883853356440593,
    "beta_rel_AF7": 0.19350539166472142,
    "beta_rel_AF8": 0.2500815297304326,
    "beta_rel_TP10": 0.106191622274173,
    "beta_rel_TP9": 0.12061097597932197,
    "delta_abs_AF7": 3.505788934158896,
    "delta_abs_AF8": 1.2626641633668332,
    "delta_abs_TP10": 36.227472467024924,
    "delta_abs_TP9": 38.370556550081425,
    "delta_rel_AF7": 0.1258182860701302,
    "delta_rel_AF8": 0.08896887624139181,
    "delta_rel_TP10": 0.19242692767389136,
    "delta_rel_TP9": 0.20504611519325672,
    "frontal_alpha_asym": 0.6158197793998836,
    "gamma_abs_AF7": 1.476352895863731,
    "gamma_abs_AF8": 1.1522830516438782,
    "gamma_abs_TP10": 5.316919808762947,
    "gamma_abs_TP9": 6.904373872866923,
    "gamma_rel_AF7": 0.061909510288370925,
    "gamma_rel_AF8": 0.07408078547062824,
    "gamma_rel_TP10": 0.028533313710933997,
    "gamma_rel_TP9": 0.03488120709506262,
    "hjorth_activity_AF7": 24.97557720855203,
    "hjorth_activity_AF8": 14.748817280587664,
    "hjorth_activity_TP10": 186.66830424406612,
    "hjorth_activity_TP9": 204.46215530163715,
    "hjorth_complexity_AF7": 2.08713070833805,
    "hjorth_complexity_AF8": 1.855669212044156,
    "hjorth_complexity_TP10": 2.5005777737739674,
    "hjorth_complexity_TP9": 2.4171452505841833,
    "hjorth_mobility_AF7": 0.08893347695784423,
    "hjorth_mobility_AF8": 0.10057018105660337,
    "hjorth_mobility_TP10": 0.066368610315441,
    "hjorth_mobility_TP9": 0.07210459623386153,
    "theta_abs_AF7": 6.710626130021135,
    "theta_abs_AF8": 3.4563516349586636,
    "theta_abs_TP10": 45.607398666261886,
    "theta_abs_TP9": 58.83481624516456,
    "theta_alpha_ratio_AF7": 1.7513297459350672,
    "theta_alpha_ratio_AF8": 1.660709166401877,
    "theta_alpha_ratio_TP10": 1.9213843978830953,
    "theta_alpha_ratio_TP9": 1.8032789269575131,
    "theta_beta_ratio_AF7": 1.4286812863269014,
    "theta_beta_ratio_AF8": 0.9496588793879517,
    "theta_beta_ratio_TP10": 2.5798137409136555,
    "theta_beta_ratio_TP9": 2.1672378277747644,
    "theta_rel_AF7": 0.257860201907523,
    "theta_rel_AF8": 0.2370683439854271,
    "theta_rel_TP10": 0.27013296642947493,
    "theta_rel_TP9": 0.26790748306946116
  },
  "features_iqr": {
    "alpha_abs_AF7": 2.5149447983359634,
    "alpha_abs_AF8": 1.0659693894535083,
    "alpha_abs_TP10": 14.84688598093301,
    "alpha_abs_TP9": 25.824206926373005,
    "alpha_rel_AF7": 0.04288860106931727,
    "alpha_rel_AF8": 0.03559552908079397,
    "alpha_rel_TP10": 0.04927894950265818,
    "alpha_rel_TP9": 0.05867495211564161,
    "beta_abs_AF7": 1.8243769752709937,
    "beta_abs_AF8": 0.9422654893663305,
    "beta_abs_TP10": 13.420789389711564,
    "beta_abs_TP9": 8.205461960596178,
    "beta_rel_AF7": 0.029934147289216145,
    "beta_rel_AF8": 0.05573037846252271,
    "beta_rel_TP10": 0.040772371930022935,
    "beta_rel_TP9": 0.04470050798087685,
    "delta_abs_AF7": 1.5943475403938603,
    "delta_abs_AF8": 0.5529640054932297,
    "delta_abs_TP10": 17.97150795365218,
    "delta_abs_TP9": 19.7926673113774,
    "delta_rel_AF7": 0.04947039370104128,
    "delta_rel_AF8": 0.03339054847825515,
    "delta_rel_TP10": 0.0734513458062809,
    "delta_rel_TP9": 0.05253502808931551,
    "frontal_alpha_asym": 0.4231487283570352,
    "gamma_abs_AF7": 0.27892106888905954,
    "gamma_abs_AF8": 0.2502381061434418,
    "gamma_abs_TP10": 2.0502177519971263,
    "gamma_abs_TP9": 1.793668339329673,
    "gamma_rel_AF7": 0.026218163264421702,
    "gamma_rel_AF8": 0.027916404080507384,
    "gamma_rel_TP10": 0.01363337388743464,
    "gamma_rel_TP9": 0.021086438302271922,
    "hjorth_activity_AF7": 9.91935765029595,
    "hjorth_activity_AF8": 5.365474657497328,
    "hjorth_activity_TP10": 70.16492997132318,
    "hjorth_activity_TP9": 70.77306110915279,
    "hjorth_complexity_AF7": 0.10000511972563064,
    "hjorth_complexity_AF8": 0.1683823492026404,
    "hjorth_complexity_TP10": 0.30936659931581545,
    "hjorth_complexity_TP9": 0.2106632357682381,
    "hjorth_mobility_AF7": 0.009063953753618195,
    "hjorth_mobility_AF8": 0.011308257432254332,
    "hjorth_mobility_TP10": 0.00856353294890945,
    "hjorth_mobility_TP9": 0.008209318393159123,
    "theta_abs_AF7": 3.0605156658597608,
    "theta_abs_AF8": 1.657541520893293,
    "theta_abs_TP10": 24.46459767544848,
    "theta_abs_TP9": 27.205876852508254,
    "theta_alpha_ratio_AF7": 0.8877901256003011,
    "theta_alpha_ratio_AF8": 0.5559440609702986,
    "theta_alpha_ratio_TP10": 1.013679797768288,
    "theta_alpha_ratio_TP9": 0.6888989911245833,
    "theta_beta_ratio_AF7": 0.43856629456769247,
    "theta_beta_ratio_AF8": 0.22762434837382872,
    "theta_beta_ratio_TP10": 1.0769414822277594,
    "theta_beta_ratio_TP9": 0.7563964599738233,
    "theta_rel_AF7": 0.07795277506895629,
    "theta_rel_AF8": 0.048233604436099475,
    "theta_rel_TP10": 0.07405069156160451,
    "theta_rel_TP9": 0.06331450622799173
  }
}