{
  "file_id": "F061",
  "participant_id": "61",
  "group_label": "never_practiced",
  "group_label_raw": "never_practiced",
  "sr_hz_used": 256,
  "duration_s": 385.6875,
  "good_window_frac": 0.4031413612565445,
  "features_median": {
    "alpha_abs_AF7": 3.981198276728045,
    "alpha_abs_AF8": 6.620599724479527,
    "alpha_abs_TP10": 8.963951193404245,
    "alpha_abs_TP9": 7.158244403194606,
    "alpha_rel_AF7": 0.09938610408330803,
    "alpha_rel_AF8": 0.08963734155285695,
    "alpha_rel_TP10": 0.15923717669113416,
    "alpha_rel_TP9": 0.14995642286926714,
    "beta_abs_AF7": 12.078648404266374,
    "beta_abs_AF8": 30.256824844224415,
    "beta_abs_TP10": 18.449157465096246,
    "beta_abs_TP9": 14.675228523475667,
    "beta_rel_AF7": 0.2982648575535785,
    "beta_rel_AF8": 0.3604215912442277,
    "beta_rel_TP10": 0.3319740623334821,
    "beta_rel_TP9": 0.3122394467065624,
    "delta_abs_AF7": 7.223387766596161,
    "delta_abs_AF8": 9.948924353944856,
    "delta_abs_TP10": 8.124562730677777,
    "delta_abs_TP9": 7.370804071819702,
    "delta_rel_AF7": 0.18731869978720003,
    "delta_rel_AF8": 0.13501576627857007,
    "delta_rel_TP10": 0.14636662272643403,
    "delta_rel_TP9": 0.15421777225096084,
    "frontal_alpha_asym": -0.3994699522115561,
    "gamma_abs_AF7": 5.472048000787289,
    "gamma_abs_AF8": 13.025473757009248,
    "gamma_abs_TP10": 5.780029065889505,
    "gamma_abs_TP9": 3.8499224974662423,
    "gamma_rel_AF7": 0.13561985824091757,
    "gamma_rel_AF8": 0.15340162877631486,
    "gamma_rel_TP10": 0.09886140951382313,
    "gamma_rel_TP9": 0.08283981016313373,
    "hjorth_activity_AF7": 41.344862686116855,
    "hjorth_activity_AF8": 83.36163572424303,
    "hjorth_activity_TP10": 57.37897209754544,
    "hjorth_activity_TP9": 47.07636632236768,
    "hjorth_complexity_AF7": 1.6703001792790761,
    "hjorth_complexity_AF8": 1.5539988419061286,
    "hjorth_complexity_TP10": 1.6838896232151968,
    "hjorth_complexity_TP9": 1.7437250364111467,
    "hjorth_mobility_AF7": 0.4541814758146788,
    "hjorth_mobility_AF8": 0.48873393629295614,
    "hjorth_mobility_TP10": 0.4200475333387001,
    "hjorth_mobility_TP9": 0.396413693913387,
    "theta_abs_AF7": 5.090507665662383,
    "theta_abs_AF8": 8.686333501723091,
    "theta_abs_TP10": 6.330793700739107,
    "theta_abs_TP9": 6.430762128361225,
    "theta_alpha_ratio_AF7": 1.2822576835065547,
    "theta_alpha_ratio_AF8": 1.1487244425558563,
    "theta_alpha_ratio_TP10": 0.7837258285048018,
    "theta_alpha_ratio_TP9": 0.9001984486480704,
    "theta_beta_ratio_AF7": 0.46751168578577423,
    "theta_beta_ratio_AF8": 0.31610820752171265,
    "theta_beta_ratio_TP10": 0.3700158927149661,
    "theta_beta_ratio_TP9": 0.4362185143185835,
    "theta_rel_AF7": 0.13184752361385682,
    "theta_rel_AF8": 0.11210442467159276,
    "theta_rel_TP10": 0.12119297958548754,
    "theta_rel_TP9": 0.13673462401461117
  },
  "features_iqr": {
    "alpha_abs_AF7": 1.493626025845284,
    "alpha_abs_AF8": 5.053007094336586,
    "alpha_abs_TP10": 3.590258277549373,
    "alpha_abs_TP9": 3.162974482639413,
    "alpha_rel_AF7": 0.035451347033349304,
    "alpha_rel_AF8": 0.03505236003164995,
    "alpha_rel_TP10": 0.059501537965435336,
    "alpha_rel_TP9": 0.04725403142349882,
    "beta_abs_AF7": 3.3037498954160824,
    "beta_abs_AF8": 10.003582594360683,
    "beta_abs_TP10": 4.131060265769985,
    "beta_abs_TP9": 4.069062629010105,
    "beta_rel_AF7": 0.07917860375891722,
    "beta_rel_AF8": 0.11631385911399772,
    "beta_rel_TP10": 0.07006105441484484,
    "beta_rel_TP9": 0.07880547337089522,
    "delta_abs_AF7": 4.418698087092814,
    "delta_abs_AF8": 11.686940668701954,
    "delta_abs_TP10": 3.9285733224867343,
    "delta_abs_TP9": 5.2570085781849265,
    "delta_rel_AF7": 0.07984219120348779,
    "delta_rel_AF8": 0.08579456633964691,
    "delta_rel_TP10": 0.05490088555748447,
    "delta_rel_TP9": 0.09438204386200834,
    "frontal_alpha_asym": 0.744608354022698,
    "gamma_abs_AF7": 1.6729638758348244,
    "gamma_abs_AF8": 4.860704434887795,
    "gamma_abs_TP10": 1.2298669407600809,
    "gamma_abs_TP9": 0.992635925139655,
    "gamma_rel_AF7": 0.03950870081276618,
    "gamma_rel_AF8": 0.05624561113199383,
    "gamma_rel_TP10": 0.026578182023900304,
    "gamma_rel_TP9": 0.02275052378531761,
    "hjorth_activity_AF7": 10.550580230843053,
    "hjorth_activity_AF8": 39.93463905048718,
    "hjorth_activity_TP10": 12.832463828580508,
    "hjorth_activity_TP9": 11.105351052176268,
    "hjorth_complexity_AF7": 0.17547744821179512,
    "hjorth_complexity_AF8": 0.23423728939738608,
    "hjorth_complexity_TP10": 0.12677051284227137,
    "hjorth_complexity_TP9": 0.17078315869825555,
    "hjorth_mobility_AF7": 0.047878716084470474,
    "hjorth_mobility_AF8": 0.08801213504000654,
    "hjorth_mobility_TP10": 0.029114674294354936,
    "hjorth_mobility_TP9": 0.04203806255107356,
    "theta_abs_AF7": 2.9853551776868237,
    "theta_abs_AF8": 7.586276274814962,
    "theta_abs_TP10": 2.7385748211293626,
    "theta_abs_TP9": 3.3793682953797317,
    "theta_alpha_ratio_AF7": 0.7407859143957354,
    "theta_alpha_ratio_AF8": 0.5346953429749288,
    "theta_alpha_ratio_TP10": 0.4022987374902366,
    "theta_alpha_ratio_TP9": 0.5345252258867204,
    "theta_beta_ratio_AF7": 0.24436054887829944,
    "theta_beta_ratio_AF8": 0.21341042258334178,
    "theta_beta_ratio_TP10": 0.14331859691348847,
    "theta_beta_ratio_TP9": 0.19989936499470784,
    "theta_rel_AF7": 0.04733997191125758,
    "theta_rel_AF8": 0.05092303343216992,
    "theta_rel_TP10": 0.04007420802313895,
    "theta_rel_TP9": 0.04439662657541285
  }
}