{
  "file_id": "F062",
  "participant_id": "62",
  "group_label": "never_practiced",
  "group_label_raw": "never_practiced",
  "sr_hz_used": 256,
  "duration_s": 357.890625,
  "good_window_frac": 0.847457627118644,
  "features_median": {
    "alpha_abs_AF7": 6.260798961985891,
    "alpha_abs_AF8": 3.3304226141862743,
    "alpha_abs_TP10": 22.038782944651107,
    "alpha_abs_TP9": 20.72289637558832,
    "alpha_rel_AF7": 0.059341589404101946,
    "alpha_rel_AF8": 0.078705077342827,
    "alpha_rel_TP10": 0.23343349227779514,
    "alpha_rel_TP9": 0.2578934692947869,
    "beta_abs_AF7": 35.43923180574694,
    "beta_abs_AF8": 17.70176308682774,
    "beta_abs_TP10": 20.941466856922933,
    "beta_abs_TP9": 17.031638797831953,
    "beta_rel_AF7": 0.2685484790827696,
    "beta_rel_AF8": 0.39410333013032073,
    "beta_rel_TP10": 0.22835268836250694,
    "beta_rel_TP9": 0.20860397552953572,
    "delta_abs_AF7": 20.536255867468835,
    "delta_abs_AF8": 4.138609146986068,
    "delta_abs_TP10": 10.916426260435413,
    "delta_abs_TP9": 10.630468883786659,
    "delta_rel_AF7": 0.25121856442709317,
    "delta_rel_AF8": 0.10764220366921662,
    "delta_rel_TP10": 0.11717638276424522,
    "delta_rel_TP9": 0.1303999324702715,
    "frontal_alpha_asym": 0.5926549407886604,
    "gamma_abs_AF7": 15.312557447113031,
    "gamma_abs_AF8": 8.88436344532343,
    "gamma_abs_TP10": 8.658078617176365,
    "gamma_abs_TP9": 7.108920908425066,
    "gamma_rel_AF7": 0.1361750453687104,
    "gamma_rel_AF8": 0.19983708027135572,
    "gamma_rel_TP10": 0.0970331728271679,
    "gamma_rel_TP9": 0.07893445791063688,
    "hjorth_activity_AF7": 112.57663337765048,
    "hjorth_activity_AF8": 45.07466747399473,
    "hjorth_activity_TP10": 94.74633309642277,
    "hjorth_activity_TP9": 84.85263527319862,
    "hjorth_complexity_AF7": 1.6812794158145525,
    "hjorth_complexity_AF8": 1.4128953508403077,
    "hjorth_complexity_TP10": 1.7803302265837662,
    "hjorth_complexity_TP9": 1.8681721700064338,
    "hjorth_mobility_AF7": 0.45758574629953436,
    "hjorth_mobility_AF8": 0.5476660372737857,
    "hjorth_mobility_TP10": 0.3998205798358484,
    "hjorth_mobility_TP9": 0.3781166603943967,
    "theta_abs_AF7": 10.032062310107147,
    "theta_abs_AF8": 3.5775118464603386,
    "theta_abs_TP10": 11.998046251996314,
    "theta_abs_TP9": 11.600215246670567,
    "theta_alpha_ratio_AF7": 1.7724872455433212,
    "theta_alpha_ratio_AF8": 1.135827493190001,
    "theta_alpha_ratio_TP10": 0.5233052326891594,
    "theta_alpha_ratio_TP9": 0.5281204434279576,
    "theta_beta_ratio_AF7": 0.43308861880131716,
    "theta_beta_ratio_AF8": 0.22760887686282344,
    "theta_beta_ratio_TP10": 0.5988648562938121,
    "theta_beta_ratio_TP9": 0.6394896554694702,
    "theta_rel_AF7": 0.11061540232076605,
    "theta_rel_AF8": 0.0908574380137856,
    "theta_rel_TP10": 0.12573367820663828,
    "theta_rel_TP9": 0.13769936289766888
  },
  "features_iqr": {
    "alpha_abs_AF7": 3.0122890465788412,
    "alpha_abs_AF8": 1.330272431995986,
    "alpha_abs_TP10": 14.395782325005264,
    "alpha_abs_TP9": 10.524257942283484,
    "alpha_rel_AF7": 0.042034803361012604,
    "alpha_rel_AF8": 0.05063330451376558,
    "alpha_rel_TP10": 0.11925562220924249,
    "alpha_rel_TP9": 0.11474287853213119,
    "beta_abs_AF7": 30.411985706699607,
    "beta_abs_AF8": 12.324217060081336,
    "beta_abs_TP10": 7.512351954580623,
    "beta_abs_TP9": 5.777502295690521,
    "beta_rel_AF7": 0.2023459269609277,
    "beta_rel_AF8": 0.15573736831649132,
    "beta_rel_TP10": 0.10131757681011402,
    "beta_rel_TP9": 0.09819822023176997,
    "delta_abs_AF7": 35.229541204316675,
    "delta_abs_AF8": 3.796817587652453,
    "delta_abs_TP10": 14.261173594169682,
    "delta_abs_TP9": 11.507655959915898,
    "delta_rel_AF7": 0.1796787850306359,
    "delta_rel_AF8": 0.09835036365589403,
    "delta_rel_TP10": 0.11783534939554334,
    "delta_rel_TP9": 0.11203603590957262,
    "frontal_alpha_asym": 0.619553218284205,
    "gamma_abs_AF7": 7.990186671802565,
    "gamma_abs_AF8": 5.355395447439041,
    "gamma_abs_TP10": 2.1564338403177903,
    "gamma_abs_TP9": 2.5963670371032936,
    "gamma_rel_AF7": 0.10335072208453788,
    "gamma_rel_AF8": 0.08549461883142248,
    "gamma_rel_TP10": 0.03991257785048023,
    "gamma_rel_TP9": 0.04212367605741926,
    "hjorth_activity_AF7": 100.94081616872106,
    "hjorth_activity_AF8": 17.715905230860542,
    "hjorth_activity_TP10": 35.05105637515037,
    "hjorth_activity_TP9": 33.89383095993347,
    "hjorth_complexity_AF7": 0.7390343388372187,
    "hjorth_complexity_AF8": 0.2878269290478528,
    "hjorth_complexity_TP10": 0.2375999958782622,
    "hjorth_complexity_TP9": 0.2899601552801294,
    "hjorth_mobility_AF7": 0.18338194868142704,
    "hjorth_mobility_AF8": 0.11029339123674409,
    "hjorth_mobility_TP10": 0.059436455267909916,
    "hjorth_mobility_TP9": 0.07709211260726789,
    "theta_abs_AF7": 10.9349181747537,
    "theta_abs_AF8": 1.771724050718217,
    "theta_abs_TP10": 7.523694712214056,
    "theta_abs_TP9": 8.816155745517243,
    "theta_alpha_ratio_AF7": 1.2594255930896296,
    "theta_alpha_ratio_AF8": 0.6148072941066239,
    "theta_alpha_ratio_TP10": 0.48967010422207985,
    "theta_alpha_ratio_TP9": 0.4174406033330047,
    "theta_beta_ratio_AF7": 0.72719736309163,
    "theta_beta_ratio_AF8": 0.32803234625640076,
    "theta_beta_ratio_TP10": 0.430712147725011,
    "theta_beta_ratio_TP9": 0.5849794847784183,
    "theta_rel_AF7": 0.06131938678392673,
    "theta_rel_AF8": 0.06533803182612881,
    "theta_rel_TP10": 0.05407337823058442,
    "theta_rel_TP9": 0.05623526810442993
  }
}