{
  "file_id": "F063",
  "participant_id": "63",
  "group_label": "beginner",
  "group_label_raw": "beginner",
  "sr_hz_used": 256,
  "duration_s": 401.8125,
  "good_window_frac": 0.6884422110552764,
  "features_median": {
    "alpha_abs_AF7": 3.2817997688042846,
    "alpha_abs_AF8": 3.964439733528616,
    "alpha_abs_TP10": 62.542204089146146,
    "alpha_abs_TP9": 45.09572623890323,
    "alpha_rel_AF7": 0.15172994104747442,
    "alpha_rel_AF8": 0.14303252619537435,
    "alpha_rel_TP10": 0.43430758523475554,
    "alpha_rel_TP9": 0.26265248293915144,
    "beta_abs_AF7": 5.790778892221483,
    "beta_abs_AF8": 5.6323468813613005,
    "beta_abs_TP10": 23.707722235411243,
    "beta_abs_TP9": 38.26700876158979,
    "beta_rel_AF7": 0.26816105497537596,
    "beta_rel_AF8": 0.21694756102406637,
    "beta_rel_TP10": 0.15714228514316986,
    "beta_rel_TP9": 0.21196170151112909,
    "delta_abs_AF7": 3.5575220735228545,
    "delta_abs_AF8": 5.661302043832011,
    "delta_abs_TP10": 20.95472568092932,
    "delta_abs_TP9": 33.85185036011963,
    "delta_rel_AF7": 0.16677338968148275,
    "delta_rel_AF8": 0.22044048759379786,
    "delta_rel_TP10": 0.14460886928235187,
    "delta_rel_TP9": 0.17953901156016547,
    "frontal_alpha_asym": -0.1452126247276444,
    "gamma_abs_AF7": 1.8787434543278725,
    "gamma_abs_AF8": 1.438428267696649,
    "gamma_abs_TP10": 5.90801564348881,
    "gamma_abs_TP9": 11.06213411631199,
    "gamma_rel_AF7": 0.08359352692952832,
    "gamma_rel_AF8": 0.05378482051903382,
    "gamma_rel_TP10": 0.039153924699217454,
    "gamma_rel_TP9": 0.06404241521034512,
    "hjorth_activity_AF7": 22.74046101783886,
    "hjorth_activity_AF8": 27.495268217548983,
    "hjorth_activity_TP10": 153.079837326448,
    "hjorth_activity_TP9": 188.4668887270057,
    "hjorth_complexity_AF7": 1.7998169988406272,
    "hjorth_complexity_AF8": 1.9759223638668173,
    "hjorth_complexity_TP10": 1.9103116192017187,
    "hjorth_complexity_TP9": 1.9396238529916885,
    "hjorth_mobility_AF7": 0.38487051408003364,
    "hjorth_mobility_AF8": 0.3340515372823311,
    "hjorth_mobility_TP10": 0.313636552927603,
    "hjorth_mobility_TP9": 0.356864170715938,
    "theta_abs_AF7": 3.4996750185651915,
    "theta_abs_AF8": 4.330637866883169,
    "theta_abs_TP10": 11.577176873375876,
    "theta_abs_TP9": 20.669289494822433,
    "theta_alpha_ratio_AF7": 1.0281284659028298,
    "theta_alpha_ratio_AF8": 1.2319025388065439,
    "theta_alpha_ratio_TP10": 0.19629219393479627,
    "theta_alpha_ratio_TP9": 0.4722338978142772,
    "theta_beta_ratio_AF7": 0.5984652569143328,
    "theta_beta_ratio_AF8": 0.8152063013345459,
    "theta_beta_ratio_TP10": 0.5037168095524389,
    "theta_beta_ratio_TP9": 0.573175937870575,
    "theta_rel_AF7": 0.15903041498355253,
    "theta_rel_AF8": 0.1725883000448187,
    "theta_rel_TP10": 0.08059515368816168,
    "theta_rel_TP9": 0.11811533018846995
  },
  "features_iqr": {
    "alpha_abs_AF7": 1.2146779599023008,
    "alpha_abs_AF8": 1.6085233573038717,
    "alpha_abs_TP10": 39.95778719895421,
    "alpha_abs_TP9": 23.33616086091763,
    "alpha_rel_AF7": 0.048779384872238984,
    "alpha_rel_AF8": 0.04856453464923334,
    "alpha_rel_TP10": 0.17795240511417082,
    "alpha_rel_TP9": 0.11146455187829027,
    "beta_abs_AF7": 1.5737485109698577,
    "beta_abs_AF8": 1.5214749311248612,
    "beta_abs_TP10": 6.584744156460147,
    "beta_abs_TP9": 10.491843142296773,
    "beta_rel_AF7": 0.06598738103015464,
    "beta_rel_AF8": 0.06433213410861852,
    "beta_rel_TP10": 0.04945094720678078,
    "beta_rel_TP9": 0.08106282181549415,
    "delta_abs_AF7": 1.8556757470193936,
    "delta_abs_AF8": 4.399981075691187,
    "delta_abs_TP10": 25.239823921823643,
    "delta_abs_TP9": 42.391426920122555,
    "delta_rel_AF7": 0.07593562402685783,
    "delta_rel_AF8": 0.11774494755907414,
    "delta_rel_TP10": 0.15050147940034928,
    "delta_rel_TP9": 0.17305705233541696,
    "frontal_alpha_asym": 0.3899923000709593,
    "gamma_abs_AF7": 0.6107223434990137,
    "gamma_abs_AF8": 0.2812325344129887,
    "gamma_abs_TP10": 1.9662910525249009,
    "gamma_abs_TP9": 3.6315842871634842,
    "gamma_rel_AF7": 0.029522286643764856,
    "gamma_rel_AF8": 0.017072579630275697,
    "gamma_rel_TP10": 0.01978100453106269,
    "gamma_rel_TP9": 0.02927017483162253,
    "hjorth_activity_AF7": 4.027973743474099,
    "hjorth_activity_AF8": 7.645814219637206,
    "hjorth_activity_TP10": 70.17116728134147,
    "hjorth_activity_TP9": 87.12343209498917,
    "hjorth_complexity_AF7": 0.18025279611558087,
    "hjorth_complexity_AF8": 0.22957540953619948,
    "hjorth_complexity_TP10": 0.21146640321905497,
    "hjorth_complexity_TP9": 0.36462381261443455,
    "hjorth_mobility_AF7": 0.04552660258118474,
    "hjorth_mobility_AF8": 0.039226338893333934,
    "hjorth_mobility_TP10": 0.038882884156000996,
    "hjorth_mobility_TP9": 0.07405692689387594,
    "theta_abs_AF7": 1.5643184418523175,
    "theta_abs_AF8": 1.8723719473615708,
    "theta_abs_TP10": 6.66200747654206,
    "theta_abs_TP9": 10.739149545893056,
    "theta_alpha_ratio_AF7": 0.5230263445563479,
    "theta_alpha_ratio_AF8": 0.636210821856404,
    "theta_alpha_ratio_TP10": 0.1458792972275478,
    "theta_alpha_ratio_TP9": 0.3743349515631028,
    "theta_beta_ratio_AF7": 0.27677786336421034,
    "theta_beta_ratio_AF8": 0.3751145003720232,
    "theta_beta_ratio_TP10": 0.27324087925871815,
    "theta_beta_ratio_TP9": 0.24952079482197415,
    "theta_rel_AF7": 0.04784024012244378,
    "theta_rel_AF8": 0.051480671162667135,
    "theta_rel_TP10": 0.034437009895190565,
    "theta_rel_TP9": 0.04516559566859518
  }
}