{
  "file_id": "F064",
  "participant_id": "64",
  "group_label": "never_practiced",
  "group_label_raw": "never_practiced",
  "sr_hz_used": 1000,
  "duration_s": 608.6360001564026,
  "good_window_frac": 0.21052631578947367,
  "features_median": {
    "alpha_abs_AF7": 10.796022316678515,
    "alpha_abs_AF8": 6.709028257174511,
    "alpha_abs_TP10": 10.716951624590056,
    "alpha_abs_TP9": 12.411364259624804,
    "alpha_rel_AF7": 0.14339155388902802,
    "alpha_rel_AF8": 0.1378227541853654,
    "alpha_rel_TP10": 0.112983955560046,
    "alpha_rel_TP9": 0.1183418179209565,
    "beta_abs_AF7": 21.144287931572634,
    "beta_abs_AF8": 10.664647944645328,
    "beta_abs_TP10": 17.42203922530933,
    "beta_abs_TP9": 29.09827300857901,
    "beta_rel_AF7": 0.2778811044431574,
    "beta_rel_AF8": 0.25723272944490216,
    "beta_rel_TP10": 0.20150129643244186,
    "beta_rel_TP9": 0.2982766507020721,
    "delta_abs_AF7": 14.131773520302856,
    "delta_abs_AF8": 8.305422459276473,
    "delta_abs_TP10": 12.81149827510936,
    "delta_abs_TP9": 10.743967471654958,
    "delta_rel_AF7": 0.17967702659464546,
    "delta_rel_AF8": 0.17184243604010802,
    "delta_rel_TP10": 0.16521542864684002,
    "delta_rel_TP9": 0.10234142950099279,
    "frontal_alpha_asym": 0.3665492964289908,
    "gamma_abs_AF7": 5.807086620764689,
    "gamma_abs_AF8": 4.324857314484133,
    "gamma_abs_TP10": 11.928722332013274,
    "gamma_abs_TP9": 17.99224357061557,
    "gamma_rel_AF7": 0.07484785751979109,
    "gamma_rel_AF8": 0.08712958273021829,
    "gamma_rel_TP10": 0.128501856363167,
    "gamma_rel_TP9": 0.17371226762781758,
    "hjorth_activity_AF7": 76.12502101373886,
    "hjorth_activity_AF8": 55.83993026489223,
    "hjorth_activity_TP10": 78.95732477253458,
    "hjorth_activity_TP9": 101.58646309575323,
    "hjorth_complexity_AF7": 1.8735408061147059,
    "hjorth_complexity_AF8": 1.82540549501423,
    "hjorth_complexity_TP10": 1.885649507646884,
    "hjorth_complexity_TP9": 1.5971158132089336,
    "hjorth_mobility_AF7": 0.09778422598286579,
    "hjorth_mobility_AF8": 0.10335818137324301,
    "hjorth_mobility_TP10": 0.11787652450448563,
    "hjorth_mobility_TP9": 0.1304147075172499,
    "theta_abs_AF7": 12.495979432395277,
    "theta_abs_AF8": 9.652434367783812,
    "theta_abs_TP10": 14.077479530303933,
    "theta_abs_TP9": 12.813765586946726,
    "theta_alpha_ratio_AF7": 1.1874686229563167,
    "theta_alpha_ratio_AF8": 1.3003471840769736,
    "theta_alpha_ratio_TP10": 1.6607567206315719,
    "theta_alpha_ratio_TP9": 1.2968328925881634,
    "theta_beta_ratio_AF7": 0.651114366551042,
    "theta_beta_ratio_AF8": 0.6812323389464982,
    "theta_beta_ratio_TP10": 0.879178094739322,
    "theta_beta_ratio_TP9": 0.43385158196558904,
    "theta_rel_AF7": 0.17326012130023527,
    "theta_rel_AF8": 0.17599336172645308,
    "theta_rel_TP10": 0.1671738107115943,
    "theta_rel_TP9": 0.1307612556320792
  },
  "features_iqr": {
    "alpha_abs_AF7": 7.557976554782418,
    "alpha_abs_AF8": 4.279585021674485,
    "alpha_abs_TP10": 8.427473500842648,
    "alpha_abs_TP9": 4.937497674297147,
    "alpha_rel_AF7": 0.03768966677763479,
    "alpha_rel_AF8": 0.043104447351044434,
    "alpha_rel_TP10": 0.035207634028413676,
    "alpha_rel_TP9": 0.043771782710994314,
    "beta_abs_AF7": 4.713327953506138,
    "beta_abs_AF8": 7.374031685349934,
    "beta_abs_TP10": 10.680865393221813,
    "beta_abs_TP9": 5.925550877068044,
    "beta_rel_AF7": 0.06016785653642115,
    "beta_rel_AF8": 0.03890219893423191,
    "beta_rel_TP10": 0.0663578324066815,
    "beta_rel_TP9": 0.07364985212730807,
    "delta_abs_AF7": 7.042945985886863,
    "delta_abs_AF8": 8.419370848729356,
    "delta_abs_TP10": 20.636049731423306,
    "delta_abs_TP9": 9.248342847241576,
    "delta_rel_AF7": 0.06099236026291355,
    "delta_rel_AF8": 0.056619889565688614,
    "delta_rel_TP10": 0.1091286374152659,
    "delta_rel_TP9": 0.08158500700936774,
    "frontal_alpha_asym": 0.44311198297846377,
    "gamma_abs_AF7": 1.4658643427194349,
    "gamma_abs_AF8": 1.6104238896991223,
    "gamma_abs_TP10": 3.3401661662790936,
    "gamma_abs_TP9": 4.450350056944826,
    "gamma_rel_AF7": 0.013778217067997492,
    "gamma_rel_AF8": 0.03135078707844691,
    "gamma_rel_TP10": 0.0835527402466394,
    "gamma_rel_TP9": 0.0642993236488475,
    "hjorth_activity_AF7": 12.281143592167155,
    "hjorth_activity_AF8": 31.79415821486485,
    "hjorth_activity_TP10": 64.23887148772043,
    "hjorth_activity_TP9": 33.27713429216976,
    "hjorth_complexity_AF7": 0.14372989057327046,
    "hjorth_complexity_AF8": 0.08598924615452219,
    "hjorth_complexity_TP10": 0.29997740204076573,
    "hjorth_complexity_TP9": 0.23215734350109707,
    "hjorth_mobility_AF7": 0.011238628752456847,
    "hjorth_mobility_AF8": 0.012014050411384591,
    "hjorth_mobility_TP10": 0.023828884031915173,
    "hjorth_mobility_TP9": 0.01679922946381833,
    "theta_abs_AF7": 3.445501386498668,
    "theta_abs_AF8": 4.53767322673381,
    "theta_abs_TP10": 12.345434009074303,
    "theta_abs_TP9": 7.262562070213063,
    "theta_alpha_ratio_AF7": 0.47977631225846884,
    "theta_alpha_ratio_AF8": 0.4855002409396564,
    "theta_alpha_ratio_TP10": 0.7993390705432275,
    "theta_alpha_ratio_TP9": 0.621033036377115,
    "theta_beta_ratio_AF7": 0.22980823831744646,
    "theta_beta_ratio_AF8": 0.1800890174151687,
    "theta_beta_ratio_TP10": 0.6907854310438697,
    "theta_beta_ratio_TP9": 0.13787703435075832,
    "theta_rel_AF7": 0.026549994958214918,
    "theta_rel_AF8": 0.04401730664535747,
    "theta_rel_TP10": 0.05616640605801276,
    "theta_rel_TP9": 0.043536334100026455
  }
}