{
  "file_id": "F065",
  "participant_id": "65",
  "group_label": "never_practiced",
  "group_label_raw": "never_practiced",
  "sr_hz_used": 1000,
  "duration_s": 603.6089999675751,
  "good_window_frac": 0.11842105263157894,
  "features_median": {
    "alpha_abs_AF7": 2.10336822308508,
    "alpha_abs_AF8": 2.4032629462151087,
    "alpha_abs_TP10": 3.0174705317752646,
    "alpha_abs_TP9": 2.986775548563913,
    "alpha_rel_AF7": 0.14081685937382196,
    "alpha_rel_AF8": 0.10330247046240265,
    "alpha_rel_TP10": 0.11044623124737939,
    "alpha_rel_TP9": 0.14830198145929965,
    "beta_abs_AF7": 5.170372807684545,
    "beta_abs_AF8": 4.599708673978334,
    "beta_abs_TP10": 7.84927201328814,
    "beta_abs_TP9": 6.218580081121342,
    "beta_rel_AF7": 0.2698261337545154,
    "beta_rel_AF8": 0.28311771039151584,
    "beta_rel_TP10": 0.3670271725963665,
    "beta_rel_TP9": 0.3240360189140823,
    "delta_abs_AF7": 2.397220222215062,
    "delta_abs_AF8": 3.268192281206731,
    "delta_abs_TP10": 2.0264296407347047,
    "delta_abs_TP9": 1.1521505959795886,
    "delta_rel_AF7": 0.20134746175480586,
    "delta_rel_AF8": 0.17399749985893162,
    "delta_rel_TP10": 0.0902185237433075,
    "delta_rel_TP9": 0.07658728667261537,
    "frontal_alpha_asym": -0.02724021176214808,
    "gamma_abs_AF7": 1.6094775192281139,
    "gamma_abs_AF8": 1.6849196702136164,
    "gamma_abs_TP10": 2.954541134258487,
    "gamma_abs_TP9": 2.2694258010137998,
    "gamma_rel_AF7": 0.08916674114086195,
    "gamma_rel_AF8": 0.08555983067909706,
    "gamma_rel_TP10": 0.13153890671231777,
    "gamma_rel_TP9": 0.13044283855581118,
    "hjorth_activity_AF7": 14.845446834082534,
    "hjorth_activity_AF8": 17.300180308000623,
    "hjorth_activity_TP10": 22.206777214731005,
    "hjorth_activity_TP9": 17.876278774132444,
    "hjorth_complexity_AF7": 1.7760545454595416,
    "hjorth_complexity_AF8": 1.84824626529623,
    "hjorth_complexity_TP10": 1.6320112561311173,
    "hjorth_complexity_TP9": 1.6225602804112318,
    "hjorth_mobility_AF7": 0.10929046527108136,
    "hjorth_mobility_AF8": 0.1034261545302079,
    "hjorth_mobility_TP10": 0.11954451550392699,
    "hjorth_mobility_TP9": 0.12100510627734648,
    "theta_abs_AF7": 2.3025606744425127,
    "theta_abs_AF8": 3.1444672150349193,
    "theta_abs_TP10": 3.435396354321508,
    "theta_abs_TP9": 2.652478130410782,
    "theta_alpha_ratio_AF7": 1.1175266413155227,
    "theta_alpha_ratio_AF8": 1.259908736407501,
    "theta_alpha_ratio_TP10": 0.9305351784420653,
    "theta_alpha_ratio_TP9": 0.8154398840126997,
    "theta_beta_ratio_AF7": 0.5271215823646701,
    "theta_beta_ratio_AF8": 0.7026286831106173,
    "theta_beta_ratio_TP10": 0.32194812701045045,
    "theta_beta_ratio_TP9": 0.46680859410106296,
    "theta_rel_AF7": 0.12593836888933085,
    "theta_rel_AF8": 0.18572692569409815,
    "theta_rel_TP10": 0.11242030259802262,
    "theta_rel_TP9": 0.1284729940886718
  },
  "features_iqr": {
    "alpha_abs_AF7": 0.7657770023211643,
    "alpha_abs_AF8": 4.0107174036898945,
    "alpha_abs_TP10": 1.823489088750729,
    "alpha_abs_TP9": 3.254310840793477,
    "alpha_rel_AF7": 0.049062311598420255,
    "alpha_rel_AF8": 0.030861945542492428,
    "alpha_rel_TP10": 0.04736331538982437,
    "alpha_rel_TP9": 0.04252598515259026,
    "beta_abs_AF7": 2.5485981530239874,
    "beta_abs_AF8": 0.9298561701892938,
    "beta_abs_TP10": 2.6913655264470355,
    "beta_abs_TP9": 2.875573445203843,
    "beta_rel_AF7": 0.18848151505197833,
    "beta_rel_AF8": 0.19675163303860072,
    "beta_rel_TP10": 0.10962975850722956,
    "beta_rel_TP9": 0.14687127634196745,
    "delta_abs_AF7": 24.654460791099197,
    "delta_abs_AF8": 59.533462844113686,
    "delta_abs_TP10": 26.994917001511773,
    "delta_abs_TP9": 33.9503747598301,
    "delta_rel_AF7": 0.25061036024700845,
    "delta_rel_AF8": 0.4542187479725197,
    "delta_rel_TP10": 0.2979191166552637,
    "delta_rel_TP9": 0.3379745096684634,
    "frontal_alpha_asym": 0.3138379249983503,
    "gamma_abs_AF7": 0.6324512095245425,
    "gamma_abs_AF8": 0.6743978530778327,
    "gamma_abs_TP10": 0.6684089651261584,
    "gamma_abs_TP9": 0.19091753593005523,
    "gamma_rel_AF7": 0.06323086587075044,
    "gamma_rel_AF8": 0.06062564859166222,
    "gamma_rel_TP10": 0.1012920982244794,
    "gamma_rel_TP9": 0.1251025838235727,
    "hjorth_activity_AF7": 56.30487804633441,
    "hjorth_activity_AF8": 99.7639852235998,
    "hjorth_activity_TP10": 61.639101706921366,
    "hjorth_activity_TP9": 79.28828298055822,
    "hjorth_complexity_AF7": 0.6574910204415068,
    "hjorth_complexity_AF8": 1.0030873440999646,
    "hjorth_complexity_TP10": 0.3964578412878321,
    "hjorth_complexity_TP9": 0.6163327424719778,
    "hjorth_mobility_AF7": 0.03680094284569063,
    "hjorth_mobility_AF8": 0.046537766407666104,
    "hjorth_mobility_TP10": 0.04045759677887355,
    "hjorth_mobility_TP9": 0.052727948602131175,
    "theta_abs_AF7": 2.962358459243373,
    "theta_abs_AF8": 2.063889326505862,
    "theta_abs_TP10": 3.0334057455174332,
    "theta_abs_TP9": 5.646343658435642,
    "theta_alpha_ratio_AF7": 0.4698565125028258,
    "theta_alpha_ratio_AF8": 1.0299828268541038,
    "theta_alpha_ratio_TP10": 0.20629562781595923,
    "theta_alpha_ratio_TP9": 0.18173049888910486,
    "theta_beta_ratio_AF7": 0.3514805239282988,
    "theta_beta_ratio_AF8": 0.07167529974922637,
    "theta_beta_ratio_TP10": 0.14714474620598855,
    "theta_beta_ratio_TP9": 0.163421239126398,
    "theta_rel_AF7": 0.04299136796222497,
    "theta_rel_AF8": 0.11306667360066858,
    "theta_rel_TP10": 0.041916239513224346,
    "theta_rel_TP9": 0.04336471779124687
  }
}