{
  "file_id": "F067",
  "participant_id": "67",
  "group_label": "beginner",
  "group_label_raw": "beginner",
  "sr_hz_used": 1000,
  "duration_s": 613.5469999313354,
  "good_window_frac": 0.5974025974025974,
  "features_median": {
    "alpha_abs_AF7": 4.237578413826775,
    "alpha_abs_AF8": 8.495226881023752,
    "alpha_abs_TP10": 34.09855634756763,
    "alpha_abs_TP9": 4.977011786048551,
    "alpha_rel_AF7": 0.17022579290757173,
    "alpha_rel_AF8": 0.18117443423891239,
    "alpha_rel_TP10": 0.037287802835263784,
    "alpha_rel_TP9": 0.14775320177703857,
    "beta_abs_AF7": 8.776961709479142,
    "beta_abs_AF8": 15.05358577119275,
    "beta_abs_TP10": 1075.522979868334,
    "beta_abs_TP9": 12.707716190577518,
    "beta_rel_AF7": 0.36609550481889697,
    "beta_rel_AF8": 0.32734657141417756,
    "beta_rel_TP10": 0.8334367510893724,
    "beta_rel_TP9": 0.3800013411231721,
    "delta_abs_AF7": 1.20838884409085,
    "delta_abs_AF8": 3.983507582891887,
    "delta_abs_TP10": 10.638383421713637,
    "delta_abs_TP9": 0.9639968933920073,
    "delta_rel_AF7": 0.04700323389512717,
    "delta_rel_AF8": 0.0822819738376657,
    "delta_rel_TP10": 0.010184161489407692,
    "delta_rel_TP9": 0.025002954597876777,
    "frontal_alpha_asym": -0.6658296292599524,
    "gamma_abs_AF7": 3.417661172300324,
    "gamma_abs_AF8": 4.697956233638504,
    "gamma_abs_TP10": 10.195535150624485,
    "gamma_abs_TP9": 7.712934404855483,
    "gamma_rel_AF7": 0.1321732154035563,
    "gamma_rel_AF8": 0.1009485013254001,
    "gamma_rel_TP10": 0.010126473834773397,
    "gamma_rel_TP9": 0.2369548460800237,
    "hjorth_activity_AF7": 25.735549166523295,
    "hjorth_activity_AF8": 52.74307878595336,
    "hjorth_activity_TP10": 1282.136413708296,
    "hjorth_activity_TP9": 35.23600341701734,
    "hjorth_complexity_AF7": 1.5798027345913415,
    "hjorth_complexity_AF8": 1.6716338833745779,
    "hjorth_complexity_TP10": 1.1007231496246772,
    "hjorth_complexity_TP9": 1.4119828786606745,
    "hjorth_mobility_AF7": 0.12041875439830291,
    "hjorth_mobility_AF8": 0.11167876788033335,
    "hjorth_mobility_TP10": 0.13457704207095195,
    "hjorth_mobility_TP9": 0.14106004998186228,
    "theta_abs_AF7": 3.187087016006917,
    "theta_abs_AF8": 8.45698873182447,
    "theta_abs_TP10": 58.914824333747944,
    "theta_abs_TP9": 2.493116838634422,
    "theta_alpha_ratio_AF7": 0.7571835087782967,
    "theta_alpha_ratio_AF8": 0.9241584837179811,
    "theta_alpha_ratio_TP10": 1.6915554383567732,
    "theta_alpha_ratio_TP9": 0.5801002266151596,
    "theta_beta_ratio_AF7": 0.37580325694397443,
    "theta_beta_ratio_AF8": 0.49622859425231947,
    "theta_beta_ratio_TP10": 0.07563571192975146,
    "theta_beta_ratio_TP9": 0.1930598089949991,
    "theta_rel_AF7": 0.13164567208005978,
    "theta_rel_AF8": 0.16357940406632765,
    "theta_rel_TP10": 0.06328651915664887,
    "theta_rel_TP9": 0.07995773689835198
  },
  "features_iqr": {
    "alpha_abs_AF7": 1.8924585727992569,
    "alpha_abs_AF8": 5.3052730056323965,
    "alpha_abs_TP10": 18.590072799943606,
    "alpha_abs_TP9": 3.413908233175235,
    "alpha_rel_AF7": 0.037984086318778726,
    "alpha_rel_AF8": 0.044571354592279844,
    "alpha_rel_TP10": 0.05233587178413894,
    "alpha_rel_TP9": 0.05514425236024861,
    "beta_abs_AF7": 3.318944195656986,
    "beta_abs_AF8": 9.041515900292907,
    "beta_abs_TP10": 1117.8566783251051,
    "beta_abs_TP9": 5.488463827721368,
    "beta_rel_AF7": 0.09240786583924093,
    "beta_rel_AF8": 0.06817406240282159,
    "beta_rel_TP10": 0.2861881692514028,
    "beta_rel_TP9": 0.06616299136014758,
    "delta_abs_AF7": 0.6872294321042867,
    "delta_abs_AF8": 4.348887088778991,
    "delta_abs_TP10": 6.170019435103267,
    "delta_abs_TP9": 0.6259898825593064,
    "delta_rel_AF7": 0.027124253102484168,
    "delta_rel_AF8": 0.047717558840206536,
    "delta_rel_TP10": 0.017217663335389304,
    "delta_rel_TP9": 0.022325266215133324,
    "frontal_alpha_asym": 0.880646768631456,
    "gamma_abs_AF7": 1.7789519641753198,
    "gamma_abs_AF8": 2.8099590688343254,
    "gamma_abs_TP10": 4.642845246936778,
    "gamma_abs_TP9": 7.234113361191842,
    "gamma_rel_AF7": 0.04285602770135896,
    "gamma_rel_AF8": 0.02789588054560392,
    "gamma_rel_TP10": 0.021325357050009663,
    "gamma_rel_TP9": 0.07729633519351364,
    "hjorth_activity_AF7": 8.722671726332116,
    "hjorth_activity_AF8": 30.856179457304314,
    "hjorth_activity_TP10": 1059.095600368231,
    "hjorth_activity_TP9": 16.892725544633215,
    "hjorth_complexity_AF7": 0.09938422408763725,
    "hjorth_complexity_AF8": 0.1272829862002045,
    "hjorth_complexity_TP10": 0.2488050358357563,
    "hjorth_complexity_TP9": 0.10569374625799632,
    "hjorth_mobility_AF7": 0.007832950300761338,
    "hjorth_mobility_AF8": 0.009410675711025662,
    "hjorth_mobility_TP10": 0.015638730970505693,
    "hjorth_mobility_TP9": 0.010744392679356701,
    "theta_abs_AF7": 1.6792628767747932,
    "theta_abs_AF8": 5.406924816775785,
    "theta_abs_TP10": 32.1029531951796,
    "theta_abs_TP9": 1.2141201572640266,
    "theta_alpha_ratio_AF7": 0.36642863596914566,
    "theta_alpha_ratio_AF8": 0.41328172730093493,
    "theta_alpha_ratio_TP10": 0.5495351561032495,
    "theta_alpha_ratio_TP9": 0.3596324840986442,
    "theta_beta_ratio_AF7": 0.20640007748774913,
    "theta_beta_ratio_AF8": 0.22145684516904485,
    "theta_beta_ratio_TP10": 0.1644454664377672,
    "theta_beta_ratio_TP9": 0.1194101695075307,
    "theta_rel_AF7": 0.046856913726667476,
    "theta_rel_AF8": 0.053026244381720045,
    "theta_rel_TP10": 0.08778380820588733,
    "theta_rel_TP9": 0.04553358713031204
  }
}