{
  "file_id": "F068",
  "participant_id": "68",
  "group_label": "never_practiced",
  "group_label_raw": "never_practiced",
  "sr_hz_used": 1000,
  "duration_s": 616.2159998416901,
  "good_window_frac": 0.2857142857142857,
  "features_median": {
    "alpha_abs_AF7": 26.978849526152572,
    "alpha_abs_AF8": 2.844430275827891,
    "alpha_abs_TP10": 44.85174395731177,
    "alpha_abs_TP9": 24.473875710076854,
    "alpha_rel_AF7": 0.18663765414776376,
    "alpha_rel_AF8": 0.08300831350990824,
    "alpha_rel_TP10": 0.14811757421572747,
    "alpha_rel_TP9": 0.12984155005108183,
    "beta_abs_AF7": 28.930406609368664,
    "beta_abs_AF8": 5.2438192797168295,
    "beta_abs_TP10": 46.44623313196259,
    "beta_abs_TP9": 20.517564916968247,
    "beta_rel_AF7": 0.14528861233428886,
    "beta_rel_AF8": 0.1760430460957803,
    "beta_rel_TP10": 0.1790741547306574,
    "beta_rel_TP9": 0.11305528576398502,
    "delta_abs_AF7": 23.568085565179175,
    "delta_abs_AF8": 20.161806051828425,
    "delta_abs_TP10": 76.8196784977763,
    "delta_abs_TP9": 48.97891538480192,
    "delta_rel_AF7": 0.18767001410103706,
    "delta_rel_AF8": 0.440858691695974,
    "delta_rel_TP10": 0.23278211308709912,
    "delta_rel_TP9": 0.29236607802768017,
    "frontal_alpha_asym": 2.025989685468706,
    "gamma_abs_AF7": 4.474499165267433,
    "gamma_abs_AF8": 1.608476622186528,
    "gamma_abs_TP10": 10.380428412789943,
    "gamma_abs_TP9": 4.622854043265276,
    "gamma_rel_AF7": 0.026863033037444507,
    "gamma_rel_AF8": 0.047866998133381036,
    "gamma_rel_TP10": 0.038911980348198504,
    "gamma_rel_TP9": 0.0264111116566194,
    "hjorth_activity_AF7": 158.21468006418132,
    "hjorth_activity_AF8": 44.320888388897146,
    "hjorth_activity_TP10": 310.14398162450954,
    "hjorth_activity_TP9": 183.30529225632029,
    "hjorth_complexity_AF7": 2.2767301357693457,
    "hjorth_complexity_AF8": 2.406431382371741,
    "hjorth_complexity_TP10": 2.212354176079569,
    "hjorth_complexity_TP9": 2.6256431575467567,
    "hjorth_mobility_AF7": 0.0730966087868701,
    "hjorth_mobility_AF8": 0.0764363707363791,
    "hjorth_mobility_TP10": 0.07763927767344492,
    "hjorth_mobility_TP9": 0.06392672646753692,
    "theta_abs_AF7": 50.21836458600793,
    "theta_abs_AF8": 4.067687057382598,
    "theta_abs_TP10": 65.78486250407548,
    "theta_abs_TP9": 41.92145130324476,
    "theta_alpha_ratio_AF7": 1.6301553974619765,
    "theta_alpha_ratio_AF8": 1.5120333902648175,
    "theta_alpha_ratio_TP10": 1.4602451984696758,
    "theta_alpha_ratio_TP9": 1.815498654120982,
    "theta_beta_ratio_AF7": 2.021015932025507,
    "theta_beta_ratio_AF8": 0.7942082839478909,
    "theta_beta_ratio_TP10": 1.3466367145742475,
    "theta_beta_ratio_TP9": 1.8800654449500909,
    "theta_rel_AF7": 0.29214988289407373,
    "theta_rel_AF8": 0.11162113065226528,
    "theta_rel_TP10": 0.21727640308625537,
    "theta_rel_TP9": 0.25202143545813843
  },
  "features_iqr": {
    "alpha_abs_AF7": 23.99251694905496,
    "alpha_abs_AF8": 4.719437996378836,
    "alpha_abs_TP10": 78.35007035288426,
    "alpha_abs_TP9": 11.469956098415146,
    "alpha_rel_AF7": 0.036584800165602754,
    "alpha_rel_AF8": 0.02900308173390865,
    "alpha_rel_TP10": 0.03024801241033348,
    "alpha_rel_TP9": 0.056368772241001563,
    "beta_abs_AF7": 22.136812795325483,
    "beta_abs_AF8": 7.49060379676988,
    "beta_abs_TP10": 108.55953807494508,
    "beta_abs_TP9": 7.436328986584105,
    "beta_rel_AF7": 0.048221792347880224,
    "beta_rel_AF8": 0.09788546288828565,
    "beta_rel_TP10": 0.05401206799137204,
    "beta_rel_TP9": 0.03492350452823567,
    "delta_abs_AF7": 51.753711483372356,
    "delta_abs_AF8": 37.895338820890146,
    "delta_abs_TP10": 154.22345784565564,
    "delta_abs_TP9": 35.216425633305,
    "delta_rel_AF7": 0.13218370634087795,
    "delta_rel_AF8": 0.2562625004609823,
    "delta_rel_TP10": 0.0756089654937209,
    "delta_rel_TP9": 0.1477779356878212,
    "frontal_alpha_asym": 0.656719969096859,
    "gamma_abs_AF7": 4.027478190485684,
    "gamma_abs_AF8": 1.1817068325921787,
    "gamma_abs_TP10": 25.745362436871588,
    "gamma_abs_TP9": 1.394575576899292,
    "gamma_rel_AF7": 0.006713564107868754,
    "gamma_rel_AF8": 0.03161285078360543,
    "gamma_rel_TP10": 0.016490570544075517,
    "gamma_rel_TP9": 0.01498447476370613,
    "hjorth_activity_AF7": 145.87871899307902,
    "hjorth_activity_AF8": 108.84791329114896,
    "hjorth_activity_TP10": 593.8162217101503,
    "hjorth_activity_TP9": 117.99945083025932,
    "hjorth_complexity_AF7": 0.22233941440917437,
    "hjorth_complexity_AF8": 0.6882327442814113,
    "hjorth_complexity_TP10": 0.2201892340804159,
    "hjorth_complexity_TP9": 0.35179257759452254,
    "hjorth_mobility_AF7": 0.010060631884240293,
    "hjorth_mobility_AF8": 0.025618573133516294,
    "hjorth_mobility_TP10": 0.009234055396245597,
    "hjorth_mobility_TP9": 0.00936421955897642,
    "theta_abs_AF7": 30.549847218699988,
    "theta_abs_AF8": 8.113728652007218,
    "theta_abs_TP10": 93.27973640960104,
    "theta_abs_TP9": 22.469332720789343,
    "theta_alpha_ratio_AF7": 0.5961046296800803,
    "theta_alpha_ratio_AF8": 0.7914740542221819,
    "theta_alpha_ratio_TP10": 0.7757770603278198,
    "theta_alpha_ratio_TP9": 0.6617869986131515,
    "theta_beta_ratio_AF7": 1.0885605774027391,
    "theta_beta_ratio_AF8": 0.39596479429602927,
    "theta_beta_ratio_TP10": 0.8488647776934252,
    "theta_beta_ratio_TP9": 1.2894447105580245,
    "theta_rel_AF7": 0.08246835324567936,
    "theta_rel_AF8": 0.07727809749610441,
    "theta_rel_TP10": 0.10335353346043097,
    "theta_rel_TP9": 0.09995807993147618
  }
}