{
  "file_id": "F070",
  "participant_id": "70",
  "group_label": "beginner",
  "group_label_raw": "beginner",
  "sr_hz_used": 1000,
  "duration_s": 609.8010001182556,
  "good_window_frac": 0.013333333333333334,
  "features_median": {
    "alpha_abs_AF7": 33.23035167416365,
    "alpha_abs_AF8": 15.181254486014744,
    "alpha_abs_TP10": 80.92177458650242,
    "alpha_abs_TP9": 79.65776951168229,
    "alpha_rel_AF7": 0.18796732320352258,
    "alpha_rel_AF8": 0.14415783358025025,
    "alpha_rel_TP10": 0.2823600276403026,
    "alpha_rel_TP9": 0.27736394011283166,
    "beta_abs_AF7": 39.31387551615485,
    "beta_abs_AF8": 27.250070884566263,
    "beta_abs_TP10": 79.00144923180676,
    "beta_abs_TP9": 93.07781610356231,
    "beta_rel_AF7": 0.22237874633368948,
    "beta_rel_AF8": 0.25876064374298974,
    "beta_rel_TP10": 0.275659443984038,
    "beta_rel_TP9": 0.324091798826924,
    "delta_abs_AF7": 17.522982242126474,
    "delta_abs_AF8": 15.465624486846437,
    "delta_abs_TP10": 19.393919832134998,
    "delta_abs_TP9": 18.031066818645915,
    "delta_rel_AF7": 0.09911866413247254,
    "delta_rel_AF8": 0.14685814818816853,
    "delta_rel_TP10": 0.06767112767654068,
    "delta_rel_TP9": 0.06278317567659135,
    "frontal_alpha_asym": 0.783402256077415,
    "gamma_abs_AF7": 8.290890401637812,
    "gamma_abs_AF8": 5.028535859495151,
    "gamma_abs_TP10": 11.764116658515922,
    "gamma_abs_TP9": 13.796816897476617,
    "gamma_rel_AF7": 0.046897381377437986,
    "gamma_rel_AF8": 0.0477498639030929,
    "gamma_rel_TP10": 0.04104848567441519,
    "gamma_rel_TP9": 0.048039752043750036,
    "hjorth_activity_AF7": 165.7778188247342,
    "hjorth_activity_AF8": 101.32182907400603,
    "hjorth_activity_TP10": 283.43253265903263,
    "hjorth_activity_TP9": 290.17332928585756,
    "hjorth_complexity_AF7": 1.9377736901683296,
    "hjorth_complexity_AF8": 1.8662115928260916,
    "hjorth_complexity_TP10": 1.7855410134814609,
    "hjorth_complexity_TP9": 1.6938563991530196,
    "hjorth_mobility_AF7": 0.08596698399549775,
    "hjorth_mobility_AF8": 0.0910943841468394,
    "hjorth_mobility_TP10": 0.09103670426342202,
    "hjorth_mobility_TP9": 0.09550953554532145,
    "theta_abs_AF7": 47.928526372039855,
    "theta_abs_AF8": 19.593221091741345,
    "theta_abs_TP10": 50.521105854557874,
    "theta_abs_TP9": 44.83763069734434,
    "theta_alpha_ratio_AF7": 1.4423117408445147,
    "theta_alpha_ratio_AF8": 1.290619369419681,
    "theta_alpha_ratio_TP10": 0.6243202909564475,
    "theta_alpha_ratio_TP9": 0.5628783102038536,
    "theta_beta_ratio_AF7": 1.2191249461616638,
    "theta_beta_ratio_AF8": 0.7190154174181514,
    "theta_beta_ratio_TP10": 0.6394959376797982,
    "theta_beta_ratio_TP9": 0.481721988915765,
    "theta_rel_AF7": 0.27110747715156436,
    "theta_rel_AF8": 0.18605289227226215,
    "theta_rel_TP10": 0.17628309461086644,
    "theta_rel_TP9": 0.1561221459221955
  },
  "features_iqr": {
    "alpha_abs_AF7": 0.0,
    "alpha_abs_AF8": 0.0,
    "alpha_abs_TP10": 0.0,
    "alpha_abs_TP9": 0.0,
    "alpha_rel_AF7": 0.0,
    "alpha_rel_AF8": 0.0,
    "alpha_rel_TP10": 0.0,
    "alpha_rel_TP9": 0.0,
    "beta_abs_AF7": 0.0,
    "beta_abs_AF8": 0.0,
    "beta_abs_TP10": 0.0,
    "beta_abs_TP9": 0.0,
    "beta_rel_AF7": 0.0,
    "beta_rel_AF8": 0.0,
    "beta_rel_TP10": 0.0,
    "beta_rel_TP9": 0.0,
    "delta_abs_AF7": 0.0,
    "delta_abs_AF8": 0.0,
    "delta_abs_TP10": 0.0,
    "delta_abs_TP9": 0.0,
    "delta_rel_AF7": 0.0,
    "delta_rel_AF8": 0.0,
    "delta_rel_TP10": 0.0,
    "delta_rel_TP9": 0.0,
    "frontal_alpha_asym": 0.0,
    "gamma_abs_AF7": 0.0,
    "gamma_abs_AF8": 0.0,
    "gamma_abs_TP10": 0.0,
    "gamma_abs_TP9": 0.0,
    "gamma_rel_AF7": 0.0,
    "gamma_rel_AF8": 0.0,
    "gamma_rel_TP10": 0.0,
    "gamma_rel_TP9": 0.0,
    "hjorth_activity_AF7": 0.0,
    "hjorth_activity_AF8": 0.0,
    "hjorth_activity_TP10": 0.0,
    "hjorth_activity_TP9": 0.0,
    "hjorth_complexity_AF7": 0.0,
    "hjorth_complexity_AF8": 0.0,
    "hjorth_complexity_TP10": 0.0,
    "hjorth_complexity_TP9": 0.0,
    "hjorth_mobility_AF7": 0.0,
    "hjorth_mobility_AF8": 0.0,
    "hjorth_mobility_TP10": 0.0,
    "hjorth_mobility_TP9": 0.0,
    "theta_abs_AF7": 0.0,
    "theta_abs_AF8": 0.0,
    "theta_abs_TP10": 0.0,
    "theta_abs_TP9": 0.0,
    "theta_alpha_ratio_AF7": 0.0,
    "theta_alpha_ratio_AF8": 0.0,
    "theta_alpha_ratio_TP10": 0.0,
    "theta_alpha_ratio_TP9": 0.0,
    "theta_beta_ratio_AF7": 0.0,
    "theta_beta_ratio_AF8": 0.0,
    "theta_beta_ratio_TP10": 0.0,
    "theta_beta_ratio_TP9": 0.0,
    "theta_rel_AF7": 0.0,
    "theta_rel_AF8": 0.0,
    "theta_rel_TP10": 0.0,
    "theta_rel_TP9": 0.0
  }
}