{
  "file_id": "F071",
  "participant_id": "71",
  "group_label": "never_practiced",
  "group_label_raw": "never_practiced",
  "sr_hz_used": 1000,
  "duration_s": 608.7229998111725,
  "good_window_frac": 0.02666666666666667,
  "features_median": {
    "alpha_abs_AF7": 1.3214923686256788,
    "alpha_abs_AF8": 1.0518200863264313,
    "alpha_abs_TP10": 2.4331079403030538,
    "alpha_abs_TP9": 2.801078651046679,
    "alpha_rel_AF7": 0.1285199868619349,
    "alpha_rel_AF8": 0.13927963522940215,
    "alpha_rel_TP10": 0.10237678530435779,
    "alpha_rel_TP9": 0.13462448952330408,
    "beta_abs_AF7": 3.465734452168718,
    "beta_abs_AF8": 2.939082673545074,
    "beta_abs_TP10": 7.479275384557056,
    "beta_abs_TP9": 6.564301648703902,
    "beta_rel_AF7": 0.33682730011867135,
    "beta_rel_AF8": 0.3835779928742934,
    "beta_rel_TP10": 0.3181208232108972,
    "beta_rel_TP9": 0.31971471003965507,
    "delta_abs_AF7": 0.6421260779535417,
    "delta_abs_AF8": 0.43047972356063013,
    "delta_abs_TP10": 1.3602029870313126,
    "delta_abs_TP9": 1.114610632391956,
    "delta_rel_AF7": 0.061558877404975294,
    "delta_rel_AF8": 0.05708320235185631,
    "delta_rel_TP10": 0.05705180205187247,
    "delta_rel_TP9": 0.054202513968255345,
    "frontal_alpha_asym": 0.22919034121533,
    "gamma_abs_AF7": 1.760823496910454,
    "gamma_abs_AF8": 1.233659721233796,
    "gamma_abs_TP10": 8.537971305949817,
    "gamma_abs_TP9": 6.193621004082492,
    "gamma_rel_AF7": 0.1726245115330782,
    "gamma_rel_AF8": 0.16224848650187318,
    "gamma_rel_TP10": 0.33878880982455806,
    "gamma_rel_TP9": 0.29269070784536894,
    "hjorth_activity_AF7": 10.328658385892506,
    "hjorth_activity_AF8": 8.037270150114477,
    "hjorth_activity_TP10": 24.80158897881927,
    "hjorth_activity_TP9": 21.17140604110307,
    "hjorth_complexity_AF7": 1.5787877093708738,
    "hjorth_complexity_AF8": 1.5757215958571371,
    "hjorth_complexity_TP10": 1.3665135375940003,
    "hjorth_complexity_TP9": 1.4485763848364592,
    "hjorth_mobility_AF7": 0.13063476988272857,
    "hjorth_mobility_AF8": 0.12686781662837304,
    "hjorth_mobility_TP10": 0.16304366690571756,
    "hjorth_mobility_TP9": 0.15046918031068385,
    "theta_abs_AF7": 1.8066374303317785,
    "theta_abs_AF8": 1.0176388487359573,
    "theta_abs_TP10": 1.8443219820454324,
    "theta_abs_TP9": 1.9218254943218538,
    "theta_alpha_ratio_AF7": 1.3564051053000794,
    "theta_alpha_ratio_AF8": 0.9882987165941629,
    "theta_alpha_ratio_TP10": 0.8209999871844144,
    "theta_alpha_ratio_TP9": 0.7386659323794409,
    "theta_beta_ratio_AF7": 0.5167227957601431,
    "theta_beta_ratio_AF8": 0.33999436948594797,
    "theta_beta_ratio_TP10": 0.2596989365524489,
    "theta_beta_ratio_TP9": 0.29357300626760136,
    "theta_rel_AF7": 0.17310916692997552,
    "theta_rel_AF8": 0.1308607111951895,
    "theta_rel_TP10": 0.08506863770896951,
    "theta_rel_TP9": 0.09684040818873861
  },
  "features_iqr": {
    "alpha_abs_AF7": 0.06075707865345015,
    "alpha_abs_AF8": 0.06660156495121017,
    "alpha_abs_TP10": 0.4481778171065911,
    "alpha_abs_TP9": 0.4137158625274724,
    "alpha_rel_AF7": 0.005218131142622706,
    "alpha_rel_AF8": 0.02067193944680093,
    "alpha_rel_TP10": 0.0029748903693787576,
    "alpha_rel_TP9": 0.007311645942863876,
    "beta_abs_AF7": 0.18637459706288295,
    "beta_abs_AF8": 0.30962028981778644,
    "beta_abs_TP10": 1.0096127310161327,
    "beta_abs_TP9": 0.04908061657643081,
    "beta_rel_AF7": 0.011045420483298818,
    "beta_rel_AF8": 0.007524249325462362,
    "beta_rel_TP10": 0.02526144180139478,
    "beta_rel_TP9": 0.027727798549384897,
    "delta_abs_AF7": 0.13502831876127153,
    "delta_abs_AF8": 0.03433347944883386,
    "delta_abs_TP10": 0.27001924815229605,
    "delta_abs_TP9": 0.026785494943618815,
    "delta_rel_AF7": 0.007766221247792263,
    "delta_rel_AF8": 0.009392266597373723,
    "delta_rel_TP10": 0.0008105288891325918,
    "delta_rel_TP9": 0.0038088248332235133,
    "frontal_alpha_asym": 0.10941367845281968,
    "gamma_abs_AF7": 0.08235109767098736,
    "gamma_abs_AF8": 0.019986578135007704,
    "gamma_abs_TP10": 3.775413741106708,
    "gamma_abs_TP9": 2.0012138502801893,
    "gamma_rel_AF7": 0.022898453036720834,
    "gamma_rel_AF8": 0.011325523049088765,
    "gamma_rel_TP10": 0.08601244551564141,
    "gamma_rel_TP9": 0.06911879042907426,
    "hjorth_activity_AF7": 0.4840815883027716,
    "hjorth_activity_AF8": 0.15273566323301857,
    "hjorth_activity_TP10": 5.539066586534659,
    "hjorth_activity_TP9": 2.4184915243844074,
    "hjorth_complexity_AF7": 0.023242483832918603,
    "hjorth_complexity_AF8": 0.018479027366499645,
    "hjorth_complexity_TP10": 0.037539412838424324,
    "hjorth_complexity_TP9": 0.05626678421368281,
    "hjorth_mobility_AF7": 0.0032387891394831114,
    "hjorth_mobility_AF8": 0.0013892796414007036,
    "hjorth_mobility_TP10": 0.007532497884739531,
    "hjorth_mobility_TP9": 0.008552805081344372,
    "theta_abs_AF7": 0.39036320840484806,
    "theta_abs_AF8": 0.27962135534381294,
    "theta_abs_TP10": 0.4640755148429987,
    "theta_abs_TP9": 0.6912681882703562,
    "theta_alpha_ratio_AF7": 0.23303350367147413,
    "theta_alpha_ratio_AF8": 0.32842460511894056,
    "theta_alpha_ratio_TP10": 0.341961605221622,
    "theta_alpha_ratio_TP9": 0.35588647295980824,
    "theta_beta_ratio_AF7": 0.0848475870295688,
    "theta_beta_ratio_AF8": 0.05932197882572593,
    "theta_beta_ratio_TP10": 0.09710444261982693,
    "theta_beta_ratio_TP9": 0.10750220970838423,
    "theta_rel_AF7": 0.022871563108281062,
    "theta_rel_AF8": 0.0253128079765729,
    "theta_rel_TP10": 0.03745131479526517,
    "theta_rel_TP9": 0.0425101709828702
  }
}