{
  "file_id": "F080",
  "participant_id": "80",
  "group_label": "beginner",
  "group_label_raw": "beginner",
  "sr_hz_used": 256,
  "duration_s": 525.75,
  "good_window_frac": 0.14559386973180077,
  "features_median": {
    "alpha_abs_AF7": 3.8921455364138575,
    "alpha_abs_AF8": 5.363698253990147,
    "alpha_abs_TP10": 7.173164606785009,
    "alpha_abs_TP9": 10.785122698752215,
    "alpha_rel_AF7": 0.05669193274419798,
    "alpha_rel_AF8": 0.04317732304357986,
    "alpha_rel_TP10": 0.0705939886764868,
    "alpha_rel_TP9": 0.001771349518612899,
    "beta_abs_AF7": 29.047473452869845,
    "beta_abs_AF8": 71.5238752754307,
    "beta_abs_TP10": 32.498698627756724,
    "beta_abs_TP9": 75.12676829268874,
    "beta_rel_AF7": 0.442865676833051,
    "beta_rel_AF8": 0.5001672975671935,
    "beta_rel_TP10": 0.3206425594501375,
    "beta_rel_TP9": 0.012106239257182072,
    "delta_abs_AF7": 7.111264665955137,
    "delta_abs_AF8": 7.063758499882101,
    "delta_abs_TP10": 20.03197100317954,
    "delta_abs_TP9": 14.920758134095212,
    "delta_rel_AF7": 0.10064237674822349,
    "delta_rel_AF8": 0.04444442688813684,
    "delta_rel_TP10": 0.19808239371435388,
    "delta_rel_TP9": 0.002579612796305742,
    "frontal_alpha_asym": -0.38385061302663115,
    "gamma_abs_AF7": 15.74865653473462,
    "gamma_abs_AF8": 32.03817765492049,
    "gamma_abs_TP10": 15.108633040569243,
    "gamma_abs_TP9": 36.592794226244436,
    "gamma_rel_AF7": 0.24604966710274256,
    "gamma_rel_AF8": 0.23904463882299007,
    "gamma_rel_TP10": 0.13179785177593958,
    "gamma_rel_TP9": 0.005631387680999226,
    "hjorth_activity_AF7": 69.18503488367641,
    "hjorth_activity_AF8": 139.74778909250062,
    "hjorth_activity_TP10": 102.43887747698196,
    "hjorth_activity_TP9": 6407.297672371982,
    "hjorth_complexity_AF7": 1.3501698432442335,
    "hjorth_complexity_AF8": 1.2354314173597043,
    "hjorth_complexity_TP10": 1.6636053071713606,
    "hjorth_complexity_TP9": 2.43067529622942,
    "hjorth_mobility_AF7": 0.575845277505713,
    "hjorth_mobility_AF8": 0.6221687416220053,
    "hjorth_mobility_TP10": 0.45660733634796674,
    "hjorth_mobility_TP9": 0.17358600482977246,
    "theta_abs_AF7": 4.0128695919352815,
    "theta_abs_AF8": 4.870396001204099,
    "theta_abs_TP10": 10.67137035789041,
    "theta_abs_TP9": 5744.478763905074,
    "theta_alpha_ratio_AF7": 1.1347221508153975,
    "theta_alpha_ratio_AF8": 0.8874058694826727,
    "theta_alpha_ratio_TP10": 1.428397790073256,
    "theta_alpha_ratio_TP9": 509.2607183560617,
    "theta_beta_ratio_AF7": 0.14025084058399148,
    "theta_beta_ratio_AF8": 0.0719300113591024,
    "theta_beta_ratio_TP10": 0.3769029165715134,
    "theta_beta_ratio_TP9": 75.15982737297242,
    "theta_rel_AF7": 0.06203333095677921,
    "theta_rel_AF8": 0.038424903916134186,
    "theta_rel_TP10": 0.11041018484693979,
    "theta_rel_TP9": 0.8990425716308148
  },
  "features_iqr": {
    "alpha_abs_AF7": 1.423078448892916,
    "alpha_abs_AF8": 3.7409703771842,
    "alpha_abs_TP10": 4.773304655216661,
    "alpha_abs_TP9": 10.066872272537573,
    "alpha_rel_AF7": 0.026733889381522484,
    "alpha_rel_AF8": 0.02580568634043505,
    "alpha_rel_TP10": 0.03286639757151985,
    "alpha_rel_TP9": 0.0019118316952342585,
    "beta_abs_AF7": 16.441223817658138,
    "beta_abs_AF8": 42.742877555558835,
    "beta_abs_TP10": 10.231929840216736,
    "beta_abs_TP9": 14.145130082266377,
    "beta_rel_AF7": 0.16821406380364734,
    "beta_rel_AF8": 0.14869949194075543,
    "beta_rel_TP10": 0.10148826574401859,
    "beta_rel_TP9": 0.004506063465973497,
    "delta_abs_AF7": 8.719264235325664,
    "delta_abs_AF8": 6.936652008021278,
    "delta_abs_TP10": 13.456002308693078,
    "delta_abs_TP9": 27.387570906323567,
    "delta_rel_AF7": 0.19660619959342124,
    "delta_rel_AF8": 0.11401952417585319,
    "delta_rel_TP10": 0.13090973806503098,
    "delta_rel_TP9": 0.004726009254765405,
    "frontal_alpha_asym": 0.40542664178316057,
    "gamma_abs_AF7": 10.919337868225384,
    "gamma_abs_AF8": 29.949657284646293,
    "gamma_abs_TP10": 8.725326658106477,
    "gamma_abs_TP9": 42.94879690878842,
    "gamma_rel_AF7": 0.119064976315365,
    "gamma_rel_AF8": 0.07907973007415081,
    "gamma_rel_TP10": 0.06976205658326945,
    "gamma_rel_TP9": 0.013750812718818667,
    "hjorth_activity_AF7": 24.915980636528033,
    "hjorth_activity_AF8": 59.67120667126292,
    "hjorth_activity_TP10": 41.54708804785071,
    "hjorth_activity_TP9": 1300.8683050849268,
    "hjorth_complexity_AF7": 0.384030804238209,
    "hjorth_complexity_AF8": 0.2098154742752063,
    "hjorth_complexity_TP10": 0.3629429402447131,
    "hjorth_complexity_TP9": 0.4199936391169805,
    "hjorth_mobility_AF7": 0.1473484582238151,
    "hjorth_mobility_AF8": 0.10289401226939998,
    "hjorth_mobility_TP10": 0.1093107972827656,
    "hjorth_mobility_TP9": 0.0409189598694627,
    "theta_abs_AF7": 1.999302688634188,
    "theta_abs_AF8": 3.0305865631690407,
    "theta_abs_TP10": 7.236893284959791,
    "theta_abs_TP9": 1771.0229737757036,
    "theta_alpha_ratio_AF7": 0.7153354737835911,
    "theta_alpha_ratio_AF8": 0.728480086852922,
    "theta_alpha_ratio_TP10": 1.1128814885737353,
    "theta_alpha_ratio_TP9": 502.4174086709299,
    "theta_beta_ratio_AF7": 0.1635791070844194,
    "theta_beta_ratio_AF8": 0.07739167751047143,
    "theta_beta_ratio_TP10": 0.29655440974853664,
    "theta_beta_ratio_TP9": 28.6702337679814,
    "theta_rel_AF7": 0.040831205118975644,
    "theta_rel_AF8": 0.03386037412275816,
    "theta_rel_TP10": 0.05262353899356512,
    "theta_rel_TP9": 0.037792940290873434
  }
}