{
  "file_id": "F081",
  "participant_id": "81",
  "group_label": "never_practiced",
  "group_label_raw": "never_practiced",
  "sr_hz_used": 256,
  "duration_s": 422.625,
  "good_window_frac": 0.6095238095238096,
  "features_median": {
    "alpha_abs_AF7": 3.4326839056297658,
    "alpha_abs_AF8": 2.941184886691959,
    "alpha_abs_TP10": 10.36959809322062,
    "alpha_abs_TP9": 13.835218646770564,
    "alpha_rel_AF7": 0.06177096610976261,
    "alpha_rel_AF8": 0.061988758927709664,
    "alpha_rel_TP10": 0.1553177543952624,
    "alpha_rel_TP9": 0.09825715042315766,
    "beta_abs_AF7": 21.37652800714961,
    "beta_abs_AF8": 20.296329950300354,
    "beta_abs_TP10": 18.16950919348262,
    "beta_abs_TP9": 39.17077380334305,
    "beta_rel_AF7": 0.4637575162200059,
    "beta_rel_AF8": 0.4695388951787475,
    "beta_rel_TP10": 0.3245225548718847,
    "beta_rel_TP9": 0.3193454193197479,
    "delta_abs_AF7": 2.2966045619818773,
    "delta_abs_AF8": 2.9786287919390686,
    "delta_abs_TP10": 4.986924273654558,
    "delta_abs_TP9": 18.888221648584448,
    "delta_rel_AF7": 0.04676562118326606,
    "delta_rel_AF8": 0.0733916391620469,
    "delta_rel_TP10": 0.09584657973338398,
    "delta_rel_TP9": 0.16491725958418985,
    "frontal_alpha_asym": 0.03964679871483012,
    "gamma_abs_AF7": 12.307872157709053,
    "gamma_abs_AF8": 9.28440717798097,
    "gamma_abs_TP10": 7.270631705687436,
    "gamma_abs_TP9": 19.702623363683337,
    "gamma_rel_AF7": 0.268004783048561,
    "gamma_rel_AF8": 0.2231144122897711,
    "gamma_rel_TP10": 0.11687279101640331,
    "gamma_rel_TP9": 0.16083706010602652,
    "hjorth_activity_AF7": 47.68074543507379,
    "hjorth_activity_AF8": 42.91624040080903,
    "hjorth_activity_TP10": 55.460152823323384,
    "hjorth_activity_TP9": 127.68768957286402,
    "hjorth_complexity_AF7": 1.286966527051888,
    "hjorth_complexity_AF8": 1.3316773226931875,
    "hjorth_complexity_TP10": 1.5749751335190845,
    "hjorth_complexity_TP9": 1.5352815055310898,
    "hjorth_mobility_AF7": 0.6058065148783842,
    "hjorth_mobility_AF8": 0.5799459748972409,
    "hjorth_mobility_TP10": 0.46323937980417607,
    "hjorth_mobility_TP9": 0.5051138712680558,
    "theta_abs_AF7": 2.801691148633455,
    "theta_abs_AF8": 3.0973309004600122,
    "theta_abs_TP10": 5.768245666089746,
    "theta_abs_TP9": 12.74651258216055,
    "theta_alpha_ratio_AF7": 0.8619926067487791,
    "theta_alpha_ratio_AF8": 1.153748336092277,
    "theta_alpha_ratio_TP10": 0.7259125668543136,
    "theta_alpha_ratio_TP9": 1.1623414112797992,
    "theta_beta_ratio_AF7": 0.11527845781105092,
    "theta_beta_ratio_AF8": 0.15221334099967668,
    "theta_beta_ratio_TP10": 0.32117883281717147,
    "theta_beta_ratio_TP9": 0.33264562368090805,
    "theta_rel_AF7": 0.05552733655086042,
    "theta_rel_AF8": 0.07170766223707192,
    "theta_rel_TP10": 0.10651753340925321,
    "theta_rel_TP9": 0.10159083126653864
  },
  "features_iqr": {
    "alpha_abs_AF7": 1.7953714378418204,
    "alpha_abs_AF8": 2.2413335846062448,
    "alpha_abs_TP10": 7.474377176689468,
    "alpha_abs_TP9": 8.278938183340225,
    "alpha_rel_AF7": 0.026858443222379395,
    "alpha_rel_AF8": 0.02836938696845024,
    "alpha_rel_TP10": 0.16850427541616872,
    "alpha_rel_TP9": 0.09509667081660456,
    "beta_abs_AF7": 12.1728099955916,
    "beta_abs_AF8": 8.815967987228262,
    "beta_abs_TP10": 5.1411537360900965,
    "beta_abs_TP9": 9.658487200882853,
    "beta_rel_AF7": 0.05743724515233245,
    "beta_rel_AF8": 0.10125204453144054,
    "beta_rel_TP10": 0.2229338890017912,
    "beta_rel_TP9": 0.2702527092693275,
    "delta_abs_AF7": 1.8848362646223582,
    "delta_abs_AF8": 4.7786032972686625,
    "delta_abs_TP10": 41.72331424008299,
    "delta_abs_TP9": 129.15855285995855,
    "delta_rel_AF7": 0.023986504029410882,
    "delta_rel_AF8": 0.061550698201624614,
    "delta_rel_TP10": 0.2245261294580509,
    "delta_rel_TP9": 0.28936019543012625,
    "frontal_alpha_asym": 0.5734061126195134,
    "gamma_abs_AF7": 7.134206372611683,
    "gamma_abs_AF8": 6.889299347218923,
    "gamma_abs_TP10": 2.791725565433336,
    "gamma_abs_TP9": 7.380117602886674,
    "gamma_rel_AF7": 0.04612810527004557,
    "gamma_rel_AF8": 0.043748115056149894,
    "gamma_rel_TP10": 0.07007046889058335,
    "gamma_rel_TP9": 0.11834050961021778,
    "hjorth_activity_AF7": 25.199245907326855,
    "hjorth_activity_AF8": 43.07520371128426,
    "hjorth_activity_TP10": 112.26283291430171,
    "hjorth_activity_TP9": 231.71191471100187,
    "hjorth_complexity_AF7": 0.04254157873935749,
    "hjorth_complexity_AF8": 0.08699351567766267,
    "hjorth_complexity_TP10": 0.6874786698398048,
    "hjorth_complexity_TP9": 0.9833091061188481,
    "hjorth_mobility_AF7": 0.02663874505951558,
    "hjorth_mobility_AF8": 0.03878188982156572,
    "hjorth_mobility_TP10": 0.16090024242775658,
    "hjorth_mobility_TP9": 0.20927447835554114,
    "theta_abs_AF7": 1.7417022017751589,
    "theta_abs_AF8": 2.895637977225844,
    "theta_abs_TP10": 9.768788509050985,
    "theta_abs_TP9": 31.2281068612356,
    "theta_alpha_ratio_AF7": 0.44994159253718957,
    "theta_alpha_ratio_AF8": 0.8059867671328416,
    "theta_alpha_ratio_TP10": 1.9975186947694539,
    "theta_alpha_ratio_TP9": 2.7571554864337493,
    "theta_beta_ratio_AF7": 0.05900762961835335,
    "theta_beta_ratio_AF8": 0.09469606321807512,
    "theta_beta_ratio_TP10": 0.435705263717191,
    "theta_beta_ratio_TP9": 0.8439955441600614,
    "theta_rel_AF7": 0.02154436453510894,
    "theta_rel_AF8": 0.03283515769658841,
    "theta_rel_TP10": 0.06254582120421445,
    "theta_rel_TP9": 0.07802262503074858
  }
}