{
  "file_id": "F082",
  "participant_id": "82",
  "group_label": "never_practiced",
  "group_label_raw": "never_practiced",
  "sr_hz_used": 256,
  "duration_s": 426.515625,
  "good_window_frac": 0.3584905660377358,
  "features_median": {
    "alpha_abs_AF7": 3.7661353000487354,
    "alpha_abs_AF8": 2.570361781299347,
    "alpha_abs_TP10": 8.862651982542591,
    "alpha_abs_TP9": 10.596965095622672,
    "alpha_rel_AF7": 0.046689929460652396,
    "alpha_rel_AF8": 0.07281652246083464,
    "alpha_rel_TP10": 0.023749430441217127,
    "alpha_rel_TP9": 0.03388480432358322,
    "beta_abs_AF7": 25.054395672333296,
    "beta_abs_AF8": 11.528552180578608,
    "beta_abs_TP10": 18.071483596455085,
    "beta_abs_TP9": 25.294755306257414,
    "beta_rel_AF7": 0.33769137530595994,
    "beta_rel_AF8": 0.3472701816950597,
    "beta_rel_TP10": 0.05070329343068242,
    "beta_rel_TP9": 0.06794147369361006,
    "delta_abs_AF7": 16.033571475967015,
    "delta_abs_AF8": 4.7105282138177325,
    "delta_abs_TP10": 238.22022594748387,
    "delta_abs_TP9": 253.02437201013183,
    "delta_rel_AF7": 0.18203483571536588,
    "delta_rel_AF8": 0.1467930781982462,
    "delta_rel_TP10": 0.5366460995794828,
    "delta_rel_TP9": 0.46265769164982506,
    "frontal_alpha_asym": 0.36371414617084924,
    "gamma_abs_AF7": 17.38106272382575,
    "gamma_abs_AF8": 5.658129037933664,
    "gamma_abs_TP10": 9.34273714481914,
    "gamma_abs_TP9": 13.063780652652255,
    "gamma_rel_AF7": 0.2227357196153928,
    "gamma_rel_AF8": 0.18814482656057654,
    "gamma_rel_TP10": 0.030530454081791194,
    "gamma_rel_TP9": 0.04300045681875252,
    "hjorth_activity_AF7": 84.85647046970466,
    "hjorth_activity_AF8": 33.1704583782807,
    "hjorth_activity_TP10": 461.1998213997141,
    "hjorth_activity_TP9": 544.6554908083921,
    "hjorth_complexity_AF7": 1.452408863870671,
    "hjorth_complexity_AF8": 1.5135947426175693,
    "hjorth_complexity_TP10": 3.4891927374871425,
    "hjorth_complexity_TP9": 2.808577735449006,
    "hjorth_mobility_AF7": 0.5358571039549698,
    "hjorth_mobility_AF8": 0.5138996105278542,
    "hjorth_mobility_TP10": 0.2065910184286771,
    "hjorth_mobility_TP9": 0.272404161166501,
    "theta_abs_AF7": 5.956898058894871,
    "theta_abs_AF8": 3.6963400859647435,
    "theta_abs_TP10": 58.490896887241384,
    "theta_abs_TP9": 72.1889415041028,
    "theta_alpha_ratio_AF7": 1.5177331801486267,
    "theta_alpha_ratio_AF8": 1.3742598283148455,
    "theta_alpha_ratio_TP10": 5.181912162177949,
    "theta_alpha_ratio_TP9": 4.985003927430805,
    "theta_beta_ratio_AF7": 0.2280892521538636,
    "theta_beta_ratio_AF8": 0.302719606025185,
    "theta_beta_ratio_TP10": 1.8624543859761369,
    "theta_beta_ratio_TP9": 2.056578718173032,
    "theta_rel_AF7": 0.08009893568459321,
    "theta_rel_AF8": 0.09713559250263423,
    "theta_rel_TP10": 0.1358445849692656,
    "theta_rel_TP9": 0.15083666403632795
  },
  "features_iqr": {
    "alpha_abs_AF7": 1.7530878122515086,
    "alpha_abs_AF8": 1.1139798932878922,
    "alpha_abs_TP10": 5.526662199957308,
    "alpha_abs_TP9": 5.677522813346897,
    "alpha_rel_AF7": 0.03415025185776968,
    "alpha_rel_AF8": 0.030630621882098044,
    "alpha_rel_TP10": 0.05469882398236502,
    "alpha_rel_TP9": 0.056661348973971994,
    "beta_abs_AF7": 17.87645096510216,
    "beta_abs_AF8": 4.901095600577452,
    "beta_abs_TP10": 5.382402459742098,
    "beta_abs_TP9": 11.15399074254184,
    "beta_rel_AF7": 0.13649686507216846,
    "beta_rel_AF8": 0.14726494271413731,
    "beta_rel_TP10": 0.1738265365649855,
    "beta_rel_TP9": 0.14221998403404018,
    "delta_abs_AF7": 24.30197939154154,
    "delta_abs_AF8": 10.378755199678917,
    "delta_abs_TP10": 380.5371627915106,
    "delta_abs_TP9": 347.28284005635453,
    "delta_rel_AF7": 0.1969774024729728,
    "delta_rel_AF8": 0.16366804070037544,
    "delta_rel_TP10": 0.3196180996019144,
    "delta_rel_TP9": 0.2873495792191362,
    "frontal_alpha_asym": 0.5303614357621225,
    "gamma_abs_AF7": 13.727795997251938,
    "gamma_abs_AF8": 3.4259572767568516,
    "gamma_abs_TP10": 4.349928594521966,
    "gamma_abs_TP9": 9.01936208391697,
    "gamma_rel_AF7": 0.11187314047207111,
    "gamma_rel_AF8": 0.08644294469837496,
    "gamma_rel_TP10": 0.09064321256184733,
    "gamma_rel_TP9": 0.0945117422145783,
    "hjorth_activity_AF7": 58.3456284476306,
    "hjorth_activity_AF8": 21.002816585515532,
    "hjorth_activity_TP10": 647.5420080539128,
    "hjorth_activity_TP9": 649.0179047027107,
    "hjorth_complexity_AF7": 0.2556264881762471,
    "hjorth_complexity_AF8": 0.3124493441590952,
    "hjorth_complexity_TP10": 2.275418120400277,
    "hjorth_complexity_TP9": 1.8208697368798323,
    "hjorth_mobility_AF7": 0.09278350721021933,
    "hjorth_mobility_AF8": 0.10098298310864184,
    "hjorth_mobility_TP10": 0.22879702400278812,
    "hjorth_mobility_TP9": 0.21574850250969124,
    "theta_abs_AF7": 7.213944316863744,
    "theta_abs_AF8": 2.967782057168343,
    "theta_abs_TP10": 76.66891106601238,
    "theta_abs_TP9": 78.94885172239657,
    "theta_alpha_ratio_AF7": 1.7483962766763685,
    "theta_alpha_ratio_AF8": 0.7104641924697022,
    "theta_alpha_ratio_TP10": 6.902583451062546,
    "theta_alpha_ratio_TP9": 5.642527277424429,
    "theta_beta_ratio_AF7": 0.21185989056751603,
    "theta_beta_ratio_AF8": 0.24587159179580256,
    "theta_beta_ratio_TP10": 3.6811841047174516,
    "theta_beta_ratio_TP9": 2.5697646524467403,
    "theta_rel_AF7": 0.05140348119717708,
    "theta_rel_AF8": 0.05913627586735801,
    "theta_rel_TP10": 0.0737154247814476,
    "theta_rel_TP9": 0.0489303076486485
  }
}