{
  "file_id": "F083",
  "participant_id": "83",
  "group_label": "never_practiced",
  "group_label_raw": "never_practiced",
  "sr_hz_used": 256,
  "duration_s": 376.21875,
  "good_window_frac": 0.47058823529411764,
  "features_median": {
    "alpha_abs_AF7": 8.687242922520895,
    "alpha_abs_AF8": 4.1986338406785455,
    "alpha_abs_TP10": 14.633846220635819,
    "alpha_abs_TP9": 16.957471207961802,
    "alpha_rel_AF7": 0.0737820112645611,
    "alpha_rel_AF8": 0.07187634337392895,
    "alpha_rel_TP10": 0.13553630158019683,
    "alpha_rel_TP9": 0.15177103559124458,
    "beta_abs_AF7": 32.16369689478529,
    "beta_abs_AF8": 22.564124234119813,
    "beta_abs_TP10": 34.44885440579182,
    "beta_abs_TP9": 24.82229107808468,
    "beta_rel_AF7": 0.2177564813869166,
    "beta_rel_AF8": 0.4069603515692317,
    "beta_rel_TP10": 0.3288400011844442,
    "beta_rel_TP9": 0.24889833575586606,
    "delta_abs_AF7": 29.15406980681088,
    "delta_abs_AF8": 5.8461597943751915,
    "delta_abs_TP10": 7.387331279502046,
    "delta_abs_TP9": 8.825018229564145,
    "delta_rel_AF7": 0.2705381855230098,
    "delta_rel_AF8": 0.09642632673139509,
    "delta_rel_TP10": 0.07108265223289925,
    "delta_rel_TP9": 0.08836348545371941,
    "frontal_alpha_asym": 0.8791534693091378,
    "gamma_abs_AF7": 12.13691096687404,
    "gamma_abs_AF8": 10.543487603648028,
    "gamma_abs_TP10": 16.491741614047555,
    "gamma_abs_TP9": 14.660721187172694,
    "gamma_rel_AF7": 0.08374347026445864,
    "gamma_rel_AF8": 0.18344016142667893,
    "gamma_rel_TP10": 0.15949805620359697,
    "gamma_rel_TP9": 0.12530435000342183,
    "hjorth_activity_AF7": 132.01240814756858,
    "hjorth_activity_AF8": 63.69839666380424,
    "hjorth_activity_TP10": 113.72303628803314,
    "hjorth_activity_TP9": 104.70085534263075,
    "hjorth_complexity_AF7": 1.9342202948159075,
    "hjorth_complexity_AF8": 1.3919895349250844,
    "hjorth_complexity_TP10": 1.5548299002632415,
    "hjorth_complexity_TP9": 1.6890984770411936,
    "hjorth_mobility_AF7": 0.376218186132692,
    "hjorth_mobility_AF8": 0.547356563835176,
    "hjorth_mobility_TP10": 0.48663989780675765,
    "hjorth_mobility_TP9": 0.44465838957430287,
    "theta_abs_AF7": 19.30968229494414,
    "theta_abs_AF8": 5.5012250770477,
    "theta_abs_TP10": 14.15552491243721,
    "theta_abs_TP9": 16.207306837317525,
    "theta_alpha_ratio_AF7": 2.297153388649612,
    "theta_alpha_ratio_AF8": 1.3851006302955136,
    "theta_alpha_ratio_TP10": 0.9990412270706337,
    "theta_alpha_ratio_TP9": 1.0887401660798115,
    "theta_beta_ratio_AF7": 0.7280799027378384,
    "theta_beta_ratio_AF8": 0.2490974246411511,
    "theta_beta_ratio_TP10": 0.4253879440339875,
    "theta_beta_ratio_TP9": 0.6520001685884231,
    "theta_rel_AF7": 0.16068158816021127,
    "theta_rel_AF8": 0.1000531525796966,
    "theta_rel_TP10": 0.13934341411845413,
    "theta_rel_TP9": 0.1519355122063499
  },
  "features_iqr": {
    "alpha_abs_AF7": 18.704629098661602,
    "alpha_abs_AF8": 2.2639999728915283,
    "alpha_abs_TP10": 5.513258202770192,
    "alpha_abs_TP9": 7.438284542774774,
    "alpha_rel_AF7": 0.02880152067370445,
    "alpha_rel_AF8": 0.025683963449784034,
    "alpha_rel_TP10": 0.054446699714704186,
    "alpha_rel_TP9": 0.0676970404590596,
    "beta_abs_AF7": 35.40164414412557,
    "beta_abs_AF8": 9.408748756086908,
    "beta_abs_TP10": 13.254432234359115,
    "beta_abs_TP9": 9.787064331732221,
    "beta_rel_AF7": 0.13769440376716569,
    "beta_rel_AF8": 0.11990037276443233,
    "beta_rel_TP10": 0.09224700245158662,
    "beta_rel_TP9": 0.09087771148652271,
    "delta_abs_AF7": 85.22567841905865,
    "delta_abs_AF8": 5.903888417785467,
    "delta_abs_TP10": 5.546891653825618,
    "delta_abs_TP9": 11.796209096799565,
    "delta_rel_AF7": 0.17947926869321953,
    "delta_rel_AF8": 0.08057353922892305,
    "delta_rel_TP10": 0.05024540679509952,
    "delta_rel_TP9": 0.08288961575659391,
    "frontal_alpha_asym": 1.6432484797269458,
    "gamma_abs_AF7": 11.320438591922526,
    "gamma_abs_AF8": 7.6989011121027575,
    "gamma_abs_TP10": 8.580225183109304,
    "gamma_abs_TP9": 8.736137865398245,
    "gamma_rel_AF7": 0.08200890688270664,
    "gamma_rel_AF8": 0.051936818519963734,
    "gamma_rel_TP10": 0.0652343360778446,
    "gamma_rel_TP9": 0.0928055323600597,
    "hjorth_activity_AF7": 255.29892993206045,
    "hjorth_activity_AF8": 38.28574671352642,
    "hjorth_activity_TP10": 37.07952048587849,
    "hjorth_activity_TP9": 41.470504608610966,
    "hjorth_complexity_AF7": 0.6632106231324328,
    "hjorth_complexity_AF8": 0.14433953961575097,
    "hjorth_complexity_TP10": 0.18371914715093474,
    "hjorth_complexity_TP9": 0.308069186130292,
    "hjorth_mobility_AF7": 0.14734702159699586,
    "hjorth_mobility_AF8": 0.05403008237316509,
    "hjorth_mobility_TP10": 0.06864252306665924,
    "hjorth_mobility_TP9": 0.09495632094684625,
    "theta_abs_AF7": 47.89306332307407,
    "theta_abs_AF8": 4.333126445218105,
    "theta_abs_TP10": 6.509874312481962,
    "theta_abs_TP9": 10.560005372014638,
    "theta_alpha_ratio_AF7": 1.1335822389194137,
    "theta_alpha_ratio_AF8": 0.7238556530197768,
    "theta_alpha_ratio_TP10": 0.3982650478773917,
    "theta_alpha_ratio_TP9": 0.5130826085648538,
    "theta_beta_ratio_AF7": 0.8785087360363915,
    "theta_beta_ratio_AF8": 0.13867980506704763,
    "theta_beta_ratio_TP10": 0.2486010232036011,
    "theta_beta_ratio_TP9": 0.3659974268744159,
    "theta_rel_AF7": 0.06628399525022122,
    "theta_rel_AF8": 0.03559660858106406,
    "theta_rel_TP10": 0.048004194850148396,
    "theta_rel_TP9": 0.051734552241965825
  }
}