{
  "file_id": "F084",
  "participant_id": "84",
  "group_label": "never_practiced",
  "group_label_raw": "never_practiced",
  "sr_hz_used": 256,
  "duration_s": 367.921875,
  "good_window_frac": 0.21428571428571427,
  "features_median": {
    "alpha_abs_AF7": 3.9166484635775842,
    "alpha_abs_AF8": 5.456395200811494,
    "alpha_abs_TP10": 20.3707808481553,
    "alpha_abs_TP9": 19.6028920065773,
    "alpha_rel_AF7": 0.07702655531619716,
    "alpha_rel_AF8": 0.036717189182445105,
    "alpha_rel_TP10": 0.048386145600684875,
    "alpha_rel_TP9": 0.05410366266401563,
    "beta_abs_AF7": 15.73679081397544,
    "beta_abs_AF8": 56.972205808787606,
    "beta_abs_TP10": 18.64806009692959,
    "beta_abs_TP9": 23.24790767462924,
    "beta_rel_AF7": 0.360097543485197,
    "beta_rel_AF8": 0.3450121871762441,
    "beta_rel_TP10": 0.038745853151351664,
    "beta_rel_TP9": 0.0569074102452655,
    "delta_abs_AF7": 6.755111591041684,
    "delta_abs_AF8": 25.906452705766533,
    "delta_abs_TP10": 189.8907258170694,
    "delta_abs_TP9": 164.8054012540194,
    "delta_rel_AF7": 0.15775740350529407,
    "delta_rel_AF8": 0.1414520804720225,
    "delta_rel_TP10": 0.3553627147471692,
    "delta_rel_TP9": 0.350527186209738,
    "frontal_alpha_asym": -0.5587272312228206,
    "gamma_abs_AF7": 6.900133737142876,
    "gamma_abs_AF8": 39.70519170549645,
    "gamma_abs_TP10": 7.080903798258663,
    "gamma_abs_TP9": 10.704530901467518,
    "gamma_rel_AF7": 0.17000536269761365,
    "gamma_rel_AF8": 0.24215956906573324,
    "gamma_rel_TP10": 0.014182406476318741,
    "gamma_rel_TP9": 0.02493846020569431,
    "hjorth_activity_AF7": 43.06216693980939,
    "hjorth_activity_AF8": 176.16276320641907,
    "hjorth_activity_TP10": 541.079043389298,
    "hjorth_activity_TP9": 496.55499914024904,
    "hjorth_complexity_AF7": 1.5266552415084589,
    "hjorth_complexity_AF8": 1.4007588710617809,
    "hjorth_complexity_TP10": 3.5236786332520054,
    "hjorth_complexity_TP9": 3.1808687541745884,
    "hjorth_mobility_AF7": 0.503180815181742,
    "hjorth_mobility_AF8": 0.5526369168912729,
    "hjorth_mobility_TP10": 0.1823311934754541,
    "hjorth_mobility_TP9": 0.22664946516581636,
    "theta_abs_AF7": 5.228367466999284,
    "theta_abs_AF8": 16.98087861839011,
    "theta_abs_TP10": 122.16226679487062,
    "theta_abs_TP9": 113.06032865565183,
    "theta_alpha_ratio_AF7": 1.4231208151891492,
    "theta_alpha_ratio_AF8": 2.7910084698390443,
    "theta_alpha_ratio_TP10": 5.027721822109117,
    "theta_alpha_ratio_TP9": 5.180189350613079,
    "theta_beta_ratio_AF7": 0.36375008488661137,
    "theta_beta_ratio_AF8": 0.29480266008616934,
    "theta_beta_ratio_TP10": 6.282575427970877,
    "theta_beta_ratio_TP9": 4.603689735258167,
    "theta_rel_AF7": 0.12716603073965926,
    "theta_rel_AF8": 0.1048579618222119,
    "theta_rel_TP10": 0.24911404321726768,
    "theta_rel_TP9": 0.24151617540911965
  },
  "features_iqr": {
    "alpha_abs_AF7": 1.5866231283532732,
    "alpha_abs_AF8": 4.122415841086495,
    "alpha_abs_TP10": 18.054651454919053,
    "alpha_abs_TP9": 12.8565327666997,
    "alpha_rel_AF7": 0.03491092335224144,
    "alpha_rel_AF8": 0.015115385290942921,
    "alpha_rel_TP10": 0.03210461377684616,
    "alpha_rel_TP9": 0.029355133249100024,
    "beta_abs_AF7": 4.212329872151358,
    "beta_abs_AF8": 70.84278384729373,
    "beta_abs_TP10": 5.508793668963321,
    "beta_abs_TP9": 7.592921522316608,
    "beta_rel_AF7": 0.1316756910703739,
    "beta_rel_AF8": 0.13214713739331324,
    "beta_rel_TP10": 0.19967789187215954,
    "beta_rel_TP9": 0.12157746171521068,
    "delta_abs_AF7": 6.381427858521757,
    "delta_abs_AF8": 23.744182227293827,
    "delta_abs_TP10": 232.07846052134988,
    "delta_abs_TP9": 209.35401515816122,
    "delta_rel_AF7": 0.08738075862928446,
    "delta_rel_AF8": 0.11105959742576074,
    "delta_rel_TP10": 0.15764782902921215,
    "delta_rel_TP9": 0.14357877669994296,
    "frontal_alpha_asym": 0.4811222261204031,
    "gamma_abs_AF7": 4.295615229450702,
    "gamma_abs_AF8": 48.40303077324314,
    "gamma_abs_TP10": 3.072320304909308,
    "gamma_abs_TP9": 3.1982911951324375,
    "gamma_rel_AF7": 0.05653830817000957,
    "gamma_rel_AF8": 0.09374685231230051,
    "gamma_rel_TP10": 0.0687959793854036,
    "gamma_rel_TP9": 0.06563537848835485,
    "hjorth_activity_AF7": 22.57210561297412,
    "hjorth_activity_AF8": 175.59518028443466,
    "hjorth_activity_TP10": 585.3215777083662,
    "hjorth_activity_TP9": 467.51492648511686,
    "hjorth_complexity_AF7": 0.14388261745509756,
    "hjorth_complexity_AF8": 0.21422602404434277,
    "hjorth_complexity_TP10": 1.6685199700868716,
    "hjorth_complexity_TP9": 1.4528981192257984,
    "hjorth_mobility_AF7": 0.053571169606084545,
    "hjorth_mobility_AF8": 0.0846770258554349,
    "hjorth_mobility_TP10": 0.1995698933430925,
    "hjorth_mobility_TP9": 0.19085269013902317,
    "theta_abs_AF7": 4.036641659165284,
    "theta_abs_AF8": 16.125005370675666,
    "theta_abs_TP10": 164.28873459661907,
    "theta_abs_TP9": 137.62569252454657,
    "theta_alpha_ratio_AF7": 1.067561896366842,
    "theta_alpha_ratio_AF8": 1.3360901881951772,
    "theta_alpha_ratio_TP10": 4.254118292276699,
    "theta_alpha_ratio_TP9": 3.9179480081628935,
    "theta_beta_ratio_AF7": 0.33528455959793346,
    "theta_beta_ratio_AF8": 0.24905941556969433,
    "theta_beta_ratio_TP10": 8.390908439600262,
    "theta_beta_ratio_TP9": 5.333026501060653,
    "theta_rel_AF7": 0.05732431924543674,
    "theta_rel_AF8": 0.0633679229139871,
    "theta_rel_TP10": 0.06383771183143364,
    "theta_rel_TP9": 0.07729423104241434
  }
}