{
  "file_id": "F085",
  "participant_id": "85",
  "group_label": "never_practiced",
  "group_label_raw": "never_practiced",
  "sr_hz_used": 256,
  "duration_s": 369.515625,
  "good_window_frac": 0.366120218579235,
  "features_median": {
    "alpha_abs_AF7": 2.2874817663980336,
    "alpha_abs_AF8": 3.171507054231768,
    "alpha_abs_TP10": 17.93360171550846,
    "alpha_abs_TP9": 7.252425905823571,
    "alpha_rel_AF7": 0.07866092190235682,
    "alpha_rel_AF8": 0.08042958402764383,
    "alpha_rel_TP10": 0.08787353538102402,
    "alpha_rel_TP9": 0.10166651307958086,
    "beta_abs_AF7": 11.558210009399817,
    "beta_abs_AF8": 16.331081392885615,
    "beta_abs_TP10": 34.632997046522455,
    "beta_abs_TP9": 17.75471560910417,
    "beta_rel_AF7": 0.39722890892400414,
    "beta_rel_AF8": 0.38727966633266464,
    "beta_rel_TP10": 0.1617912277313915,
    "beta_rel_TP9": 0.2668099130648346,
    "delta_abs_AF7": 3.1250132806009647,
    "delta_abs_AF8": 4.245863992527733,
    "delta_abs_TP10": 79.73133936006059,
    "delta_abs_TP9": 11.725811260726354,
    "delta_rel_AF7": 0.10921798138201087,
    "delta_rel_AF8": 0.1246108563052416,
    "delta_rel_TP10": 0.3265276017959985,
    "delta_rel_TP9": 0.17845653823755128,
    "frontal_alpha_asym": -0.3603841707979827,
    "gamma_abs_AF7": 4.746470831521617,
    "gamma_abs_AF8": 6.091198785630011,
    "gamma_abs_TP10": 9.934579071879254,
    "gamma_abs_TP9": 6.798105207410811,
    "gamma_rel_AF7": 0.161540864195482,
    "gamma_rel_AF8": 0.15393595919796876,
    "gamma_rel_TP10": 0.05046312131934759,
    "gamma_rel_TP9": 0.10212428675762847,
    "hjorth_activity_AF7": 31.124596827100955,
    "hjorth_activity_AF8": 39.66672648756281,
    "hjorth_activity_TP10": 231.0791337301261,
    "hjorth_activity_TP9": 68.43425674186973,
    "hjorth_complexity_AF7": 1.4497780771516666,
    "hjorth_complexity_AF8": 1.522141542110744,
    "hjorth_complexity_TP10": 2.272731152714046,
    "hjorth_complexity_TP9": 1.7430472410267224,
    "hjorth_mobility_AF7": 0.5121494230607754,
    "hjorth_mobility_AF8": 0.4885757749670837,
    "hjorth_mobility_TP10": 0.3135453443853093,
    "hjorth_mobility_TP9": 0.4204153780660254,
    "theta_abs_AF7": 3.3786746699134738,
    "theta_abs_AF8": 3.967573892648468,
    "theta_abs_TP10": 32.344719469803934,
    "theta_abs_TP9": 10.261259978797266,
    "theta_alpha_ratio_AF7": 1.4352356994840543,
    "theta_alpha_ratio_AF8": 1.4171807390150313,
    "theta_alpha_ratio_TP10": 1.7549749835598327,
    "theta_alpha_ratio_TP9": 1.6024872116929199,
    "theta_beta_ratio_AF7": 0.2681031035486014,
    "theta_beta_ratio_AF8": 0.2796800194156069,
    "theta_beta_ratio_TP10": 0.9582269776551335,
    "theta_beta_ratio_TP9": 0.584315116153565,
    "theta_rel_AF7": 0.10718411836324691,
    "theta_rel_AF8": 0.11397716656147629,
    "theta_rel_TP10": 0.17358199906510657,
    "theta_rel_TP9": 0.15896118525598313
  },
  "features_iqr": {
    "alpha_abs_AF7": 0.8054180023701902,
    "alpha_abs_AF8": 1.6997387779342001,
    "alpha_abs_TP10": 21.111220167508392,
    "alpha_abs_TP9": 3.3100882777171785,
    "alpha_rel_AF7": 0.02899632960081397,
    "alpha_rel_AF8": 0.026516071991082316,
    "alpha_rel_TP10": 0.050701093386747755,
    "alpha_rel_TP9": 0.05216314004639752,
    "beta_abs_AF7": 3.629892733876039,
    "beta_abs_AF8": 6.695652916202633,
    "beta_abs_TP10": 24.163625287792378,
    "beta_abs_TP9": 6.7656871585091825,
    "beta_rel_AF7": 0.08476433679517703,
    "beta_rel_AF8": 0.1182694091123434,
    "beta_rel_TP10": 0.10315240512203727,
    "beta_rel_TP9": 0.10308277686278738,
    "delta_abs_AF7": 2.9470117086261296,
    "delta_abs_AF8": 7.016328572893363,
    "delta_abs_TP10": 113.61829394209329,
    "delta_abs_TP9": 17.291206578488328,
    "delta_rel_AF7": 0.06632388976011196,
    "delta_rel_AF8": 0.11371955298491085,
    "delta_rel_TP10": 0.18899886937276555,
    "delta_rel_TP9": 0.15087051997820333,
    "frontal_alpha_asym": 0.7093697693547985,
    "gamma_abs_AF7": 2.2286342128496752,
    "gamma_abs_AF8": 1.6072046195557954,
    "gamma_abs_TP10": 4.476213137425365,
    "gamma_abs_TP9": 2.089572767894266,
    "gamma_rel_AF7": 0.04718312911539166,
    "gamma_rel_AF8": 0.05869618822376915,
    "gamma_rel_TP10": 0.04213304205003934,
    "gamma_rel_TP9": 0.04639626937235271,
    "hjorth_activity_AF7": 8.73989783740608,
    "hjorth_activity_AF8": 27.077317092827123,
    "hjorth_activity_TP10": 296.7191318184849,
    "hjorth_activity_TP9": 49.06042035948752,
    "hjorth_complexity_AF7": 0.146924462943963,
    "hjorth_complexity_AF8": 0.28642444321810023,
    "hjorth_complexity_TP10": 0.5831280312099856,
    "hjorth_complexity_TP9": 0.404596106048277,
    "hjorth_mobility_AF7": 0.05749984174234163,
    "hjorth_mobility_AF8": 0.08932802646714738,
    "hjorth_mobility_TP10": 0.08251833868804032,
    "hjorth_mobility_TP9": 0.10034744785251165,
    "theta_abs_AF7": 1.7006235504695772,
    "theta_abs_AF8": 3.107789966704753,
    "theta_abs_TP10": 65.52137999119384,
    "theta_abs_TP9": 5.0350471038176785,
    "theta_alpha_ratio_AF7": 0.6975565729347297,
    "theta_alpha_ratio_AF8": 0.851018301265634,
    "theta_alpha_ratio_TP10": 1.4219615799988508,
    "theta_alpha_ratio_TP9": 0.9511827268906528,
    "theta_beta_ratio_AF7": 0.1703850692951467,
    "theta_beta_ratio_AF8": 0.22993183644818424,
    "theta_beta_ratio_TP10": 0.9042546409795753,
    "theta_beta_ratio_TP9": 0.29521193595052375,
    "theta_rel_AF7": 0.050299569091721785,
    "theta_rel_AF8": 0.043535695726322904,
    "theta_rel_TP10": 0.07562093301384953,
    "theta_rel_TP9": 0.05953233909031366
  }
}