{
  "file_id": "F086",
  "participant_id": "86",
  "group_label": "beginner",
  "group_label_raw": "beginner",
  "sr_hz_used": 256,
  "duration_s": 369.234375,
  "good_window_frac": 0.3551912568306011,
  "features_median": {
    "alpha_abs_AF7": 26.50199605649442,
    "alpha_abs_AF8": 11.231841152833361,
    "alpha_abs_TP10": 13.470986899826947,
    "alpha_abs_TP9": 17.860191797920663,
    "alpha_rel_AF7": 0.09631438107482912,
    "alpha_rel_AF8": 0.09137598445002068,
    "alpha_rel_TP10": 0.003786982009389984,
    "alpha_rel_TP9": 0.0767906215822594,
    "beta_abs_AF7": 86.69201428731643,
    "beta_abs_AF8": 19.245017016711426,
    "beta_abs_TP10": 45.166375767407025,
    "beta_abs_TP9": 38.972821870232345,
    "beta_rel_AF7": 0.26848818559703663,
    "beta_rel_AF8": 0.1552201749102266,
    "beta_rel_TP10": 0.011022162128573387,
    "beta_rel_TP9": 0.1310030764095396,
    "delta_abs_AF7": 66.33913766205413,
    "delta_abs_AF8": 38.009252900154614,
    "delta_abs_TP10": 10.706106479922706,
    "delta_abs_TP9": 88.39813478993288,
    "delta_rel_AF7": 0.24195999996840944,
    "delta_rel_AF8": 0.3376975732908932,
    "delta_rel_TP10": 0.004098460362600429,
    "delta_rel_TP9": 0.3472542075949257,
    "frontal_alpha_asym": 0.9290815957673755,
    "gamma_abs_AF7": 26.033231848157104,
    "gamma_abs_AF8": 6.407133173643665,
    "gamma_abs_TP10": 35.22517223078794,
    "gamma_abs_TP9": 15.359815001054914,
    "gamma_rel_AF7": 0.08578997933403136,
    "gamma_rel_AF8": 0.05309883894757343,
    "gamma_rel_TP10": 0.00876908945326205,
    "gamma_rel_TP9": 0.055046406120369686,
    "hjorth_activity_AF7": 282.5769522444399,
    "hjorth_activity_AF8": 133.72832084499987,
    "hjorth_activity_TP10": 3974.0716634584624,
    "hjorth_activity_TP9": 320.35088168061725,
    "hjorth_complexity_AF7": 1.8382607358597156,
    "hjorth_complexity_AF8": 2.3443014831452524,
    "hjorth_complexity_TP10": 2.7859764669675635,
    "hjorth_complexity_TP9": 2.4556884317411636,
    "hjorth_mobility_AF7": 0.41159680147078065,
    "hjorth_mobility_AF8": 0.30639796049372725,
    "hjorth_mobility_TP10": 0.18340382812138806,
    "hjorth_mobility_TP9": 0.32067226009907945,
    "theta_abs_AF7": 36.78487826202154,
    "theta_abs_AF8": 20.909016503233456,
    "theta_abs_TP10": 3590.552037133387,
    "theta_abs_TP9": 52.45969830560035,
    "theta_alpha_ratio_AF7": 1.7638681353655137,
    "theta_alpha_ratio_AF8": 1.958433477213963,
    "theta_alpha_ratio_TP10": 225.84776817134681,
    "theta_alpha_ratio_TP9": 2.637033190920253,
    "theta_beta_ratio_AF7": 0.5708367429348841,
    "theta_beta_ratio_AF8": 1.1252659952239799,
    "theta_beta_ratio_TP10": 82.2644979269129,
    "theta_beta_ratio_TP9": 1.4894181410955099,
    "theta_rel_AF7": 0.15457396621574995,
    "theta_rel_AF8": 0.18073896361037325,
    "theta_rel_TP10": 0.8900040750043133,
    "theta_rel_TP9": 0.1903867834542309
  },
  "features_iqr": {
    "alpha_abs_AF7": 28.375658851254098,
    "alpha_abs_AF8": 8.57683226488847,
    "alpha_abs_TP10": 7.695520523307806,
    "alpha_abs_TP9": 9.097882932590466,
    "alpha_rel_AF7": 0.03319959106019421,
    "alpha_rel_AF8": 0.03302985658577022,
    "alpha_rel_TP10": 0.005650884908515006,
    "alpha_rel_TP9": 0.04487788477919301,
    "beta_abs_AF7": 44.505884991338206,
    "beta_abs_AF8": 15.00956266536838,
    "beta_abs_TP10": 26.423463280232426,
    "beta_abs_TP9": 21.461495404580194,
    "beta_rel_AF7": 0.17578492446918842,
    "beta_rel_AF8": 0.10147177201599747,
    "beta_rel_TP10": 0.02315540776187984,
    "beta_rel_TP9": 0.11020463983129164,
    "delta_abs_AF7": 69.28226223942917,
    "delta_abs_AF8": 54.79609897690773,
    "delta_abs_TP10": 15.899726083986108,
    "delta_abs_TP9": 139.8793782652089,
    "delta_rel_AF7": 0.147938675995092,
    "delta_rel_AF8": 0.17702821452000084,
    "delta_rel_TP10": 0.006831475975213261,
    "delta_rel_TP9": 0.179360534570123,
    "frontal_alpha_asym": 0.5893438855393689,
    "gamma_abs_AF7": 8.81720423601119,
    "gamma_abs_AF8": 4.109997357527109,
    "gamma_abs_TP10": 33.056340786453376,
    "gamma_abs_TP9": 14.80691986345034,
    "gamma_rel_AF7": 0.05086652691567763,
    "gamma_rel_AF8": 0.02987344685571544,
    "gamma_rel_TP10": 0.02604549125712297,
    "gamma_rel_TP9": 0.053918328691527816,
    "hjorth_activity_AF7": 241.68340875189986,
    "hjorth_activity_AF8": 114.47329590914453,
    "hjorth_activity_TP10": 2404.6047990787815,
    "hjorth_activity_TP9": 305.56374803598464,
    "hjorth_complexity_AF7": 0.5806244265128084,
    "hjorth_complexity_AF8": 0.6227109880946919,
    "hjorth_complexity_TP10": 0.3069565424685643,
    "hjorth_complexity_TP9": 0.834689463320943,
    "hjorth_mobility_AF7": 0.12372586195272672,
    "hjorth_mobility_AF8": 0.08050971188697187,
    "hjorth_mobility_TP10": 0.07007843165296099,
    "hjorth_mobility_TP9": 0.11019410077473024,
    "theta_abs_AF7": 88.28159935358099,
    "theta_abs_AF8": 22.243209238109927,
    "theta_abs_TP10": 2281.3270302277397,
    "theta_abs_TP9": 74.58551337701623,
    "theta_alpha_ratio_AF7": 0.976939984341769,
    "theta_alpha_ratio_AF8": 0.8199799715773868,
    "theta_alpha_ratio_TP10": 300.4191812144678,
    "theta_alpha_ratio_TP9": 2.2013739176793834,
    "theta_beta_ratio_AF7": 0.7626776560202086,
    "theta_beta_ratio_AF8": 0.5462259525440265,
    "theta_beta_ratio_TP10": 91.96296500652099,
    "theta_beta_ratio_TP9": 1.5332769608146692,
    "theta_rel_AF7": 0.07573171979416077,
    "theta_rel_AF8": 0.04620953257504662,
    "theta_rel_TP10": 0.06459227429029368,
    "theta_rel_TP9": 0.060628446470159775
  }
}