{
  "file_id": "F087",
  "participant_id": "87",
  "group_label": "beginner",
  "group_label_raw": "beginner",
  "sr_hz_used": 256,
  "duration_s": 377.109375,
  "good_window_frac": 0.11764705882352941,
  "features_median": {
    "alpha_abs_AF7": 2.810464286921417,
    "alpha_abs_AF8": 2.496075747462095,
    "alpha_abs_TP10": 18.683510624686704,
    "alpha_abs_TP9": 18.36711982873661,
    "alpha_rel_AF7": 0.10759448551950458,
    "alpha_rel_AF8": 0.13062838411885166,
    "alpha_rel_TP10": 0.06401146937037266,
    "alpha_rel_TP9": 0.006231568057458257,
    "beta_abs_AF7": 5.238887244240894,
    "beta_abs_AF8": 5.2941685285399105,
    "beta_abs_TP10": 43.19048480798216,
    "beta_abs_TP9": 74.41919345287144,
    "beta_rel_AF7": 0.1891668618971329,
    "beta_rel_AF8": 0.28390476622923233,
    "beta_rel_TP10": 0.1465858344736145,
    "beta_rel_TP9": 0.027277882858621552,
    "delta_abs_AF7": 6.310136130570808,
    "delta_abs_AF8": 3.6193554076407572,
    "delta_abs_TP10": 62.07242240409785,
    "delta_abs_TP9": 15.810687054145088,
    "delta_rel_AF7": 0.23772036548748288,
    "delta_rel_AF8": 0.18011745163351323,
    "delta_rel_TP10": 0.15110376202712747,
    "delta_rel_TP9": 0.0060163416791863145,
    "frontal_alpha_asym": 0.17295324731856887,
    "gamma_abs_AF7": 1.7671979724747224,
    "gamma_abs_AF8": 1.7459336094761388,
    "gamma_abs_TP10": 27.94396738711523,
    "gamma_abs_TP9": 66.46959214991895,
    "gamma_rel_AF7": 0.06001734371494738,
    "gamma_rel_AF8": 0.08674935804440262,
    "gamma_rel_TP10": 0.08401150126511123,
    "gamma_rel_TP9": 0.025291286556781048,
    "hjorth_activity_AF7": 28.189976488838937,
    "hjorth_activity_AF8": 20.818569055255224,
    "hjorth_activity_TP10": 337.87050043249235,
    "hjorth_activity_TP9": 2692.5766049673603,
    "hjorth_complexity_AF7": 2.1176796425189908,
    "hjorth_complexity_AF8": 1.8388994148253395,
    "hjorth_complexity_TP10": 2.1435437773218746,
    "hjorth_complexity_TP9": 2.8849479672671907,
    "hjorth_mobility_AF7": 0.33120735791571626,
    "hjorth_mobility_AF8": 0.38770689232653666,
    "hjorth_mobility_TP10": 0.3542959806075719,
    "hjorth_mobility_TP9": 0.2263246590068581,
    "theta_abs_AF7": 4.772840749323909,
    "theta_abs_AF8": 3.5364251621479146,
    "theta_abs_TP10": 110.58186680007219,
    "theta_abs_TP9": 2182.35210946751,
    "theta_alpha_ratio_AF7": 1.6049805522430598,
    "theta_alpha_ratio_AF8": 1.3930731535126732,
    "theta_alpha_ratio_TP10": 5.817883864631414,
    "theta_alpha_ratio_TP9": 122.49364473609853,
    "theta_beta_ratio_AF7": 0.9640319684847994,
    "theta_beta_ratio_AF8": 0.624184568360894,
    "theta_beta_ratio_TP10": 2.537342844287829,
    "theta_beta_ratio_TP9": 29.926841196222426,
    "theta_rel_AF7": 0.19267800954174286,
    "theta_rel_AF8": 0.17345192690514405,
    "theta_rel_TP10": 0.3537983789095933,
    "theta_rel_TP9": 0.8050648323196803
  },
  "features_iqr": {
    "alpha_abs_AF7": 1.37663050303281,
    "alpha_abs_AF8": 0.6332869829361671,
    "alpha_abs_TP10": 12.298604540486274,
    "alpha_abs_TP9": 12.931630577227684,
    "alpha_rel_AF7": 0.05814538145251946,
    "alpha_rel_AF8": 0.039909871860316706,
    "alpha_rel_TP10": 0.036050331285087625,
    "alpha_rel_TP9": 0.0049915044883417385,
    "beta_abs_AF7": 1.2258941696196697,
    "beta_abs_AF8": 1.4618626744322025,
    "beta_abs_TP10": 13.394831956410592,
    "beta_abs_TP9": 22.20191521879788,
    "beta_rel_AF7": 0.06314093266148552,
    "beta_rel_AF8": 0.07463005410065482,
    "beta_rel_TP10": 0.04752847396849055,
    "beta_rel_TP9": 0.008884241229651174,
    "delta_abs_AF7": 2.5516866039647255,
    "delta_abs_AF8": 1.8146738810749699,
    "delta_abs_TP10": 65.8506763465503,
    "delta_abs_TP9": 6.354096876790752,
    "delta_rel_AF7": 0.0481560606979598,
    "delta_rel_AF8": 0.0909905417196655,
    "delta_rel_TP10": 0.17673547972936232,
    "delta_rel_TP9": 0.0025406804430188395,
    "frontal_alpha_asym": 0.8404256662946349,
    "gamma_abs_AF7": 0.5115663714417744,
    "gamma_abs_AF8": 0.48562419704914683,
    "gamma_abs_TP10": 12.078956601041295,
    "gamma_abs_TP9": 16.68199919269758,
    "gamma_rel_AF7": 0.022502037582245622,
    "gamma_rel_AF8": 0.026444571989510335,
    "gamma_rel_TP10": 0.024003564292618323,
    "gamma_rel_TP9": 0.007879613523227937,
    "hjorth_activity_AF7": 5.99150231191307,
    "hjorth_activity_AF8": 4.655228572664306,
    "hjorth_activity_TP10": 146.75669608155414,
    "hjorth_activity_TP9": 132.86477638627684,
    "hjorth_complexity_AF7": 0.2643826891571943,
    "hjorth_complexity_AF8": 0.17271223097897193,
    "hjorth_complexity_TP10": 0.397059529690476,
    "hjorth_complexity_TP9": 0.17915894946599575,
    "hjorth_mobility_AF7": 0.0384114232091195,
    "hjorth_mobility_AF8": 0.04018681201547031,
    "hjorth_mobility_TP10": 0.05361517133466176,
    "hjorth_mobility_TP9": 0.021693536004189995,
    "theta_abs_AF7": 1.5053396415947091,
    "theta_abs_AF8": 1.5199409121520229,
    "theta_abs_TP10": 64.63676456751472,
    "theta_abs_TP9": 300.0623829408896,
    "theta_alpha_ratio_AF7": 1.2618225455576666,
    "theta_alpha_ratio_AF8": 0.8762284957002349,
    "theta_alpha_ratio_TP10": 3.6335826242671274,
    "theta_alpha_ratio_TP9": 107.35834017249246,
    "theta_beta_ratio_AF7": 0.4414346202536925,
    "theta_beta_ratio_AF8": 0.3523144590678742,
    "theta_beta_ratio_TP10": 1.684041582314453,
    "theta_beta_ratio_TP9": 12.749838631665664,
    "theta_rel_AF7": 0.07046935595451145,
    "theta_rel_AF8": 0.05591777285250535,
    "theta_rel_TP10": 0.13271269024418952,
    "theta_rel_TP9": 0.07834362200586908
  }
}