{
  "file_id": "F088",
  "participant_id": "88",
  "group_label": "never_practiced",
  "group_label_raw": "never_practiced",
  "sr_hz_used": 256,
  "duration_s": 368.34375,
  "good_window_frac": 0.03278688524590164,
  "features_median": {
    "alpha_abs_AF7": 4.893464232126927,
    "alpha_abs_AF8": 3.569364603739869,
    "alpha_abs_TP10": 27.044212458162114,
    "alpha_abs_TP9": 80.7576071678953,
    "alpha_rel_AF7": 0.12273720648101336,
    "alpha_rel_AF8": 0.1392047455382701,
    "alpha_rel_TP10": 0.025993569723909066,
    "alpha_rel_TP9": 0.030590663806706844,
    "beta_abs_AF7": 9.299546927177591,
    "beta_abs_AF8": 4.867123837866245,
    "beta_abs_TP10": 59.00684484612264,
    "beta_abs_TP9": 131.41561529547113,
    "beta_rel_AF7": 0.22906883015049825,
    "beta_rel_AF8": 0.17508872916153517,
    "beta_rel_TP10": 0.06311408146663786,
    "beta_rel_TP9": 0.05319889103254946,
    "delta_abs_AF7": 10.508222623159654,
    "delta_abs_AF8": 5.599973191086068,
    "delta_abs_TP10": 253.1879759037107,
    "delta_abs_TP9": 737.6517719619077,
    "delta_rel_AF7": 0.23391300724898176,
    "delta_rel_AF8": 0.21483602898385584,
    "delta_rel_TP10": 0.22895018854670562,
    "delta_rel_TP9": 0.27833393341088886,
    "frontal_alpha_asym": 0.10662820057669886,
    "gamma_abs_AF7": 3.005267224462059,
    "gamma_abs_AF8": 1.0433705694450932,
    "gamma_abs_TP10": 72.10917684255244,
    "gamma_abs_TP9": 203.20939012618075,
    "gamma_rel_AF7": 0.07242311337775487,
    "gamma_rel_AF8": 0.04147248508675492,
    "gamma_rel_TP10": 0.07206657561738634,
    "gamma_rel_TP9": 0.07696578369979752,
    "hjorth_activity_AF7": 44.425849890351635,
    "hjorth_activity_AF8": 24.988186035267297,
    "hjorth_activity_TP10": 1122.4728109576674,
    "hjorth_activity_TP9": 3047.0212762373444,
    "hjorth_complexity_AF7": 1.997090575105836,
    "hjorth_complexity_AF8": 2.083119095654555,
    "hjorth_complexity_TP10": 2.5534869188606226,
    "hjorth_complexity_TP9": 2.627246269149892,
    "hjorth_mobility_AF7": 0.3527420225815455,
    "hjorth_mobility_AF8": 0.314915107180721,
    "hjorth_mobility_TP10": 0.3099323052458753,
    "hjorth_mobility_TP9": 0.31634253785662203,
    "theta_abs_AF7": 7.98415707384609,
    "theta_abs_AF8": 5.11482105795244,
    "theta_abs_TP10": 491.8659080412611,
    "theta_abs_TP9": 1270.7596941386234,
    "theta_alpha_ratio_AF7": 1.554966308074167,
    "theta_alpha_ratio_AF8": 1.4666284183246223,
    "theta_alpha_ratio_TP10": 19.146827135365676,
    "theta_alpha_ratio_TP9": 16.23058762210418,
    "theta_beta_ratio_AF7": 0.7525445558704059,
    "theta_beta_ratio_AF8": 1.0213784699807542,
    "theta_beta_ratio_TP10": 8.336009618015536,
    "theta_beta_ratio_TP9": 9.029422076128757,
    "theta_rel_AF7": 0.17739538801630622,
    "theta_rel_AF8": 0.18570376705871694,
    "theta_rel_TP10": 0.491691529227224,
    "theta_rel_TP9": 0.462436157135131
  },
  "features_iqr": {
    "alpha_abs_AF7": 2.519656469567123,
    "alpha_abs_AF8": 1.4083086114230134,
    "alpha_abs_TP10": 13.835029911543288,
    "alpha_abs_TP9": 9.996650775578019,
    "alpha_rel_AF7": 0.06254434941521263,
    "alpha_rel_AF8": 0.05575268059846977,
    "alpha_rel_TP10": 0.009242561986441258,
    "alpha_rel_TP9": 0.009155827743964881,
    "beta_abs_AF7": 0.9421840302835598,
    "beta_abs_AF8": 1.3609415382628667,
    "beta_abs_TP10": 30.054352202803557,
    "beta_abs_TP9": 24.144530862074006,
    "beta_rel_AF7": 0.06268952430789326,
    "beta_rel_AF8": 0.04676566180104802,
    "beta_rel_TP10": 0.023243821882466653,
    "beta_rel_TP9": 0.008808920762531404,
    "delta_abs_AF7": 2.2062604391829375,
    "delta_abs_AF8": 1.050836107452895,
    "delta_abs_TP10": 69.54764312543921,
    "delta_abs_TP9": 236.2696427789324,
    "delta_rel_AF7": 0.03467808928833599,
    "delta_rel_AF8": 0.05148107506538738,
    "delta_rel_TP10": 0.04386599178771439,
    "delta_rel_TP9": 0.05120367364420317,
    "frontal_alpha_asym": 0.5759693331873956,
    "gamma_abs_AF7": 0.9820240901619637,
    "gamma_abs_AF8": 0.060346128566881374,
    "gamma_abs_TP10": 17.823562050434944,
    "gamma_abs_TP9": 73.10254546234276,
    "gamma_rel_AF7": 0.01817561966372687,
    "gamma_rel_AF8": 0.0032312450784884594,
    "gamma_rel_TP10": 0.008890144955255128,
    "gamma_rel_TP9": 0.04842878476133722,
    "hjorth_activity_AF7": 6.104804583317325,
    "hjorth_activity_AF8": 2.889940828860823,
    "hjorth_activity_TP10": 140.54034607387246,
    "hjorth_activity_TP9": 373.1159465311216,
    "hjorth_complexity_AF7": 0.1706102673605292,
    "hjorth_complexity_AF8": 0.12533281863138113,
    "hjorth_complexity_TP10": 0.04057250814811919,
    "hjorth_complexity_TP9": 0.3489857893156003,
    "hjorth_mobility_AF7": 0.03165316373493743,
    "hjorth_mobility_AF8": 0.0060980856167832664,
    "hjorth_mobility_TP10": 0.008421448701821266,
    "hjorth_mobility_TP9": 0.040622662386648634,
    "theta_abs_AF7": 2.026247458246269,
    "theta_abs_AF8": 1.5156830878180436,
    "theta_abs_TP10": 42.6463139211844,
    "theta_abs_TP9": 224.9977247648012,
    "theta_alpha_ratio_AF7": 1.469855502406808,
    "theta_alpha_ratio_AF8": 0.7619311589896514,
    "theta_alpha_ratio_TP10": 6.6928702683390835,
    "theta_alpha_ratio_TP9": 5.704116876270515,
    "theta_beta_ratio_AF7": 0.5189818563574018,
    "theta_beta_ratio_AF8": 0.40911274010915855,
    "theta_beta_ratio_TP10": 3.5983992295412026,
    "theta_beta_ratio_TP9": 1.694944115970241,
    "theta_rel_AF7": 0.03848438632750506,
    "theta_rel_AF8": 0.04306432550984743,
    "theta_rel_TP10": 0.05583157354082441,
    "theta_rel_TP9": 0.043151499542509686
  }
}