{
  "file_id": "F102",
  "participant_id": "102",
  "group_label": "beginner",
  "group_label_raw": "beginner",
  "sr_hz_used": 1000,
  "duration_s": 608.0910000801086,
  "good_window_frac": 0.09210526315789473,
  "features_median": {
    "alpha_abs_AF7": 7.9249565762285785,
    "alpha_abs_AF8": 5.903834689701771,
    "alpha_abs_TP10": 90.06459599734622,
    "alpha_abs_TP9": 6.236300214630405,
    "alpha_rel_AF7": 0.10959776831924947,
    "alpha_rel_AF8": 0.11204892195766837,
    "alpha_rel_TP10": 0.1566680860055601,
    "alpha_rel_TP9": 0.1017282353715374,
    "beta_abs_AF7": 10.51427622144274,
    "beta_abs_AF8": 8.720295751269312,
    "beta_abs_TP10": 137.97009782943766,
    "beta_abs_TP9": 11.794503102520164,
    "beta_rel_AF7": 0.08992282397385536,
    "beta_rel_AF8": 0.08202219227268605,
    "beta_rel_TP10": 0.2571319749545599,
    "beta_rel_TP9": 0.21375165093357767,
    "delta_abs_AF7": 7.350422266589209,
    "delta_abs_AF8": 7.975157516443924,
    "delta_abs_TP10": 88.72737508472513,
    "delta_abs_TP9": 6.431685262704114,
    "delta_rel_AF7": 0.1542652673478519,
    "delta_rel_AF8": 0.1550920320281674,
    "delta_rel_TP10": 0.16484852149797294,
    "delta_rel_TP9": 0.1151996081404089,
    "frontal_alpha_asym": 0.28131732382967134,
    "gamma_abs_AF7": 2.411322663756315,
    "gamma_abs_AF8": 2.0617361662992346,
    "gamma_abs_TP10": 25.407519054640947,
    "gamma_abs_TP9": 11.14255250489961,
    "gamma_rel_AF7": 0.022409441503367877,
    "gamma_rel_AF8": 0.02163488873085396,
    "gamma_rel_TP10": 0.04635555310996845,
    "gamma_rel_TP9": 0.20002002308393477,
    "hjorth_activity_AF7": 65.65220585755192,
    "hjorth_activity_AF8": 95.70319325549065,
    "hjorth_activity_TP10": 526.1512270835475,
    "hjorth_activity_TP9": 56.193728500467145,
    "hjorth_complexity_AF7": 2.6441680589575016,
    "hjorth_complexity_AF8": 2.9244016101632764,
    "hjorth_complexity_TP10": 1.908853758370103,
    "hjorth_complexity_TP9": 1.6836714559777393,
    "hjorth_mobility_AF7": 0.062087592978829126,
    "hjorth_mobility_AF8": 0.056289103084929376,
    "hjorth_mobility_TP10": 0.08738753766095919,
    "hjorth_mobility_TP9": 0.12015636189666894,
    "theta_abs_AF7": 28.062873131751175,
    "theta_abs_AF8": 31.919540350272595,
    "theta_abs_TP10": 102.72950808230777,
    "theta_abs_TP9": 14.0030734127889,
    "theta_alpha_ratio_AF7": 4.320092836498242,
    "theta_alpha_ratio_AF8": 5.458009088712769,
    "theta_alpha_ratio_TP10": 1.328397323755619,
    "theta_alpha_ratio_TP9": 2.263665475344029,
    "theta_beta_ratio_AF7": 5.265321004040394,
    "theta_beta_ratio_AF8": 4.860984603077869,
    "theta_beta_ratio_TP10": 0.9848959063633174,
    "theta_beta_ratio_TP9": 1.1442194747923593,
    "theta_rel_AF7": 0.4734725338122565,
    "theta_rel_AF8": 0.39870861374828015,
    "theta_rel_TP10": 0.20272188385303966,
    "theta_rel_TP9": 0.20629108782518196
  },
  "features_iqr": {
    "alpha_abs_AF7": 11.573428046974277,
    "alpha_abs_AF8": 8.931021321426908,
    "alpha_abs_TP10": 48.96814792672502,
    "alpha_abs_TP9": 1.267441936527109,
    "alpha_rel_AF7": 0.040981974938265414,
    "alpha_rel_AF8": 0.06360906172450698,
    "alpha_rel_TP10": 0.01695531357957661,
    "alpha_rel_TP9": 0.007049866950901679,
    "beta_abs_AF7": 3.930297819542929,
    "beta_abs_AF8": 1.636081259482915,
    "beta_abs_TP10": 77.76932040425032,
    "beta_abs_TP9": 1.3683091392801625,
    "beta_rel_AF7": 0.17490456652569347,
    "beta_rel_AF8": 0.12885339729648115,
    "beta_rel_TP10": 0.10929071053066708,
    "beta_rel_TP9": 0.03778562656505141,
    "delta_abs_AF7": 24.303486014406275,
    "delta_abs_AF8": 10.56705193084146,
    "delta_abs_TP10": 45.76029326634425,
    "delta_abs_TP9": 3.843447541850029,
    "delta_rel_AF7": 0.05124058911236998,
    "delta_rel_AF8": 0.09503715888140046,
    "delta_rel_TP10": 0.04474630482718331,
    "delta_rel_TP9": 0.08214567716528862,
    "frontal_alpha_asym": 0.3263803607372462,
    "gamma_abs_AF7": 1.7120206826280944,
    "gamma_abs_AF8": 0.3854041625675857,
    "gamma_abs_TP10": 22.607773073500738,
    "gamma_abs_TP9": 1.9630855142084283,
    "gamma_rel_AF7": 0.06827542310781747,
    "gamma_rel_AF8": 0.05183230000608877,
    "gamma_rel_TP10": 0.006150559299522712,
    "gamma_rel_TP9": 0.07670645229307688,
    "hjorth_activity_AF7": 174.9729850050876,
    "hjorth_activity_AF8": 125.02920716134741,
    "hjorth_activity_TP10": 237.3688525275661,
    "hjorth_activity_TP9": 15.04090016154187,
    "hjorth_complexity_AF7": 1.150620811602613,
    "hjorth_complexity_AF8": 0.9921370353062424,
    "hjorth_complexity_TP10": 0.3778276032783716,
    "hjorth_complexity_TP9": 0.24294608436392617,
    "hjorth_mobility_AF7": 0.050526460949055774,
    "hjorth_mobility_AF8": 0.043330178984796505,
    "hjorth_mobility_TP10": 0.011945365384188514,
    "hjorth_mobility_TP9": 0.01978241640910633,
    "theta_abs_AF7": 114.31269627658541,
    "theta_abs_AF8": 78.39605705796708,
    "theta_abs_TP10": 45.51938393724936,
    "theta_abs_TP9": 5.849251138349757,
    "theta_alpha_ratio_AF7": 3.846002829744218,
    "theta_alpha_ratio_AF8": 4.4114129702240685,
    "theta_alpha_ratio_TP10": 0.3994973622610345,
    "theta_alpha_ratio_TP9": 0.5709986621568608,
    "theta_beta_ratio_AF7": 8.652742935901417,
    "theta_beta_ratio_AF8": 8.267801427525345,
    "theta_beta_ratio_TP10": 0.6523091650412669,
    "theta_beta_ratio_TP9": 0.5141369284162218,
    "theta_rel_AF7": 0.2835642811154354,
    "theta_rel_AF8": 0.2609622368306169,
    "theta_rel_TP10": 0.047346003940641535,
    "theta_rel_TP9": 0.06622806471152021
  }
}