{
  "file_id": "F103",
  "participant_id": "103",
  "group_label": "beginner",
  "group_label_raw": "beginner",
  "sr_hz_used": 1000,
  "duration_s": 448.5460000038147,
  "good_window_frac": 0.2857142857142857,
  "features_median": {
    "alpha_abs_AF7": 22.93857614725379,
    "alpha_abs_AF8": 7.986898379671775,
    "alpha_abs_TP10": 10.70410570722201,
    "alpha_abs_TP9": 7.214394350527382,
    "alpha_rel_AF7": 0.11478106605750175,
    "alpha_rel_AF8": 0.17793687519881762,
    "alpha_rel_TP10": 0.1324878661075367,
    "alpha_rel_TP9": 0.0940176960067129,
    "beta_abs_AF7": 12.916478290420445,
    "beta_abs_AF8": 7.329320243063988,
    "beta_abs_TP10": 12.762819638601014,
    "beta_abs_TP9": 8.911553643949862,
    "beta_rel_AF7": 0.05400538794209883,
    "beta_rel_AF8": 0.1599803903783258,
    "beta_rel_TP10": 0.16716803638438396,
    "beta_rel_TP9": 0.13881362910054884,
    "delta_abs_AF7": 17.482932977088794,
    "delta_abs_AF8": 5.394852772593447,
    "delta_abs_TP10": 7.220272341585032,
    "delta_abs_TP9": 5.948899947660877,
    "delta_rel_AF7": 0.09401810061000831,
    "delta_rel_AF8": 0.11608437129987295,
    "delta_rel_TP10": 0.08307290132424858,
    "delta_rel_TP9": 0.0807217177609702,
    "frontal_alpha_asym": 1.0492657933680722,
    "gamma_abs_AF7": 2.6354732540273904,
    "gamma_abs_AF8": 2.2145754593203915,
    "gamma_abs_TP10": 17.5796114847071,
    "gamma_abs_TP9": 14.929166238504262,
    "gamma_rel_AF7": 0.01491889349046789,
    "gamma_rel_AF8": 0.04681140673070764,
    "gamma_rel_TP10": 0.2319408492028191,
    "gamma_rel_TP9": 0.19534228335781006,
    "hjorth_activity_AF7": 188.776739644863,
    "hjorth_activity_AF8": 46.428197519186995,
    "hjorth_activity_TP10": 92.55492734035022,
    "hjorth_activity_TP9": 70.41761072454773,
    "hjorth_complexity_AF7": 2.628280793492538,
    "hjorth_complexity_AF8": 2.1804006546339187,
    "hjorth_complexity_TP10": 1.6592380209719702,
    "hjorth_complexity_TP9": 1.7983724423154388,
    "hjorth_mobility_AF7": 0.05472000419336681,
    "hjorth_mobility_AF8": 0.08072357738771373,
    "hjorth_mobility_TP10": 0.13620053293257275,
    "hjorth_mobility_TP9": 0.12718470039443636,
    "theta_abs_AF7": 65.65666296510761,
    "theta_abs_AF8": 11.670907003643705,
    "theta_abs_TP10": 14.039529487476836,
    "theta_abs_TP9": 13.909636363347719,
    "theta_alpha_ratio_AF7": 2.8425476394796254,
    "theta_alpha_ratio_AF8": 1.2402100211862606,
    "theta_alpha_ratio_TP10": 1.4135860109033316,
    "theta_alpha_ratio_TP9": 1.6742541933262605,
    "theta_beta_ratio_AF7": 6.120015623783561,
    "theta_beta_ratio_AF8": 1.3956590453870354,
    "theta_beta_ratio_TP10": 1.0804806261805906,
    "theta_beta_ratio_TP9": 1.488821860664015,
    "theta_rel_AF7": 0.3144715559966921,
    "theta_rel_AF8": 0.22550027226956826,
    "theta_rel_TP10": 0.20246702600281677,
    "theta_rel_TP9": 0.197632478153025
  },
  "features_iqr": {
    "alpha_abs_AF7": 19.154053874197444,
    "alpha_abs_AF8": 11.712607502543259,
    "alpha_abs_TP10": 14.848234114724558,
    "alpha_abs_TP9": 5.079577099055033,
    "alpha_rel_AF7": 0.04475968448129622,
    "alpha_rel_AF8": 0.05972954880559647,
    "alpha_rel_TP10": 0.06985812079078398,
    "alpha_rel_TP9": 0.058100413636322,
    "beta_abs_AF7": 8.81149000480236,
    "beta_abs_AF8": 6.610575083361833,
    "beta_abs_TP10": 17.654149163963922,
    "beta_abs_TP9": 4.006434666878402,
    "beta_rel_AF7": 0.04571338510522602,
    "beta_rel_AF8": 0.06298654902258388,
    "beta_rel_TP10": 0.019231204780087857,
    "beta_rel_TP9": 0.01823580762491897,
    "delta_abs_AF7": 14.456786336801365,
    "delta_abs_AF8": 6.248809361752333,
    "delta_abs_TP10": 5.248918321952086,
    "delta_abs_TP9": 2.960578069384356,
    "delta_rel_AF7": 0.03766269994054462,
    "delta_rel_AF8": 0.03628014702150112,
    "delta_rel_TP10": 0.05309867890712355,
    "delta_rel_TP9": 0.045354742588015445,
    "frontal_alpha_asym": 0.772644684931324,
    "gamma_abs_AF7": 0.6749515033521547,
    "gamma_abs_AF8": 0.6451112116488877,
    "gamma_abs_TP10": 13.964939172239143,
    "gamma_abs_TP9": 6.243298506987262,
    "gamma_rel_AF7": 0.012620362216900697,
    "gamma_rel_AF8": 0.042264342129826785,
    "gamma_rel_TP10": 0.11585872488349536,
    "gamma_rel_TP9": 0.1952827322385597,
    "hjorth_activity_AF7": 227.4204719989519,
    "hjorth_activity_AF8": 57.09795527075514,
    "hjorth_activity_TP10": 100.07151122181803,
    "hjorth_activity_TP9": 30.00647447762941,
    "hjorth_complexity_AF7": 0.3777034411285394,
    "hjorth_complexity_AF8": 0.2769616686684233,
    "hjorth_complexity_TP10": 0.21863291177505517,
    "hjorth_complexity_TP9": 0.4265197075116396,
    "hjorth_mobility_AF7": 0.013205811046825944,
    "hjorth_mobility_AF8": 0.02033152250382371,
    "hjorth_mobility_TP10": 0.026145879192064597,
    "hjorth_mobility_TP9": 0.03809227229951895,
    "theta_abs_AF7": 60.76282809414454,
    "theta_abs_AF8": 12.612045254677327,
    "theta_abs_TP10": 21.521470324742115,
    "theta_abs_TP9": 16.36635125144126,
    "theta_alpha_ratio_AF7": 1.1002942874355361,
    "theta_alpha_ratio_AF8": 0.43354974635731147,
    "theta_alpha_ratio_TP10": 1.010257348652223,
    "theta_alpha_ratio_TP9": 1.2862646766378438,
    "theta_beta_ratio_AF7": 3.599513651319007,
    "theta_beta_ratio_AF8": 0.5637192529509705,
    "theta_beta_ratio_TP10": 0.40266690458577314,
    "theta_beta_ratio_TP9": 0.7178452773344917,
    "theta_rel_AF7": 0.04120690528478976,
    "theta_rel_AF8": 0.06396363171366246,
    "theta_rel_TP10": 0.052724580232592494,
    "theta_rel_TP9": 0.09655318120764578
  }
}