{
  "file_id": "F104",
  "participant_id": "104",
  "group_label": "never_practiced",
  "group_label_raw": "never_practiced",
  "sr_hz_used": 1000,
  "duration_s": 354.59100008010864,
  "good_window_frac": 0.06976744186046512,
  "features_median": {
    "alpha_abs_AF7": 15.52424253001752,
    "alpha_abs_AF8": 7.333023817329238,
    "alpha_abs_TP10": 61.14070595974734,
    "alpha_abs_TP9": 64.20403417410085,
    "alpha_rel_AF7": 0.1865180874329128,
    "alpha_rel_AF8": 0.16769742735025608,
    "alpha_rel_TP10": 0.21512060307562902,
    "alpha_rel_TP9": 0.2253156394824469,
    "beta_abs_AF7": 17.43695840445013,
    "beta_abs_AF8": 10.152265324378611,
    "beta_abs_TP10": 58.79314429502125,
    "beta_abs_TP9": 58.85458817800657,
    "beta_rel_AF7": 0.2753110513883767,
    "beta_rel_AF8": 0.2503351573148667,
    "beta_rel_TP10": 0.22126326088167406,
    "beta_rel_TP9": 0.21601366752134288,
    "delta_abs_AF7": 16.27647177197339,
    "delta_abs_AF8": 5.42271421450798,
    "delta_abs_TP10": 27.485117878082946,
    "delta_abs_TP9": 29.751857591765187,
    "delta_rel_AF7": 0.14295877845978297,
    "delta_rel_AF8": 0.13914229165042238,
    "delta_rel_TP10": 0.09572708466411482,
    "delta_rel_TP9": 0.10393617226978119,
    "frontal_alpha_asym": 0.898165020843599,
    "gamma_abs_AF7": 4.878426519721426,
    "gamma_abs_AF8": 3.3313232072840475,
    "gamma_abs_TP10": 5.211313486331351,
    "gamma_abs_TP9": 5.790717646764337,
    "gamma_rel_AF7": 0.05861250765575449,
    "gamma_rel_AF8": 0.07837916644031005,
    "gamma_rel_TP10": 0.020583439199705355,
    "gamma_rel_TP9": 0.02273879871237017,
    "hjorth_activity_AF7": 89.98368906096842,
    "hjorth_activity_AF8": 39.65497903624988,
    "hjorth_activity_TP10": 257.06955392596797,
    "hjorth_activity_TP9": 249.62385809849783,
    "hjorth_complexity_AF7": 1.8950028832621768,
    "hjorth_complexity_AF8": 1.7803823568382162,
    "hjorth_complexity_TP10": 1.8673080333267034,
    "hjorth_complexity_TP9": 1.8686791051706506,
    "hjorth_mobility_AF7": 0.09229641898897566,
    "hjorth_mobility_AF8": 0.10723983755892229,
    "hjorth_mobility_TP10": 0.07658504714298726,
    "hjorth_mobility_TP9": 0.07893561183827709,
    "theta_abs_AF7": 13.101376090636055,
    "theta_abs_AF8": 7.73745191993423,
    "theta_abs_TP10": 49.34759439712667,
    "theta_abs_TP9": 56.357516274068146,
    "theta_alpha_ratio_AF7": 0.873944046609538,
    "theta_alpha_ratio_AF8": 1.0551516144879007,
    "theta_alpha_ratio_TP10": 1.179319439287019,
    "theta_alpha_ratio_TP9": 1.1168862134544193,
    "theta_beta_ratio_AF7": 0.6262305874727188,
    "theta_beta_ratio_AF8": 0.7820562395893887,
    "theta_beta_ratio_TP10": 1.1465794546610542,
    "theta_beta_ratio_TP9": 1.2570157855463888,
    "theta_rel_AF7": 0.15617951263431604,
    "theta_rel_AF8": 0.17578531281371057,
    "theta_rel_TP10": 0.25369590899824285,
    "theta_rel_TP9": 0.25165193141361486
  },
  "features_iqr": {
    "alpha_abs_AF7": 4.6084023198198985,
    "alpha_abs_AF8": 2.046988904381948,
    "alpha_abs_TP10": 15.586450799137936,
    "alpha_abs_TP9": 16.68297944508737,
    "alpha_rel_AF7": 0.008686455065123805,
    "alpha_rel_AF8": 0.036085878289060846,
    "alpha_rel_TP10": 0.027024126100604562,
    "alpha_rel_TP9": 0.025751791064233864,
    "beta_abs_AF7": 8.523972358278193,
    "beta_abs_AF8": 3.48136666063861,
    "beta_abs_TP10": 9.848098958164968,
    "beta_abs_TP9": 11.573511104545886,
    "beta_rel_AF7": 0.038745149040783494,
    "beta_rel_AF8": 0.07539103192120478,
    "beta_rel_TP10": 0.0104078700913256,
    "beta_rel_TP9": 0.015455171733435413,
    "delta_abs_AF7": 7.722751287507233,
    "delta_abs_AF8": 8.36873820837619,
    "delta_abs_TP10": 14.237917306903057,
    "delta_abs_TP9": 10.310348932912543,
    "delta_rel_AF7": 0.07965450428059731,
    "delta_rel_AF8": 0.09220427775826093,
    "delta_rel_TP10": 0.045728825792442446,
    "delta_rel_TP9": 0.027337469792801786,
    "frontal_alpha_asym": 0.21652436174728085,
    "gamma_abs_AF7": 0.7806428997982238,
    "gamma_abs_AF8": 1.4577711105612146,
    "gamma_abs_TP10": 0.48405654518540686,
    "gamma_abs_TP9": 0.5312295644558436,
    "gamma_rel_AF7": 0.012946034487523878,
    "gamma_rel_AF8": 0.008897992563028173,
    "gamma_rel_TP10": 0.003885869716010952,
    "gamma_rel_TP9": 0.004197155351501048,
    "hjorth_activity_AF7": 26.29619349344702,
    "hjorth_activity_AF8": 23.52524362224068,
    "hjorth_activity_TP10": 50.981360908403076,
    "hjorth_activity_TP9": 61.44036294344494,
    "hjorth_complexity_AF7": 0.15317598657901987,
    "hjorth_complexity_AF8": 0.17610056774478577,
    "hjorth_complexity_TP10": 0.03706261565524982,
    "hjorth_complexity_TP9": 0.03165814185403559,
    "hjorth_mobility_AF7": 0.008288563762555046,
    "hjorth_mobility_AF8": 0.010275154862353655,
    "hjorth_mobility_TP10": 0.003016654947447031,
    "hjorth_mobility_TP9": 0.003034575051951316,
    "theta_abs_AF7": 3.431076256393876,
    "theta_abs_AF8": 4.339862870432834,
    "theta_abs_TP10": 15.5846716902807,
    "theta_abs_TP9": 14.311104052765131,
    "theta_alpha_ratio_AF7": 0.2368833721751773,
    "theta_alpha_ratio_AF8": 0.272988162674632,
    "theta_alpha_ratio_TP10": 0.267675705041035,
    "theta_alpha_ratio_TP9": 0.24473543309168122,
    "theta_beta_ratio_AF7": 0.1470906202513106,
    "theta_beta_ratio_AF8": 0.18006767084377762,
    "theta_beta_ratio_TP10": 0.2263950041910492,
    "theta_beta_ratio_TP9": 0.15609667738719724,
    "theta_rel_AF7": 0.049810629666908524,
    "theta_rel_AF8": 0.017970394861062583,
    "theta_rel_TP10": 0.03777757485583075,
    "theta_rel_TP9": 0.02649193863281918
  }
}