{
  "file_id": "F105",
  "participant_id": "105",
  "group_label": "beginner",
  "group_label_raw": "beginner",
  "sr_hz_used": 1000,
  "duration_s": 425.4119999408722,
  "good_window_frac": 0.07547169811320754,
  "features_median": {
    "alpha_abs_AF7": 1.8951267791668276,
    "alpha_abs_AF8": 2.2354998512312467,
    "alpha_abs_TP10": 38.67045883057541,
    "alpha_abs_TP9": 25.216531206530924,
    "alpha_rel_AF7": 0.1312632947774926,
    "alpha_rel_AF8": 0.13298748998978965,
    "alpha_rel_TP10": 0.14518577439977517,
    "alpha_rel_TP9": 0.005725167878211449,
    "beta_abs_AF7": 4.124961702409648,
    "beta_abs_AF8": 5.013239435481065,
    "beta_abs_TP10": 82.77989663472678,
    "beta_abs_TP9": 3643.234436948351,
    "beta_rel_AF7": 0.26276209044521587,
    "beta_rel_AF8": 0.2811389633374381,
    "beta_rel_TP10": 0.31209642443486973,
    "beta_rel_TP9": 0.9247321152078952,
    "delta_abs_AF7": 2.2788092525950994,
    "delta_abs_AF8": 2.3005409675761035,
    "delta_abs_TP10": 46.597966601941714,
    "delta_abs_TP9": 119.5978248118177,
    "delta_rel_AF7": 0.13160395771997246,
    "delta_rel_AF8": 0.1261424865393172,
    "delta_rel_TP10": 0.16729299566315886,
    "delta_rel_TP9": 0.03430205596985003,
    "frontal_alpha_asym": -0.11056391200518584,
    "gamma_abs_AF7": 1.2979348749980844,
    "gamma_abs_AF8": 1.4665130823373675,
    "gamma_abs_TP10": 16.77589319605009,
    "gamma_abs_TP9": 27.184279661568176,
    "gamma_rel_AF7": 0.08628430614578,
    "gamma_rel_AF8": 0.0892383613983378,
    "gamma_rel_TP10": 0.05309461416795831,
    "gamma_rel_TP9": 0.0065815387088475515,
    "hjorth_activity_AF7": 17.3375755560332,
    "hjorth_activity_AF8": 17.952884870224295,
    "hjorth_activity_TP10": 283.8415622620155,
    "hjorth_activity_TP9": 3976.1779102527316,
    "hjorth_complexity_AF7": 1.8494162597697805,
    "hjorth_complexity_AF8": 1.847738093020279,
    "hjorth_complexity_TP10": 1.8788981037062733,
    "hjorth_complexity_TP9": 1.0541569012928622,
    "hjorth_mobility_AF7": 0.10192792232718773,
    "hjorth_mobility_AF8": 0.10304657231822148,
    "hjorth_mobility_TP10": 0.09385324622948232,
    "hjorth_mobility_TP9": 0.14655565004700066,
    "theta_abs_AF7": 3.3852802430291016,
    "theta_abs_AF8": 3.3689425283271754,
    "theta_abs_TP10": 44.858993074082434,
    "theta_abs_TP9": 65.80275249526133,
    "theta_alpha_ratio_AF7": 1.6846822469811762,
    "theta_alpha_ratio_AF8": 1.566019324202196,
    "theta_alpha_ratio_TP10": 1.1622597308716507,
    "theta_alpha_ratio_TP9": 2.165619639756743,
    "theta_beta_ratio_AF7": 0.8905647113644517,
    "theta_beta_ratio_AF8": 0.6275166814480497,
    "theta_beta_ratio_TP10": 0.576946494935458,
    "theta_beta_ratio_TP9": 0.01900119523036551,
    "theta_rel_AF7": 0.21459603923742196,
    "theta_rel_AF8": 0.18756979730806034,
    "theta_rel_TP10": 0.16625705071632282,
    "theta_rel_TP9": 0.017320752143742624
  },
  "features_iqr": {
    "alpha_abs_AF7": 0.5067885372819914,
    "alpha_abs_AF8": 1.229210871962172,
    "alpha_abs_TP10": 3.6188518046886458,
    "alpha_abs_TP9": 13.556338060838854,
    "alpha_rel_AF7": 0.02520484506922932,
    "alpha_rel_AF8": 0.0890078923253344,
    "alpha_rel_TP10": 0.01797950911708457,
    "alpha_rel_TP9": 0.007501565031079943,
    "beta_abs_AF7": 1.6561943662345122,
    "beta_abs_AF8": 1.6218257739666013,
    "beta_abs_TP10": 34.672439553825086,
    "beta_abs_TP9": 1635.5820373755914,
    "beta_rel_AF7": 0.01813854852277158,
    "beta_rel_AF8": 0.09641610427796649,
    "beta_rel_TP10": 0.16334310495000665,
    "beta_rel_TP9": 0.1367528437920832,
    "delta_abs_AF7": 0.8703399960493514,
    "delta_abs_AF8": 0.807212837782934,
    "delta_abs_TP10": 36.43677774324698,
    "delta_abs_TP9": 245.81605124671134,
    "delta_rel_AF7": 0.05426816542555778,
    "delta_rel_AF8": 0.03408113051099518,
    "delta_rel_TP10": 0.10215464358391779,
    "delta_rel_TP9": 0.09022436445119712,
    "frontal_alpha_asym": 0.7576688639442557,
    "gamma_abs_AF7": 0.43768369433886,
    "gamma_abs_AF8": 0.6000015237762861,
    "gamma_abs_TP10": 3.988959268666104,
    "gamma_abs_TP9": 2.481132202539726,
    "gamma_rel_AF7": 0.008490291015109272,
    "gamma_rel_AF8": 0.02809489804900546,
    "gamma_rel_TP10": 0.027312633998598644,
    "gamma_rel_TP9": 0.0027830447509907394,
    "hjorth_activity_AF7": 4.485317775938293,
    "hjorth_activity_AF8": 3.227381288610381,
    "hjorth_activity_TP10": 43.8072016646783,
    "hjorth_activity_TP9": 1217.800219593149,
    "hjorth_complexity_AF7": 0.08430643534077498,
    "hjorth_complexity_AF8": 0.14577558645697186,
    "hjorth_complexity_TP10": 0.3884946390177979,
    "hjorth_complexity_TP9": 0.09264496423633317,
    "hjorth_mobility_AF7": 0.004328073688510181,
    "hjorth_mobility_AF8": 0.010530842144879315,
    "hjorth_mobility_TP10": 0.019957449588202808,
    "hjorth_mobility_TP9": 0.010902632951470148,
    "theta_abs_AF7": 0.5559209159877696,
    "theta_abs_AF8": 0.501865388281761,
    "theta_abs_TP10": 17.591481248107492,
    "theta_abs_TP9": 31.236632351798214,
    "theta_alpha_ratio_AF7": 0.07967741452172405,
    "theta_alpha_ratio_AF8": 0.8149622710080473,
    "theta_alpha_ratio_TP10": 0.43486286153892806,
    "theta_alpha_ratio_TP9": 1.0446656808035735,
    "theta_beta_ratio_AF7": 0.11274534116113266,
    "theta_beta_ratio_AF8": 0.1690364187946164,
    "theta_beta_ratio_TP10": 0.4732989360906406,
    "theta_beta_ratio_TP9": 0.028816329678837294,
    "theta_rel_AF7": 0.02662132391575009,
    "theta_rel_AF8": 0.05826757065365337,
    "theta_rel_TP10": 0.034236199429784175,
    "theta_rel_TP9": 0.01961574051515631
  }
}