{
  "file_id": "F107",
  "participant_id": "107",
  "group_label": "never_practiced",
  "group_label_raw": "never_practiced",
  "sr_hz_used": 1000,
  "duration_s": 439.9579999446869,
  "good_window_frac": 0.3888888888888889,
  "features_median": {
    "alpha_abs_AF7": 0.9011187151544293,
    "alpha_abs_AF8": 1.087877342524319,
    "alpha_abs_TP10": 7.32543910014818,
    "alpha_abs_TP9": 3.9784853479997713,
    "alpha_rel_AF7": 0.1229489715386795,
    "alpha_rel_AF8": 0.12557716782837997,
    "alpha_rel_TP10": 0.002567889450566044,
    "alpha_rel_TP9": 0.001468118022719154,
    "beta_abs_AF7": 3.023194324120662,
    "beta_abs_AF8": 3.227120954776594,
    "beta_abs_TP10": 2735.762772279395,
    "beta_abs_TP9": 2655.002659423689,
    "beta_rel_AF7": 0.40540059227356007,
    "beta_rel_AF8": 0.34383089101255204,
    "beta_rel_TP10": 0.9832331799815515,
    "beta_rel_TP9": 0.98982836397236,
    "delta_abs_AF7": 0.37427663955001444,
    "delta_abs_AF8": 0.8715214381816774,
    "delta_abs_TP10": 6.259339238980404,
    "delta_abs_TP9": 3.7388302083472382,
    "delta_rel_AF7": 0.0532352409971515,
    "delta_rel_AF8": 0.10368072830140365,
    "delta_rel_TP10": 0.0022869866073523255,
    "delta_rel_TP9": 0.0013689210291610858,
    "frontal_alpha_asym": -0.18213777948276255,
    "gamma_abs_AF7": 1.38714235833102,
    "gamma_abs_AF8": 1.4701565960041163,
    "gamma_abs_TP10": 12.861104995075289,
    "gamma_abs_TP9": 8.382428148656524,
    "gamma_rel_AF7": 0.18629446521404122,
    "gamma_rel_AF8": 0.15483177327582587,
    "gamma_rel_TP10": 0.004540247426952183,
    "gamma_rel_TP9": 0.003137494483396716,
    "hjorth_activity_AF7": 7.586655778597891,
    "hjorth_activity_AF8": 9.510929674465409,
    "hjorth_activity_TP10": 2797.119623561534,
    "hjorth_activity_TP9": 2688.85968929545,
    "hjorth_complexity_AF7": 1.4898565969592839,
    "hjorth_complexity_AF8": 1.5721271568084263,
    "hjorth_complexity_TP10": 1.0141943656179033,
    "hjorth_complexity_TP9": 1.0112368397606275,
    "hjorth_mobility_AF7": 0.14057828309592305,
    "hjorth_mobility_AF8": 0.13020984522855125,
    "hjorth_mobility_TP10": 0.14899004263957247,
    "hjorth_mobility_TP9": 0.1513394172121231,
    "theta_abs_AF7": 0.7260882662398167,
    "theta_abs_AF8": 0.983131418862953,
    "theta_abs_TP10": 9.729753936396634,
    "theta_abs_TP9": 6.876281523176836,
    "theta_alpha_ratio_AF7": 0.7709955806519491,
    "theta_alpha_ratio_AF8": 0.9485457128344524,
    "theta_alpha_ratio_TP10": 1.4854022008397914,
    "theta_alpha_ratio_TP9": 1.6014167583289607,
    "theta_beta_ratio_AF7": 0.23256010520003573,
    "theta_beta_ratio_AF8": 0.3134207791439962,
    "theta_beta_ratio_TP10": 0.003538761902922772,
    "theta_beta_ratio_TP9": 0.002589933949320202,
    "theta_rel_AF7": 0.09648832964998705,
    "theta_rel_AF8": 0.11388576994366602,
    "theta_rel_TP10": 0.0034945272483640497,
    "theta_rel_TP9": 0.0025620398360326154
  },
  "features_iqr": {
    "alpha_abs_AF7": 0.20137143097609367,
    "alpha_abs_AF8": 0.4573416992139916,
    "alpha_abs_TP10": 2.91023374120328,
    "alpha_abs_TP9": 2.456905936084769,
    "alpha_rel_AF7": 0.018403203211222977,
    "alpha_rel_AF8": 0.02438043205309455,
    "alpha_rel_TP10": 0.001050705831998889,
    "alpha_rel_TP9": 0.0009328340468937294,
    "beta_abs_AF7": 0.40699970701308974,
    "beta_abs_AF8": 0.6148957965550288,
    "beta_abs_TP10": 55.63134964094479,
    "beta_abs_TP9": 72.34554864295114,
    "beta_rel_AF7": 0.04961081723996652,
    "beta_rel_AF8": 0.0871892125710319,
    "beta_rel_TP10": 0.005540233701703534,
    "beta_rel_TP9": 0.007394754663961445,
    "delta_abs_AF7": 0.2628057209867575,
    "delta_abs_AF8": 0.41528435230759686,
    "delta_abs_TP10": 8.116702146247633,
    "delta_abs_TP9": 7.327535738667791,
    "delta_rel_AF7": 0.030804881806968512,
    "delta_rel_AF8": 0.04343327705621247,
    "delta_rel_TP10": 0.002887275875620967,
    "delta_rel_TP9": 0.0027186905804814803,
    "frontal_alpha_asym": 0.32176356408684265,
    "gamma_abs_AF7": 0.21583156215679344,
    "gamma_abs_AF8": 0.4813127238371455,
    "gamma_abs_TP10": 4.5655779133047805,
    "gamma_abs_TP9": 3.333697402415485,
    "gamma_rel_AF7": 0.03894951508119829,
    "gamma_rel_AF8": 0.056350327213213924,
    "gamma_rel_TP10": 0.0017480735122060087,
    "gamma_rel_TP9": 0.001121041000825715,
    "hjorth_activity_AF7": 1.1263298423706738,
    "hjorth_activity_AF8": 1.2216165268628938,
    "hjorth_activity_TP10": 53.327244803321264,
    "hjorth_activity_TP9": 54.13022710310679,
    "hjorth_complexity_AF7": 0.09002025228893973,
    "hjorth_complexity_AF8": 0.11820453493454353,
    "hjorth_complexity_TP10": 0.005224624076441975,
    "hjorth_complexity_TP9": 0.0034324492239914406,
    "hjorth_mobility_AF7": 0.00643790691080226,
    "hjorth_mobility_AF8": 0.013820605979078623,
    "hjorth_mobility_TP10": 0.006457130330407429,
    "hjorth_mobility_TP9": 0.006141236539104061,
    "theta_abs_AF7": 0.13158933127928152,
    "theta_abs_AF8": 0.3670501961652902,
    "theta_abs_TP10": 7.146720994968106,
    "theta_abs_TP9": 2.117563244492695,
    "theta_alpha_ratio_AF7": 0.24472601246525727,
    "theta_alpha_ratio_AF8": 0.40731210637269344,
    "theta_alpha_ratio_TP10": 0.5440710232976771,
    "theta_alpha_ratio_TP9": 0.8097171210315617,
    "theta_beta_ratio_AF7": 0.03089315460690087,
    "theta_beta_ratio_AF8": 0.14294472126230148,
    "theta_beta_ratio_TP10": 0.0025917805014852363,
    "theta_beta_ratio_TP9": 0.0008773356598068072,
    "theta_rel_AF7": 0.0160524900327831,
    "theta_rel_AF8": 0.03089272514018733,
    "theta_rel_TP10": 0.002531888227732157,
    "theta_rel_TP9": 0.0008676793626798008
  }
}