{
  "file_id": "F108",
  "participant_id": "108",
  "group_label": "never_practiced",
  "group_label_raw": "never_practiced",
  "sr_hz_used": 1000,
  "duration_s": 370.15700006484985,
  "good_window_frac": 0.043478260869565216,
  "features_median": {
    "alpha_abs_AF7": 10.262540387311404,
    "alpha_abs_AF8": 1.940261818587196,
    "alpha_abs_TP10": 122.91728932872448,
    "alpha_abs_TP9": 119.25860054436687,
    "alpha_rel_AF7": 0.184155093475136,
    "alpha_rel_AF8": 0.18595748404254955,
    "alpha_rel_TP10": 0.20442321379447542,
    "alpha_rel_TP9": 0.22081693397182856,
    "beta_abs_AF7": 22.47238043106554,
    "beta_abs_AF8": 3.0558038596192443,
    "beta_abs_TP10": 222.7622913636339,
    "beta_abs_TP9": 198.1172290683199,
    "beta_rel_AF7": 0.4035582010693734,
    "beta_rel_AF8": 0.29729932993214153,
    "beta_rel_TP10": 0.37153485625526206,
    "beta_rel_TP9": 0.3663393546926136,
    "delta_abs_AF7": 1.2905669588103361,
    "delta_abs_AF8": 0.7686490375671582,
    "delta_abs_TP10": 17.027599722262543,
    "delta_abs_TP9": 7.323499544226394,
    "delta_rel_AF7": 0.02336520893206847,
    "delta_rel_AF8": 0.0781002855066224,
    "delta_rel_TP10": 0.028446306482492512,
    "delta_rel_TP9": 0.01282470693648759,
    "frontal_alpha_asym": 1.7117229351879173,
    "gamma_abs_AF7": 2.5495410191630556,
    "gamma_abs_AF8": 1.0899861887245987,
    "gamma_abs_TP10": 17.162764001566472,
    "gamma_abs_TP9": 15.930225761808146,
    "gamma_rel_AF7": 0.046057456867344915,
    "gamma_rel_AF8": 0.10668191472590721,
    "gamma_rel_TP10": 0.028736317288853497,
    "gamma_rel_TP9": 0.029877404913707627,
    "hjorth_activity_AF7": 53.29600813031819,
    "hjorth_activity_AF8": 10.203969735287423,
    "hjorth_activity_TP10": 567.9694222871274,
    "hjorth_activity_TP9": 505.90385627667877,
    "hjorth_complexity_AF7": 1.5794476582286618,
    "hjorth_complexity_AF8": 1.716818154880292,
    "hjorth_complexity_TP10": 1.5891105938251235,
    "hjorth_complexity_TP9": 1.579382095769184,
    "hjorth_mobility_AF7": 0.10025752786737875,
    "hjorth_mobility_AF8": 0.10943498001876331,
    "hjorth_mobility_TP10": 0.09120387330310961,
    "hjorth_mobility_TP9": 0.09216547667501704,
    "theta_abs_AF7": 10.41295061814871,
    "theta_abs_AF8": 2.085230597805012,
    "theta_abs_TP10": 122.1939723482864,
    "theta_abs_TP9": 109.54149094339977,
    "theta_alpha_ratio_AF7": 1.015354648518449,
    "theta_alpha_ratio_AF8": 1.1996621158121403,
    "theta_alpha_ratio_TP10": 0.9985421170760924,
    "theta_alpha_ratio_TP9": 0.9142735641847481,
    "theta_beta_ratio_AF7": 0.4632825017612161,
    "theta_beta_ratio_AF8": 0.7000722339377135,
    "theta_beta_ratio_TP10": 0.5489904132280765,
    "theta_beta_ratio_TP9": 0.5506427500795144,
    "theta_rel_AF7": 0.18696271534336462,
    "theta_rel_AF8": 0.2061310683109181,
    "theta_rel_TP10": 0.20351074959259868,
    "theta_rel_TP9": 0.20157756663536225
  },
  "features_iqr": {
    "alpha_abs_AF7": 0.8753322212279855,
    "alpha_abs_AF8": 0.5968087670618023,
    "alpha_abs_TP10": 10.617210754329491,
    "alpha_abs_TP9": 10.364524841133715,
    "alpha_rel_AF7": 0.0024443292980445563,
    "alpha_rel_AF8": 0.04173998311731136,
    "alpha_rel_TP10": 0.01198936581119045,
    "alpha_rel_TP9": 0.006333624309474567,
    "beta_abs_AF7": 1.6825523679864958,
    "beta_abs_AF8": 0.4369128290134179,
    "beta_abs_TP10": 3.570824054451748,
    "beta_abs_TP9": 19.49337526192599,
    "beta_rel_AF7": 0.0011237948417973653,
    "beta_rel_AF8": 0.016165635531243616,
    "beta_rel_TP10": 0.01630238196264383,
    "beta_rel_TP9": 0.0062659303281909495,
    "delta_abs_AF7": 0.048746864600563766,
    "delta_abs_AF8": 0.2671842326734204,
    "delta_abs_TP10": 1.2795347902032645,
    "delta_abs_TP9": 4.046298656576262,
    "delta_rel_AF7": 0.0025602562349062996,
    "delta_rel_AF8": 0.03309473201907157,
    "delta_rel_TP10": 0.0029242177816342016,
    "delta_rel_TP9": 0.005988540630632193,
    "frontal_alpha_asym": 0.23238179035563378,
    "gamma_abs_AF7": 0.018730179218318543,
    "gamma_abs_AF8": 0.08344750498610165,
    "gamma_abs_TP10": 2.671655338944829,
    "gamma_abs_TP9": 0.3836662546689169,
    "gamma_rel_AF7": 0.003657273414023249,
    "gamma_rel_AF8": 0.0013683765652737767,
    "gamma_rel_TP10": 0.005251313749892121,
    "gamma_rel_TP9": 0.004153001748476236,
    "hjorth_activity_AF7": 0.043339532884616006,
    "hjorth_activity_AF8": 0.475175242696503,
    "hjorth_activity_TP10": 28.202120230775563,
    "hjorth_activity_TP9": 23.755902160677692,
    "hjorth_complexity_AF7": 0.01839778155215055,
    "hjorth_complexity_AF8": 0.04302781953397816,
    "hjorth_complexity_TP10": 0.006737284630108142,
    "hjorth_complexity_TP9": 0.017269566990915308,
    "hjorth_mobility_AF7": 0.0016483624854827794,
    "hjorth_mobility_AF8": 0.0006849466276988708,
    "hjorth_mobility_TP10": 0.002035595251575817,
    "hjorth_mobility_TP9": 0.0025277646145102917,
    "theta_abs_AF7": 0.8047400340700612,
    "theta_abs_AF8": 0.07217939550072039,
    "theta_abs_TP10": 4.302384123868393,
    "theta_abs_TP9": 15.30407342016288,
    "theta_alpha_ratio_AF7": 0.008188285023037922,
    "theta_alpha_ratio_AF8": 0.40620717069142864,
    "theta_alpha_ratio_TP10": 0.05124867310859815,
    "theta_alpha_ratio_TP9": 0.04886911573652053,
    "theta_beta_ratio_AF7": 0.0011232883744758948,
    "theta_beta_ratio_AF8": 0.1237153800149896,
    "theta_beta_ratio_TP10": 0.0281139696433782,
    "theta_beta_ratio_TP9": 0.023068098009931037,
    "theta_rel_AF7": 0.0009739467214593123,
    "theta_rel_AF8": 0.025463387001394416,
    "theta_rel_TP10": 0.0014954682599435942,
    "theta_rel_TP9": 0.005000463031222341
  }
}