{
  "file_id": "F109",
  "participant_id": "109",
  "group_label": "never_practiced",
  "group_label_raw": "never_practiced",
  "sr_hz_used": 1000,
  "duration_s": 504.02300000190735,
  "good_window_frac": 0.031746031746031744,
  "features_median": {
    "alpha_abs_AF7": 16.931449652749848,
    "alpha_abs_AF8": 23.977993930382766,
    "alpha_abs_TP10": 182.09568397288865,
    "alpha_abs_TP9": 181.89132215342647,
    "alpha_rel_AF7": 0.18071376528913746,
    "alpha_rel_AF8": 0.19699708064686372,
    "alpha_rel_TP10": 0.24366498511225998,
    "alpha_rel_TP9": 0.22098476258172925,
    "beta_abs_AF7": 26.075553652553943,
    "beta_abs_AF8": 36.00203921060118,
    "beta_abs_TP10": 188.27293584500651,
    "beta_abs_TP9": 234.81309017250217,
    "beta_rel_AF7": 0.2681096833703357,
    "beta_rel_AF8": 0.28981592312771365,
    "beta_rel_TP10": 0.25234510048824765,
    "beta_rel_TP9": 0.27929238688047087,
    "delta_abs_AF7": 21.62056579213656,
    "delta_abs_AF8": 25.42100766785614,
    "delta_abs_TP10": 97.50006600230226,
    "delta_abs_TP9": 140.33321882328548,
    "delta_rel_AF7": 0.20002373449646307,
    "delta_rel_AF8": 0.19718164725782256,
    "delta_rel_TP10": 0.12708290127622443,
    "delta_rel_TP9": 0.1567564369939369,
    "frontal_alpha_asym": -0.3606046656838582,
    "gamma_abs_AF7": 4.752960472625354,
    "gamma_abs_AF8": 3.8171753602803635,
    "gamma_abs_TP10": 16.37326327573184,
    "gamma_abs_TP9": 15.347455672515917,
    "gamma_rel_AF7": 0.053530880625283356,
    "gamma_rel_AF8": 0.03084913775672939,
    "gamma_rel_TP10": 0.021592271558951305,
    "gamma_rel_TP9": 0.018856605691002896,
    "hjorth_activity_AF7": 96.31404945061145,
    "hjorth_activity_AF8": 126.4410235953323,
    "hjorth_activity_TP10": 817.9327344280234,
    "hjorth_activity_TP9": 839.3972295350906,
    "hjorth_complexity_AF7": 1.8697211011474875,
    "hjorth_complexity_AF8": 1.8442393069873977,
    "hjorth_complexity_TP10": 1.803575539129949,
    "hjorth_complexity_TP9": 1.7424492238675997,
    "hjorth_mobility_AF7": 0.09146392849827004,
    "hjorth_mobility_AF8": 0.08310373668669847,
    "hjorth_mobility_TP10": 0.07872113461261307,
    "hjorth_mobility_TP9": 0.07974207053409868,
    "theta_abs_AF7": 12.934630273204757,
    "theta_abs_AF8": 16.986253557942526,
    "theta_abs_TP10": 131.08766152907623,
    "theta_abs_TP9": 139.2223727547559,
    "theta_alpha_ratio_AF7": 0.7542471535032098,
    "theta_alpha_ratio_AF8": 0.7080070135032432,
    "theta_alpha_ratio_TP10": 0.7220540438661607,
    "theta_alpha_ratio_TP9": 0.7704955943280074,
    "theta_beta_ratio_AF7": 0.5029984865038823,
    "theta_beta_ratio_AF8": 0.48109189806798247,
    "theta_beta_ratio_TP10": 0.6972764819685013,
    "theta_beta_ratio_TP9": 0.590639559881333,
    "theta_rel_AF7": 0.13488216720206392,
    "theta_rel_AF8": 0.1398555827292685,
    "theta_rel_TP10": 0.17623535770421447,
    "theta_rel_TP9": 0.1647379465046233
  },
  "features_iqr": {
    "alpha_abs_AF7": 2.7391501894692976,
    "alpha_abs_AF8": 0.8437488736236354,
    "alpha_abs_TP10": 11.636132263972058,
    "alpha_abs_TP9": 6.701410863737578,
    "alpha_rel_AF7": 0.023709155451822644,
    "alpha_rel_AF8": 0.03319481994822618,
    "alpha_rel_TP10": 0.008715979076542674,
    "alpha_rel_TP9": 0.040101875310257495,
    "beta_abs_AF7": 7.3954640236106215,
    "beta_abs_AF8": 4.174871825072572,
    "beta_abs_TP10": 8.937638969703869,
    "beta_abs_TP9": 25.384149252359578,
    "beta_rel_AF7": 0.0009544306959857196,
    "beta_rel_AF8": 0.0053428902111452015,
    "beta_rel_TP10": 0.013177216593538266,
    "beta_rel_TP9": 0.010639771094795025,
    "delta_abs_AF7": 13.070374226740343,
    "delta_abs_AF8": 9.747808267652921,
    "delta_abs_TP10": 31.495001471012273,
    "delta_abs_TP9": 72.91056288375158,
    "delta_rel_AF7": 0.07686855888766156,
    "delta_rel_AF8": 0.05183151665553978,
    "delta_rel_TP10": 0.02935636345100666,
    "delta_rel_TP9": 0.06341692027247864,
    "frontal_alpha_asym": 0.19841580315949425,
    "gamma_abs_AF7": 0.10346424112656383,
    "gamma_abs_AF8": 0.3323765046585745,
    "gamma_abs_TP10": 3.413670394493483,
    "gamma_abs_TP9": 1.7621577929534826,
    "gamma_rel_AF7": 0.016420047828016773,
    "gamma_rel_AF8": 0.0014681929843536959,
    "gamma_rel_TP10": 0.002404408432063892,
    "gamma_rel_TP9": 0.004829839612933151,
    "hjorth_activity_AF7": 24.168623221192917,
    "hjorth_activity_AF8": 9.301508749544126,
    "hjorth_activity_TP10": 2.7378169390763105,
    "hjorth_activity_TP9": 186.98645700205884,
    "hjorth_complexity_AF7": 0.09706814785329598,
    "hjorth_complexity_AF8": 0.04941649385780078,
    "hjorth_complexity_TP10": 0.03644908382092926,
    "hjorth_complexity_TP9": 0.02975332576738121,
    "hjorth_mobility_AF7": 0.00799090839616394,
    "hjorth_mobility_AF8": 0.002559893638414884,
    "hjorth_mobility_TP10": 0.0012572652496745523,
    "hjorth_mobility_TP9": 0.003522879187093972,
    "theta_abs_AF7": 3.0805453154884592,
    "theta_abs_AF8": 0.8720634475351012,
    "theta_abs_TP10": 2.216375714716264,
    "theta_abs_TP9": 19.918457234543183,
    "theta_alpha_ratio_AF7": 0.05992098153855541,
    "theta_alpha_ratio_AF8": 0.011455642543392375,
    "theta_alpha_ratio_TP10": 0.033968628506138465,
    "theta_alpha_ratio_TP9": 0.13789478510512965,
    "theta_beta_ratio_AF7": 0.024519590414102288,
    "theta_beta_ratio_AF8": 0.08001103607490989,
    "theta_beta_ratio_TP10": 0.021328767861192977,
    "theta_beta_ratio_TP9": 0.020976575405352804,
    "theta_rel_AF7": 0.007054016817850811,
    "theta_rel_AF8": 0.02575889347330465,
    "theta_rel_TP10": 0.014570373297702721,
    "theta_rel_TP9": 0.00042567190312878256
  }
}