{
  "file_id": "F111",
  "participant_id": "111",
  "group_label": "never_practiced",
  "group_label_raw": "never_practiced",
  "sr_hz_used": 1000,
  "duration_s": 362.1670000553131,
  "good_window_frac": 0.1111111111111111,
  "features_median": {
    "alpha_abs_AF7": 2.4079381008215,
    "alpha_abs_AF8": 54.346463976356944,
    "alpha_abs_TP10": 5.161120342587065,
    "alpha_abs_TP9": 4.59612320699575,
    "alpha_rel_AF7": 0.14734649608153513,
    "alpha_rel_AF8": 0.1614990755491403,
    "alpha_rel_TP10": 0.1350199874976998,
    "alpha_rel_TP9": 0.14072564519158165,
    "beta_abs_AF7": 5.222305708912884,
    "beta_abs_AF8": 71.45375734721162,
    "beta_abs_TP10": 8.322610758729521,
    "beta_abs_TP9": 9.005987851374092,
    "beta_rel_AF7": 0.25366172529494335,
    "beta_rel_AF8": 0.3454236373195233,
    "beta_rel_TP10": 0.24047200897875448,
    "beta_rel_TP9": 0.29376778468000936,
    "delta_abs_AF7": 3.0350990030358074,
    "delta_abs_AF8": 45.26476151713299,
    "delta_abs_TP10": 3.5649237820347577,
    "delta_abs_TP9": 3.720525085003432,
    "delta_rel_AF7": 0.1857237124182365,
    "delta_rel_AF8": 0.07532761769311688,
    "delta_rel_TP10": 0.10892546714388049,
    "delta_rel_TP9": 0.14265725101808796,
    "frontal_alpha_asym": -3.1443268796126227,
    "gamma_abs_AF7": 1.370394665220481,
    "gamma_abs_AF8": 15.04785147143356,
    "gamma_abs_TP10": 4.231336913723715,
    "gamma_abs_TP9": 2.688868704431559,
    "gamma_rel_AF7": 0.08501243864480561,
    "gamma_rel_AF8": 0.06523827743720288,
    "gamma_rel_TP10": 0.09488572850929997,
    "gamma_rel_TP9": 0.09274346751375752,
    "hjorth_activity_AF7": 19.07442076679948,
    "hjorth_activity_AF8": 299.7327160659601,
    "hjorth_activity_TP10": 35.84445888093305,
    "hjorth_activity_TP9": 29.079995204170956,
    "hjorth_complexity_AF7": 1.9161989529755465,
    "hjorth_complexity_AF8": 1.65965451314096,
    "hjorth_complexity_TP10": 1.8241145118484163,
    "hjorth_complexity_TP9": 1.7495398420270938,
    "hjorth_mobility_AF7": 0.10013193370216511,
    "hjorth_mobility_AF8": 0.10561872152291797,
    "hjorth_mobility_TP10": 0.10722808395964094,
    "hjorth_mobility_TP9": 0.10882972070060981,
    "theta_abs_AF7": 2.643712518434652,
    "theta_abs_AF8": 61.047984498478435,
    "theta_abs_TP10": 8.275836964102611,
    "theta_abs_TP9": 4.586802502090712,
    "theta_alpha_ratio_AF7": 1.0782769196126827,
    "theta_alpha_ratio_AF8": 0.9659577496124482,
    "theta_alpha_ratio_TP10": 1.7043047771358346,
    "theta_alpha_ratio_TP9": 1.1527953674151028,
    "theta_beta_ratio_AF7": 0.6862456983509403,
    "theta_beta_ratio_AF8": 0.45162307013065756,
    "theta_beta_ratio_TP10": 1.1465878993490115,
    "theta_beta_ratio_TP9": 0.5983904048354718,
    "theta_rel_AF7": 0.16400271686096418,
    "theta_rel_AF8": 0.15600128358194504,
    "theta_rel_TP10": 0.21974187839241166,
    "theta_rel_TP9": 0.16222787185339999
  },
  "features_iqr": {
    "alpha_abs_AF7": 1.1339101677512025,
    "alpha_abs_AF8": 106.10563419837993,
    "alpha_abs_TP10": 0.5765366501379017,
    "alpha_abs_TP9": 2.343513442342104,
    "alpha_rel_AF7": 0.03152081704221371,
    "alpha_rel_AF8": 0.04270153011939368,
    "alpha_rel_TP10": 0.021742920397117046,
    "alpha_rel_TP9": 0.02692889943615076,
    "beta_abs_AF7": 1.089181148974947,
    "beta_abs_AF8": 452.8877748600653,
    "beta_abs_TP10": 0.4354586957265578,
    "beta_abs_TP9": 0.596050989036506,
    "beta_rel_AF7": 0.026653476876415172,
    "beta_rel_AF8": 0.2118102513902489,
    "beta_rel_TP10": 0.06382345292090433,
    "beta_rel_TP9": 0.06854134543580415,
    "delta_abs_AF7": 0.5137504905424808,
    "delta_abs_AF8": 28.947316349361728,
    "delta_abs_TP10": 2.8346797657214937,
    "delta_abs_TP9": 1.8665792965201113,
    "delta_rel_AF7": 0.04061671325168903,
    "delta_rel_AF8": 0.03589040704778601,
    "delta_rel_TP10": 0.058975614168694665,
    "delta_rel_TP9": 0.07014214286793298,
    "frontal_alpha_asym": 1.623780462677023,
    "gamma_abs_AF7": 1.360388609381618,
    "gamma_abs_AF8": 82.11649488833028,
    "gamma_abs_TP10": 1.4252933473295082,
    "gamma_abs_TP9": 1.1926580200022059,
    "gamma_rel_AF7": 0.016828669832867044,
    "gamma_rel_AF8": 0.027944030731118806,
    "gamma_rel_TP10": 0.03935123103532481,
    "gamma_rel_TP9": 0.014425706289583076,
    "hjorth_activity_AF7": 7.08738801489546,
    "hjorth_activity_AF8": 797.8477732981273,
    "hjorth_activity_TP10": 15.343233058067355,
    "hjorth_activity_TP9": 1.7318162982794227,
    "hjorth_complexity_AF7": 0.06512785998310244,
    "hjorth_complexity_AF8": 0.3926051728499902,
    "hjorth_complexity_TP10": 0.3678677435128106,
    "hjorth_complexity_TP9": 0.11049225059264067,
    "hjorth_mobility_AF7": 0.0005376652173690322,
    "hjorth_mobility_AF8": 0.02334829152800505,
    "hjorth_mobility_TP10": 0.016814522926812056,
    "hjorth_mobility_TP9": 0.007536919982925355,
    "theta_abs_AF7": 2.646750914439729,
    "theta_abs_AF8": 32.9187522661072,
    "theta_abs_TP10": 2.623042840452266,
    "theta_abs_TP9": 1.2459215290154546,
    "theta_alpha_ratio_AF7": 0.12118546697967769,
    "theta_alpha_ratio_AF8": 0.576130124744963,
    "theta_alpha_ratio_TP10": 0.4825483086819553,
    "theta_alpha_ratio_TP9": 0.163574461634588,
    "theta_beta_ratio_AF7": 0.3674421717917591,
    "theta_beta_ratio_AF8": 0.6898093161526966,
    "theta_beta_ratio_TP10": 0.3903130522080813,
    "theta_beta_ratio_TP9": 0.15283961717923084,
    "theta_rel_AF7": 0.019275000394853053,
    "theta_rel_AF8": 0.14483988180743546,
    "theta_rel_TP10": 0.07142880136949181,
    "theta_rel_TP9": 0.02333106742609034
  }
}