{
  "file_id": "F112",
  "participant_id": "112",
  "group_label": "beginner",
  "group_label_raw": "beginner",
  "sr_hz_used": 1000,
  "duration_s": 369.2279999256134,
  "good_window_frac": 0.2391304347826087,
  "features_median": {
    "alpha_abs_AF7": 0.8197911626052464,
    "alpha_abs_AF8": 0.813435920478287,
    "alpha_abs_TP10": 5.1876158159213075,
    "alpha_abs_TP9": 5.425852978011339,
    "alpha_rel_AF7": 0.13789067905005575,
    "alpha_rel_AF8": 0.08395020658965184,
    "alpha_rel_TP10": 0.08565063254059183,
    "alpha_rel_TP9": 0.10886020182784507,
    "beta_abs_AF7": 2.2185516003674572,
    "beta_abs_AF8": 2.499959100022517,
    "beta_abs_TP10": 9.469315711512891,
    "beta_abs_TP9": 11.427606122654435,
    "beta_rel_AF7": 0.3644733760138538,
    "beta_rel_AF8": 0.27107743548311564,
    "beta_rel_TP10": 0.1345132372120231,
    "beta_rel_TP9": 0.31086202844064803,
    "delta_abs_AF7": 0.4768139509491439,
    "delta_abs_AF8": 2.238414476119522,
    "delta_abs_TP10": 18.824389747132372,
    "delta_abs_TP9": 4.715492783919547,
    "delta_rel_AF7": 0.09075720441878198,
    "delta_rel_AF8": 0.26867813388244993,
    "delta_rel_TP10": 0.2478681291693112,
    "delta_rel_TP9": 0.08666288402227634,
    "frontal_alpha_asym": 0.09300062545208457,
    "gamma_abs_AF7": 0.8773883434595817,
    "gamma_abs_AF8": 0.9191221952232187,
    "gamma_abs_TP10": 5.734130680287295,
    "gamma_abs_TP9": 5.860916663522853,
    "gamma_rel_AF7": 0.1632547955736926,
    "gamma_rel_AF8": 0.09941187721078049,
    "gamma_rel_TP10": 0.14012859877109912,
    "gamma_rel_TP9": 0.14743530526863177,
    "hjorth_activity_AF7": 5.819464416782501,
    "hjorth_activity_AF8": 9.132887159225044,
    "hjorth_activity_TP10": 73.38619040369682,
    "hjorth_activity_TP9": 37.76912092493482,
    "hjorth_complexity_AF7": 1.5236018893651677,
    "hjorth_complexity_AF8": 1.8369006757092279,
    "hjorth_complexity_TP10": 2.1669596943259695,
    "hjorth_complexity_TP9": 1.625345942026874,
    "hjorth_mobility_AF7": 0.13046228168807472,
    "hjorth_mobility_AF8": 0.10708125390422422,
    "hjorth_mobility_TP10": 0.10344888856012587,
    "hjorth_mobility_TP9": 0.12945967942671335,
    "theta_abs_AF7": 0.6127577169423275,
    "theta_abs_AF8": 1.20453103344882,
    "theta_abs_TP10": 13.677728223246158,
    "theta_abs_TP9": 5.578735672265314,
    "theta_alpha_ratio_AF7": 0.713662489905887,
    "theta_alpha_ratio_AF8": 1.769442453202304,
    "theta_alpha_ratio_TP10": 2.1937485874419353,
    "theta_alpha_ratio_TP9": 0.8957278912736332,
    "theta_beta_ratio_AF7": 0.2687074254472732,
    "theta_beta_ratio_AF8": 0.4709278048951954,
    "theta_beta_ratio_TP10": 1.365502511673201,
    "theta_beta_ratio_TP9": 0.49126076991281314,
    "theta_rel_AF7": 0.10056142259276497,
    "theta_rel_AF8": 0.12765790164873878,
    "theta_rel_TP10": 0.15901748982209515,
    "theta_rel_TP9": 0.1430875700537128
  },
  "features_iqr": {
    "alpha_abs_AF7": 0.2540783013966319,
    "alpha_abs_AF8": 0.1879596770490375,
    "alpha_abs_TP10": 3.1843705028957228,
    "alpha_abs_TP9": 3.7475453053201595,
    "alpha_rel_AF7": 0.013210615002416048,
    "alpha_rel_AF8": 0.03203247037645543,
    "alpha_rel_TP10": 0.03593645099157754,
    "alpha_rel_TP9": 0.06188041705151928,
    "beta_abs_AF7": 0.2900159693160269,
    "beta_abs_AF8": 0.3898002718647895,
    "beta_abs_TP10": 1.2745596063537032,
    "beta_abs_TP9": 3.4160014862361425,
    "beta_rel_AF7": 0.055649468924019896,
    "beta_rel_AF8": 0.05592498431597287,
    "beta_rel_TP10": 0.05723078488397358,
    "beta_rel_TP9": 0.1190819018303012,
    "delta_abs_AF7": 0.289616347716641,
    "delta_abs_AF8": 1.3402923942273353,
    "delta_abs_TP10": 22.3713946213988,
    "delta_abs_TP9": 4.520320661330835,
    "delta_rel_AF7": 0.0264226098594518,
    "delta_rel_AF8": 0.11440023675008759,
    "delta_rel_TP10": 0.19715609083677998,
    "delta_rel_TP9": 0.05632580579941099,
    "frontal_alpha_asym": 0.4539857395808543,
    "gamma_abs_AF7": 0.5036081674203485,
    "gamma_abs_AF8": 0.5026498251428855,
    "gamma_abs_TP10": 13.862096072910294,
    "gamma_abs_TP9": 12.404859021003775,
    "gamma_rel_AF7": 0.03559240028188579,
    "gamma_rel_AF8": 0.03914454859655481,
    "gamma_rel_TP10": 0.15696895475557648,
    "gamma_rel_TP9": 0.17833929082962366,
    "hjorth_activity_AF7": 1.8820813281174456,
    "hjorth_activity_AF8": 0.45240019689301114,
    "hjorth_activity_TP10": 34.705689949205535,
    "hjorth_activity_TP9": 29.434790436301697,
    "hjorth_complexity_AF7": 0.043458429246448604,
    "hjorth_complexity_AF8": 0.22495042153427058,
    "hjorth_complexity_TP10": 0.7014425984115098,
    "hjorth_complexity_TP9": 0.13579008971128825,
    "hjorth_mobility_AF7": 0.006839912121183234,
    "hjorth_mobility_AF8": 0.01593376323539991,
    "hjorth_mobility_TP10": 0.04053326970132645,
    "hjorth_mobility_TP9": 0.02404251974590818,
    "theta_abs_AF7": 0.15379560712057794,
    "theta_abs_AF8": 0.4820202913187175,
    "theta_abs_TP10": 9.463236647070914,
    "theta_abs_TP9": 5.504744161711128,
    "theta_alpha_ratio_AF7": 0.11743363485056957,
    "theta_alpha_ratio_AF8": 0.7904132966179063,
    "theta_alpha_ratio_TP10": 0.9696618773446557,
    "theta_alpha_ratio_TP9": 0.6683743420417938,
    "theta_beta_ratio_AF7": 0.08192825503766957,
    "theta_beta_ratio_AF8": 0.17324383057936643,
    "theta_beta_ratio_TP10": 0.7337232242221285,
    "theta_beta_ratio_TP9": 0.26869013301406175,
    "theta_rel_AF7": 0.024773511933615933,
    "theta_rel_AF8": 0.011275685484529022,
    "theta_rel_TP10": 0.05521551925554341,
    "theta_rel_TP9": 0.0440867116008241
  }
}