{
  "file_id": "F113",
  "participant_id": "113",
  "group_label": "beginner",
  "group_label_raw": "beginner",
  "sr_hz_used": 1000,
  "duration_s": 372.42700004577637,
  "good_window_frac": 0.06521739130434782,
  "features_median": {
    "alpha_abs_AF7": 1.4359144658554546,
    "alpha_abs_AF8": 1.625930250816563,
    "alpha_abs_TP10": 43.4965449570126,
    "alpha_abs_TP9": 4.0434890550371705,
    "alpha_rel_AF7": 0.12238714678901916,
    "alpha_rel_AF8": 0.15245822140512305,
    "alpha_rel_TP10": 0.18666758089486585,
    "alpha_rel_TP9": 0.0017152338471049643,
    "beta_abs_AF7": 4.26710003349071,
    "beta_abs_AF8": 3.3612687585152026,
    "beta_abs_TP10": 46.80319378610963,
    "beta_abs_TP9": 2330.5519666546234,
    "beta_rel_AF7": 0.33264677149087596,
    "beta_rel_AF8": 0.3007050332633879,
    "beta_rel_TP10": 0.2197167574950899,
    "beta_rel_TP9": 0.9896913838150209,
    "delta_abs_AF7": 1.210659974539452,
    "delta_abs_AF8": 1.7295459661639245,
    "delta_abs_TP10": 27.542394709641584,
    "delta_abs_TP9": 1.5953087554387024,
    "delta_rel_AF7": 0.10216271539901717,
    "delta_rel_AF8": 0.16260408674925533,
    "delta_rel_TP10": 0.1292972801580125,
    "delta_rel_TP9": 0.0006786725566574833,
    "frontal_alpha_asym": -0.09736081656567733,
    "gamma_abs_AF7": 1.1387636955640397,
    "gamma_abs_AF8": 1.22263029504296,
    "gamma_abs_TP10": 10.703810100959034,
    "gamma_abs_TP9": 8.897469632109786,
    "gamma_rel_AF7": 0.09706012640799709,
    "gamma_rel_AF8": 0.10707930599934283,
    "gamma_rel_TP10": 0.050248845388065906,
    "gamma_rel_TP9": 0.002947795132536543,
    "hjorth_activity_AF7": 11.75475643365705,
    "hjorth_activity_AF8": 10.51266632938035,
    "hjorth_activity_TP10": 225.5191100023788,
    "hjorth_activity_TP9": 2372.0444932749456,
    "hjorth_complexity_AF7": 1.7195446067725866,
    "hjorth_complexity_AF8": 1.7327601025113162,
    "hjorth_complexity_TP10": 1.9372943448857893,
    "hjorth_complexity_TP9": 1.009960068262085,
    "hjorth_mobility_AF7": 0.11117835896031539,
    "hjorth_mobility_AF8": 0.1110365870170358,
    "hjorth_mobility_TP10": 0.08606659073163415,
    "hjorth_mobility_TP9": 0.15066779429824995,
    "theta_abs_AF7": 2.458738165166959,
    "theta_abs_AF8": 1.4148754770804701,
    "theta_abs_TP10": 44.5950719518637,
    "theta_abs_TP9": 7.160522108001835,
    "theta_alpha_ratio_AF7": 1.7123151995689652,
    "theta_alpha_ratio_AF8": 1.0490360194422754,
    "theta_alpha_ratio_TP10": 1.1593012075133131,
    "theta_alpha_ratio_TP9": 1.657579804933184,
    "theta_beta_ratio_AF7": 0.6299937039507865,
    "theta_beta_ratio_AF8": 0.4774988023922332,
    "theta_beta_ratio_TP10": 0.9671162536122065,
    "theta_beta_ratio_TP9": 0.00203311680089957,
    "theta_rel_AF7": 0.20956537167886152,
    "theta_rel_AF8": 0.14358629325663283,
    "theta_rel_TP10": 0.21530965744081193,
    "theta_rel_TP9": 0.002012844931668634
  },
  "features_iqr": {
    "alpha_abs_AF7": 2.218903049568977,
    "alpha_abs_AF8": 0.6953287041460965,
    "alpha_abs_TP10": 76.61403515597058,
    "alpha_abs_TP9": 2.938634945867457,
    "alpha_rel_AF7": 0.06794465776840158,
    "alpha_rel_AF8": 0.02034520048518998,
    "alpha_rel_TP10": 0.027935059057165895,
    "alpha_rel_TP9": 0.00027972862316909286,
    "beta_abs_AF7": 0.39949755590680436,
    "beta_abs_AF8": 0.8594885619992576,
    "beta_abs_TP10": 64.62876250540681,
    "beta_abs_TP9": 1270.9191753368964,
    "beta_rel_AF7": 0.08934430963391926,
    "beta_rel_AF8": 0.009476849706848034,
    "beta_rel_TP10": 0.04477925143819439,
    "beta_rel_TP9": 0.0013177510112671875,
    "delta_abs_AF7": 0.2412751934899675,
    "delta_abs_AF8": 0.07434046347805667,
    "delta_abs_TP10": 175.28898032994306,
    "delta_abs_TP9": 3.3432879036937635,
    "delta_rel_AF7": 0.016966194383314148,
    "delta_rel_AF8": 0.02737893592696017,
    "delta_rel_TP10": 0.08823077433038445,
    "delta_rel_TP9": 0.0005786197836052851,
    "frontal_alpha_asym": 0.4368416419483826,
    "gamma_abs_AF7": 0.0454281233300462,
    "gamma_abs_AF8": 0.11328651477454921,
    "gamma_abs_TP10": 5.475908172403457,
    "gamma_abs_TP9": 3.172901543135115,
    "gamma_rel_AF7": 0.03031516911137941,
    "gamma_rel_AF8": 0.01874622398285028,
    "gamma_rel_TP10": 0.01901083398466808,
    "gamma_rel_TP9": 0.000538777942617042,
    "hjorth_activity_AF7": 5.148457120731173,
    "hjorth_activity_AF8": 2.73387338102226,
    "hjorth_activity_TP10": 671.2158402735402,
    "hjorth_activity_TP9": 1134.8052364810528,
    "hjorth_complexity_AF7": 0.1989311951618029,
    "hjorth_complexity_AF8": 0.012328497112143122,
    "hjorth_complexity_TP10": 0.3477151313331679,
    "hjorth_complexity_TP9": 0.0027376197319854967,
    "hjorth_mobility_AF7": 0.013883707918842872,
    "hjorth_mobility_AF8": 0.00265661018621606,
    "hjorth_mobility_TP10": 0.01616855377276409,
    "hjorth_mobility_TP9": 0.0020104680418576437,
    "theta_abs_AF7": 2.3775980863375494,
    "theta_abs_AF8": 0.6722520907059175,
    "theta_abs_TP10": 115.88081632131377,
    "theta_abs_TP9": 2.586838296319267,
    "theta_alpha_ratio_AF7": 0.3736057673797204,
    "theta_alpha_ratio_AF8": 0.1372908090058944,
    "theta_alpha_ratio_TP10": 0.21318259272275775,
    "theta_alpha_ratio_TP9": 0.3182451288576351,
    "theta_beta_ratio_AF7": 0.48125981312275234,
    "theta_beta_ratio_AF8": 0.08430590000581273,
    "theta_beta_ratio_TP10": 0.32576494272571965,
    "theta_beta_ratio_TP9": 0.0005209197987184693,
    "theta_rel_AF7": 0.04853079655684972,
    "theta_rel_AF8": 0.020990708044833384,
    "theta_rel_TP10": 0.003526591480907171,
    "theta_rel_TP9": 0.0005126550669185596
  }
}