{
  "theta_beta_ratio_AF7__median": 1.7742471079834707,
  "frontal_alpha_asym__median": 1.4628218323932975,
  "theta_beta_ratio_AF8__iqr": 0.9047570379745266,
  "theta_rel_AF8__iqr": 0.8850982686717915,
  "theta_beta_ratio_AF7__iqr": 0.4230362937594432
}